,Unnamed: 0,X,Y,ACCIDENT_NO,ACCIDENT_DATE,ACCIDENT_TIME,ALCOHOLTIME,ACCIDENT_TYPE,DAY_OF_WEEK,DCA_CODE,HIT_RUN_FLAG,LIGHT_CONDITION,ROAD_GEOMETRY,SEVERITY,SPEED_ZONE,RUN_OFFROAD,NODE_TYPE,LGA_NAME,REGION_NAME,TOTAL_PERSONS,INJ_OR_FATAL,FATALITY,SERIOUSINJURY,OTHERINJURY,NONINJURED,MALES,FEMALES,BICYCLIST,PASSENGER,DRIVER,PEDESTRIAN,PILLION,MOTORIST,UNKNOWN,PED_CYCLIST_5_12,PED_CYCLIST_13_18,OLD_PEDESTRIAN,OLD_DRIVER,YOUNG_DRIVER,ALCOHOL_RELATED,UNLICENCSED,NO_OF_VEHICLES,HEAVYVEHICLE,PASSENGERVEHICLE,MOTORCYCLE,PUBLICVEHICLE,RMA,RMA_ALL,DIVIDED,DIVIDED_ALL,STAT_DIV_NAME,Surface Cond Desc,Atmosph Cond Desc,no_male_driver,no_female_driver,avg_age_male,avg_age_female,year
110,110,146.5519576039258,-38.1959205159089,T20140014837,2014-07-18,17,Yes,Collision with vehicle,Friday,RIGHT NEAR (INTERSECTIONS ONLY),No,Dusk/Dawn,T intersection,Fatal accident,60,No,Intersection,LATROBE,EASTERN REGION,3,1,1,0,0,2,2,1,0,1,2,0,0,0,0,0,0,0,1,0,No,0,2,0,2,0,0,Local Road,Local Road,Undivided,Undiv,Country,Wet,Clear,1,1,28.0,79.0,2014
111,111,143.22836988089898,-38.69993044651093,T20140015251,2014-07-24,13,No,Collision with a fixed object,Thursday,OFF LEFT BEND INTO OBJECT/PARKED VEHICLE,No,Day,Not at intersection,Fatal accident,80,Yes,Non-Intersection,CORANGAMITE,SOUTH WESTERN REGION,7,7,2,5,0,0,4,2,0,6,1,0,0,0,0,0,0,0,0,0,No,0,1,0,0,0,0,Arterial Highway,Arterial Highway,Undivided,Undiv,Country,Wet,Clear,1,0,37.0,,2014
112,112,143.22836988089898,-38.69993044651093,T20140015251,2014-07-24,13,No,Collision with a fixed object,Thursday,OFF LEFT BEND INTO OBJECT/PARKED VEHICLE,No,Day,Not at intersection,Fatal accident,80,Yes,Non-Intersection,CORANGAMITE,SOUTH WESTERN REGION,7,7,2,5,0,0,4,2,0,6,1,0,0,0,0,0,0,0,0,0,No,0,1,0,0,0,0,Arterial Highway,Arterial Highway,Undivided,Undiv,Country,Wet,Clear,1,0,37.0,,2014
113,113,144.35838740269654,-38.07883993245297,T20140014112,2014-07-09,10,No,Struck Pedestrian,Wednesday,PED NEAR SIDE. PED HIT BY VEHICLE FROM THE RIGHT.,No,Day,Not at intersection,Fatal accident,60,No,Non-Intersection,GEELONG,SOUTH WESTERN REGION,2,1,1,0,0,1,1,1,0,0,1,1,0,0,0,0,0,1,0,0,No,0,1,0,1,0,0,Arterial Other,Arterial Other,Undivided,Undiv,Country,Wet,Raining,0,1,,39.0,2014
114,114,144.96180069780326,-37.713362071447705,T20140014899,2014-07-19,15,Yes,Collision with vehicle,Saturday,RIGHT NEAR (INTERSECTIONS ONLY),No,Day,T intersection,Fatal accident,70,No,Intersection,MORELAND,METROPOLITAN NORTH WEST REGION,2,2,1,0,1,0,1,1,0,0,1,0,0,1,0,0,0,0,0,0,No,0,2,0,1,1,0,Arterial Other,"Arterial Other,Local Road",Divided,"Div,Undiv",Metro,Dry,Clear,1,1,27.0,69.0,2014
115,115,146.4516659104312,-36.212408312513155,T20140014131,2014-07-09,14,No,Collision with a fixed object,Wednesday,LEFT OFF CARRIAGEWAY INTO OBJECT/PARKED VEHICLE,No,Day,Not at intersection,Fatal accident,110,Yes,Non-Intersection,WANGARATTA,NORTH EASTERN REGION,4,4,1,2,1,0,2,2,0,3,1,0,0,0,0,0,0,0,1,0,No,0,1,0,1,0,0,Freeway,Freeway,Divided,Div,Country,Wet,Raining,1,0,90.0,,2014
116,116,146.4516659104312,-36.212408312513155,T20140014131,2014-07-09,14,No,Collision with a fixed object,Wednesday,LEFT OFF CARRIAGEWAY INTO OBJECT/PARKED VEHICLE,No,Day,Not at intersection,Fatal accident,110,Yes,Non-Intersection,WANGARATTA,NORTH EASTERN REGION,4,4,1,2,1,0,2,2,0,3,1,0,0,0,0,0,0,0,1,0,No,0,1,0,1,0,0,Freeway,Freeway,Divided,Div,Country,Wet,Strong winds,1,0,90.0,,2014
117,117,146.4516659104312,-36.212408312513155,T20140014131,2014-07-09,14,No,Collision with a fixed object,Wednesday,LEFT OFF CARRIAGEWAY INTO OBJECT/PARKED VEHICLE,No,Day,Not at intersection,Fatal accident,110,Yes,Non-Intersection,WANGARATTA,NORTH EASTERN REGION,4,4,1,2,1,0,2,2,0,3,1,0,0,0,0,0,0,0,1,0,No,0,1,0,1,0,0,Freeway,Freeway,Divided,Div,Country,Icy,Raining,1,0,90.0,,2014
118,118,146.4516659104312,-36.212408312513155,T20140014131,2014-07-09,14,No,Collision with a fixed object,Wednesday,LEFT OFF CARRIAGEWAY INTO OBJECT/PARKED VEHICLE,No,Day,Not at intersection,Fatal accident,110,Yes,Non-Intersection,WANGARATTA,NORTH EASTERN REGION,4,4,1,2,1,0,2,2,0,3,1,0,0,0,0,0,0,0,1,0,No,0,1,0,1,0,0,Freeway,Freeway,Divided,Div,Country,Icy,Strong winds,1,0,90.0,,2014
119,119,145.2297438987289,-37.94501052044102,T20140014162,2014-07-09,18,Yes,Collision with a fixed object,Wednesday,RIGHT OFF CARRIAGEWAY INTO OBJECT/PARKED VEHICLE,No,Dusk/Dawn,Not at intersection,Fatal accident,80,Yes,Non-Intersection,KNOX,METROPOLITAN SOUTH EAST REGION,4,1,1,0,0,3,0,4,0,2,2,0,0,0,0,0,0,0,1,0,No,0,2,0,2,0,0,Arterial Highway,Arterial Highway,Divided,Div,Metro,Wet,Raining,0,2,,61.0,2014
120,120,144.92504680697158,-37.827304528656285,T20140013804,2014-07-05,4,Yes,Collision with a fixed object,Saturday,OFF LEFT BEND INTO OBJECT/PARKED VEHICLE,No,Dark Street lights on,Not at intersection,Fatal accident,60,Yes,Intersection,MELBOURNE,METROPOLITAN NORTH WEST REGION,1,1,1,0,0,0,1,0,0,0,0,0,0,1,0,0,0,0,0,0,No,0,1,0,0,1,0,Local Road,Local Road,Undivided,Undiv,Metro,Dry,Clear,1,0,23.0,,2014
121,121,145.2829108708587,-37.99874631142645,T20140013822,2014-07-05,4,Yes,Collision with vehicle,Saturday,REAR END(VEHICLES IN SAME LANE),No,Dark Street lights on,Not at intersection,Fatal accident,100,No,Non-Intersection,CASEY,METROPOLITAN SOUTH EAST REGION,2,1,1,0,0,1,2,0,0,0,2,0,0,0,0,0,0,0,0,0,No,0,2,1,1,0,0,Freeway,Freeway,Divided,Div,Metro,Dry,Clear,2,0,43.0,,2014
122,122,145.44674588602712,-38.43494947052811,T20140012632,2014-06-19,16,No,Collision with a fixed object,Thursday,RIGHT OFF CARRIAGEWAY INTO OBJECT/PARKED VEHICLE,No,Dusk/Dawn,Not at intersection,Fatal accident,70,Yes,Non-Intersection,BASS COAST,EASTERN REGION,1,1,1,0,0,0,1,0,0,0,1,0,0,0,0,0,0,0,0,0,No,0,1,0,1,0,0,Local Road,Local Road,Undivided,Undiv,Country,Dry,Clear,1,0,74.0,,2014
123,123,142.0446457336591,-36.65715828714055,T20140010370,2014-05-19,16,No,Collision with vehicle,Monday,CROSS TRAFFIC(INTERSECTIONS ONLY),No,Dusk/Dawn,Cross intersection,Fatal accident,100,No,Intersection,HORSHAM,WESTERN REGION,2,2,1,0,1,0,2,0,0,0,2,0,0,0,0,0,0,0,0,0,No,0,2,0,2,0,0,Local Road,Local Road,Undivided,Undiv,Country,Dry,Clear,2,0,55.5,,2014
124,124,144.78963186750784,-37.770973974771685,T20140010381,2014-05-20,5,Yes,Struck Pedestrian,Tuesday,PED PLAYING/LYING/WORKING/STANDING ON CARRIAGEWAY.,No,Dark Street lights on,Not at intersection,Fatal accident,70,No,Non-Intersection,BRIMBANK,METROPOLITAN NORTH WEST REGION,2,1,1,0,0,1,2,0,0,0,1,1,0,0,0,0,0,0,0,0,Yes,0,1,1,0,0,0,Arterial Other,Arterial Other,Divided,Div,Metro,Dry,Clear,1,0,62.0,,2014
125,125,145.2939598501816,-38.1776307207512,T20140010009,2014-05-14,18,Yes,Struck Pedestrian,Wednesday,PED WALKING WITH TRAFFIC,No,Dark No street lights,Not at intersection,Fatal accident,80,No,Non-Intersection,CASEY,METROPOLITAN SOUTH EAST REGION,2,1,1,0,0,1,2,0,0,0,1,1,0,0,0,0,0,0,0,0,No,0,1,0,1,0,0,Local Road,Local Road,Undivided,Undiv,Metro,Dry,Clear,1,0,66.0,,2014
126,126,146.29053929092015,-38.145949726255324,T20140010806,2014-05-25,6,Yes,Struck Pedestrian,Sunday,PED PLAYING/LYING/WORKING/STANDING ON CARRIAGEWAY.,Yes,Dusk/Dawn,Not at intersection,Fatal accident,100,No,Non-Intersection,LATROBE,EASTERN REGION,2,1,1,0,0,1,2,0,0,0,1,1,0,0,0,0,0,0,0,0,Yes,0,1,0,1,0,0,Local Road,Local Road,Undivided,Undiv,Country,Dry,Fog,1,0,74.0,,2014
127,127,145.26838293111237,-36.06970975853353,T20140009640,2014-05-10,8,No,Collision with a fixed object,Saturday,OFF LEFT BEND INTO OBJECT/PARKED VEHICLE,No,Unk.,Not at intersection,Fatal accident,100,Yes,Non-Intersection,MOIRA,NORTH EASTERN REGION,1,1,1,0,0,0,1,0,0,0,1,0,0,0,0,0,0,0,0,1,Yes,0,1,0,1,0,0,Local Road,Local Road,Undivided,Undiv,Country,Wet,Raining,1,0,23.0,,2014
128,128,144.8043318790418,-37.77418574524704,T20140010539,2014-05-21,19,Yes,Struck Pedestrian,Wednesday,PED NEAR SIDE. PED HIT BY VEHICLE FROM THE RIGHT.,No,Dark No street lights,Cross intersection,Fatal accident,80,No,Non-Intersection,BRIMBANK,METROPOLITAN NORTH WEST REGION,2,1,1,0,0,1,2,0,0,0,1,1,0,0,0,0,0,0,0,0,Yes,0,1,0,1,0,0,Arterial Other,Arterial Other,Divided,Div,Metro,Dry,Clear,1,0,38.0,,2014
129,129,145.71787273573895,-38.57366917782921,T20140009430,2014-05-07,13,No,Collision with vehicle,Wednesday,RIGHT NEAR (INTERSECTIONS ONLY),No,Day,Cross intersection,Fatal accident,100,No,Intersection,BASS COAST,EASTERN REGION,3,3,1,2,0,0,1,2,0,1,2,0,0,0,0,0,0,0,0,0,No,0,2,0,2,0,0,Arterial Other,"Arterial Other,Local Road",Undivided,Undiv,Country,Dry,Clear,1,1,34.0,65.0,2014
130,130,144.71463449810923,-36.933949526242095,T20140010624,2014-05-22,18,Yes,Struck Pedestrian,Thursday,PED PLAYING/LYING/WORKING/STANDING ON CARRIAGEWAY.,No,Dark No street lights,T intersection,Fatal accident,50,No,Intersection,BENDIGO,NORTHERN REGION,2,1,1,0,0,1,1,1,0,0,1,1,0,0,0,0,0,0,0,0,Yes,0,1,0,1,0,0,Local Road,Local Road,Undivided,Undiv,Country,Wet,Raining,0,1,,46.0,2014
131,131,144.86255964990687,-37.76352537010728,T20140009490,2014-05-08,10,No,Struck Pedestrian,Thursday,FAR SIDE. PED HIT BY VEHICLE FROM THE LEFT,No,Day,T intersection,Fatal accident,60,No,Intersection,MOONEE VALLEY,METROPOLITAN NORTH WEST REGION,2,1,1,0,0,1,2,0,0,0,1,1,0,0,0,0,0,1,0,0,No,0,1,0,0,0,1,Arterial Other,"Arterial Other,Local Road",Undivided,Undiv,Metro,Dry,Clear,1,0,34.0,,2014
132,132,145.1631360983658,-37.782781489943964,T20140009491,2014-05-08,13,No,Struck Pedestrian,Thursday,PED NEAR SIDE. PED HIT BY VEHICLE FROM THE RIGHT.,No,Day,T intersection,Fatal accident,60,No,Intersection,MANNINGHAM,METROPOLITAN SOUTH EAST REGION,2,1,1,0,0,1,1,1,0,0,1,1,0,0,0,0,0,1,0,0,No,0,1,0,1,0,0,Arterial Other,"Arterial Other,Local Road",Divided,"Div,Undiv",Metro,Dry,Clear,1,0,68.0,,2014
133,133,144.96093769609467,-38.33696902285735,T20140010294,2014-05-18,20,Yes,Collision with a fixed object,Sunday,OUT OF CONTROL (OVERTAKING),No,Dark Street lights on,T intersection,Fatal accident,60,Yes,Intersection,MORNINGTON PENINSULA,METROPOLITAN SOUTH EAST REGION,4,3,2,1,0,1,4,0,0,2,2,0,0,0,0,0,0,0,0,0,Yes,0,2,0,2,0,0,Arterial Other,"Arterial Other,Local Road",Undivided,Undiv,Metro,Dry,Clear,2,0,39.5,,2014
134,134,144.96093769609467,-38.33696902285735,T20140010294,2014-05-18,20,Yes,Collision with a fixed object,Sunday,OUT OF CONTROL (OVERTAKING),No,Dark Street lights on,T intersection,Fatal accident,60,Yes,Intersection,MORNINGTON PENINSULA,METROPOLITAN SOUTH EAST REGION,4,3,2,1,0,1,4,0,0,2,2,0,0,0,0,0,0,0,0,0,Yes,0,2,0,2,0,0,Arterial Other,"Arterial Other,Local Road",Undivided,Undiv,Metro,Dry,Clear,2,0,39.5,,2014
135,135,144.93245855116533,-38.47632000048397,T20140002149,2014-02-01,15,Yes,Collision with vehicle,Saturday,HEAD ON (NOT OVERTAKING),No,Day,Not at intersection,Fatal accident,100,No,Non-Intersection,MORNINGTON PENINSULA,METROPOLITAN SOUTH EAST REGION,5,1,1,0,0,4,4,1,0,3,1,0,0,1,0,0,0,0,0,0,No,0,2,0,1,1,0,Arterial Other,Arterial Other,Undivided,Undiv,Metro,Dry,Clear,2,0,45.5,,2014
136,136,145.06615925077787,-37.97822496284449,T20140002939,2014-02-12,14,No,Collision with vehicle,Wednesday,RIGHT NEAR (INTERSECTIONS ONLY),No,Day,Cross intersection,Fatal accident,60,No,Intersection,KINGSTON,METROPOLITAN SOUTH EAST REGION,6,3,1,2,0,3,1,5,0,4,2,0,0,0,0,0,0,0,1,1,No,0,2,0,2,0,0,Local Road,Local Road,Undivided,Undiv,Metro,Dry,Clear,1,1,81.0,23.0,2014
137,137,144.5308987004461,-37.98311840889136,T20140002677,2014-02-09,0,Yes,Struck Pedestrian,Sunday,PED WALKING AGAINST TRAFFIC.,No,Dark No street lights,Not at intersection,Fatal accident,100,No,Non-Intersection,GEELONG,SOUTH WESTERN REGION,3,1,1,0,0,2,2,1,0,1,1,1,0,0,0,0,0,0,0,0,Yes,0,1,0,1,0,0,Freeway,Freeway,Divided,Div,Country,Dry,Clear,1,0,70.0,,2014
138,138,146.20229909173398,-38.33360986352131,T20140001579,2014-01-24,11,No,Collision with a fixed object,Friday,OFF LEFT BEND INTO OBJECT/PARKED VEHICLE,No,Day,Not at intersection,Fatal accident,100,Yes,Non-Intersection,SOUTH GIPPSLAND,EASTERN REGION,1,1,1,0,0,0,0,1,0,0,1,0,0,0,0,0,0,0,0,0,No,0,1,0,1,0,0,Arterial Other,Arterial Other,Undivided,Undiv,Country,Wet,Raining,0,1,,56.0,2014
139,139,144.77407393836597,-37.75825043004455,T20140002317,2014-02-04,14,No,Collision with a fixed object,Tuesday,RIGHT OFF CARRIAGEWAY INTO OBJECT/PARKED VEHICLE,No,Day,Not at intersection,Fatal accident,50,Yes,Non-Intersection,BRIMBANK,METROPOLITAN NORTH WEST REGION,2,2,1,1,0,0,0,2,0,1,1,0,0,0,0,0,0,0,0,0,No,0,1,0,1,0,0,Local Road,Local Road,Undivided,Undiv,Metro,Dry,Clear,0,1,,66.0,2014
140,140,143.32248960809548,-38.44116506559345,T20140002319,2014-02-04,10,No,Collision with vehicle,Tuesday,VEHICLE STRIKES ANOTHER VEH WHILE EMERGING FROM DRIVEWAY,No,Day,Not at intersection,Fatal accident,100,No,Non-Intersection,COLAC OTWAY,SOUTH WESTERN REGION,2,2,1,0,1,0,2,0,0,0,2,0,0,0,0,0,0,0,0,0,No,0,2,1,0,0,0,Arterial Other,Arterial Other,Undivided,Undiv,Country,Dry,Clear,2,0,40.5,,2014
141,141,145.38209702549412,-37.815490308827826,T20140001629,2014-01-25,10,No,Collision with vehicle,Saturday,VEHICLE STRIKES ANOTHER VEH WHILE EMERGING FROM DRIVEWAY,No,Day,Not at intersection,Fatal accident,70,No,Non-Intersection,YARRA RANGES,METROPOLITAN SOUTH EAST REGION,3,2,1,1,0,1,2,0,2,0,1,0,0,0,0,0,0,0,0,0,No,0,3,0,1,0,0,Arterial Other,Arterial Other,Undivided,Undiv,Metro,Dry,Clear,2,0,61.5,,2014
142,142,144.97880206828933,-38.33468326825193,T20140003308,2014-02-17,14,No,Collision with a fixed object,Monday,RIGHT OFF CARRIAGEWAY INTO OBJECT/PARKED VEHICLE,No,Day,Not at intersection,Fatal accident,100,Yes,Non-Intersection,MORNINGTON PENINSULA,METROPOLITAN SOUTH EAST REGION,2,2,1,1,0,0,1,1,0,1,1,0,0,0,0,0,0,0,1,0,No,0,2,0,2,0,0,Freeway,Freeway,Divided,Div,Metro,Dry,Clear,1,0,84.0,,2014
143,143,145.98253991638822,-38.448959972902,T20140003747,2014-02-22,16,Yes,Collision with vehicle,Saturday,HEAD ON (NOT OVERTAKING),No,Day,Not at intersection,Fatal accident,100,No,Non-Intersection,SOUTH GIPPSLAND,EASTERN REGION,6,4,1,2,1,2,3,3,0,3,3,0,0,0,0,0,0,0,0,2,No,0,3,0,3,0,0,Arterial Highway,Arterial Highway,Undivided,Undiv,Country,Dry,Clear,3,0,34.666666666666664,,2014
144,144,145.63089313793222,-38.203232326136416,T20140004201,2014-02-28,8,No,Collision with vehicle,Friday,CROSS TRAFFIC(INTERSECTIONS ONLY),No,Day,Cross intersection,Fatal accident,100,No,Intersection,CARDINIA,METROPOLITAN SOUTH EAST REGION,6,6,4,0,2,0,4,2,0,4,2,0,0,0,0,0,0,0,0,0,Yes,0,2,1,1,0,0,Local Road,Local Road,Undivided,Undiv,Metro,Dry,Clear,2,0,32.0,,2014
145,145,145.63089313793222,-38.203232326136416,T20140004201,2014-02-28,8,No,Collision with vehicle,Friday,CROSS TRAFFIC(INTERSECTIONS ONLY),No,Day,Cross intersection,Fatal accident,100,No,Intersection,CARDINIA,METROPOLITAN SOUTH EAST REGION,6,6,4,0,2,0,4,2,0,4,2,0,0,0,0,0,0,0,0,0,Yes,0,2,1,1,0,0,Local Road,Local Road,Undivided,Undiv,Metro,Dry,Clear,2,0,32.0,,2014
146,146,145.63089313793222,-38.203232326136416,T20140004201,2014-02-28,8,No,Collision with vehicle,Friday,CROSS TRAFFIC(INTERSECTIONS ONLY),No,Day,Cross intersection,Fatal accident,100,No,Intersection,CARDINIA,METROPOLITAN SOUTH EAST REGION,6,6,4,0,2,0,4,2,0,4,2,0,0,0,0,0,0,0,0,0,Yes,0,2,1,1,0,0,Local Road,Local Road,Undivided,Undiv,Metro,Dry,Clear,2,0,32.0,,2014
147,147,145.63089313793222,-38.203232326136416,T20140004201,2014-02-28,8,No,Collision with vehicle,Friday,CROSS TRAFFIC(INTERSECTIONS ONLY),No,Day,Cross intersection,Fatal accident,100,No,Intersection,CARDINIA,METROPOLITAN SOUTH EAST REGION,6,6,4,0,2,0,4,2,0,4,2,0,0,0,0,0,0,0,0,0,Yes,0,2,1,1,0,0,Local Road,Local Road,Undivided,Undiv,Metro,Dry,Clear,2,0,32.0,,2014
148,148,144.70537195387652,-37.623039260247566,T20140003015,2014-02-13,21,Yes,Collision with vehicle,Thursday,HEAD ON (NOT OVERTAKING),No,Dark No street lights,Not at intersection,Fatal accident,80,No,Non-Intersection,MELTON,METROPOLITAN NORTH WEST REGION,2,2,1,0,1,0,2,0,0,0,2,0,0,0,0,0,0,0,0,0,Yes,0,2,0,2,0,0,Arterial Other,Arterial Other,Undivided,Undiv,Metro,Dry,Clear,2,0,51.0,,2014
149,149,143.76021953383759,-37.5101499539033,T20140003019,2014-02-14,1,Yes,Vehicle overturned (no collision),Friday,OFF CARRIAGEWAY TO LEFT,No,Dark No street lights,Not at intersection,Fatal accident,80,Yes,Non-Intersection,BALLARAT,WESTERN REGION,2,2,1,1,0,0,0,2,0,1,1,0,0,0,0,0,0,0,0,0,No,0,1,0,1,0,0,Local Road,Local Road,Undivided,Undiv,Country,Dry,Clear,0,1,,15.0,2014
150,150,146.96365131756426,-37.96558427909975,T20140003926,2014-02-25,2,Yes,Collision with a fixed object,Tuesday,OFF RIGHT BEND INTO OBJECT/PARKED VEHICLE,No,Dark No street lights,Not at intersection,Fatal accident,100,Yes,Non-Intersection,WELLINGTON,EASTERN REGION,1,1,1,0,0,0,1,0,0,0,1,0,0,0,0,0,0,0,0,0,Yes,0,1,0,1,0,0,Arterial Other,Arterial Other,Undivided,Undiv,Country,Dry,Fog,1,0,64.0,,2014
151,151,146.04138015082668,-36.01415977514355,T20140004371,2014-03-01,23,Yes,Collision with vehicle,Saturday,REAR END(VEHICLES IN SAME LANE),No,Dark No street lights,Not at intersection,Fatal accident,100,No,Non-Intersection,MOIRA,NORTH EASTERN REGION,2,2,1,0,1,0,2,0,1,0,1,0,0,0,0,0,0,0,0,0,Yes,0,2,0,1,0,0,Arterial Highway,Arterial Highway,Undivided,Undiv,Country,Dry,Clear,2,0,44.0,,2014
152,152,145.39011044880704,-37.54019918691439,T20140003165,2014-02-15,8,No,Collision with vehicle,Saturday,HEAD ON (NOT OVERTAKING),No,Day,Not at intersection,Fatal accident,80,No,Non-Intersection,MURRINDINDI,NORTH EASTERN REGION,5,2,2,0,0,3,3,2,0,3,2,0,0,0,0,0,0,0,0,0,No,0,2,1,1,0,0,Arterial Other,Arterial Other,Undivided,Undiv,Metro,Wet,Clear,2,0,47.5,,2014
153,153,145.39011044880704,-37.54019918691439,T20140003165,2014-02-15,8,No,Collision with vehicle,Saturday,HEAD ON (NOT OVERTAKING),No,Day,Not at intersection,Fatal accident,80,No,Non-Intersection,MURRINDINDI,NORTH EASTERN REGION,5,2,2,0,0,3,3,2,0,3,2,0,0,0,0,0,0,0,0,0,No,0,2,1,1,0,0,Arterial Other,Arterial Other,Undivided,Undiv,Metro,Wet,Clear,2,0,47.5,,2014
154,154,145.5897862581274,-37.816150407208994,T20140003208,2014-02-15,11,No,Collision with a fixed object,Saturday,OUT OF CONTROL (OVERTAKING),No,Day,Not at intersection,Fatal accident,100,Yes,Non-Intersection,YARRA RANGES,METROPOLITAN SOUTH EAST REGION,1,1,1,0,0,0,1,0,0,0,0,0,0,1,0,0,0,0,0,0,No,0,1,0,0,1,0,Arterial Other,Arterial Other,Undivided,Undiv,Metro,Dry,Clear,1,0,49.0,,2014
155,155,143.1415910340531,-38.34330569586837,T20140008478,2014-04-24,12,No,Collision with vehicle,Thursday,RIGHT NEAR (INTERSECTIONS ONLY),No,Day,T intersection,Fatal accident,100,No,Intersection,CORANGAMITE,SOUTH WESTERN REGION,3,2,1,1,0,1,2,1,0,1,2,0,0,0,0,0,0,0,0,0,No,0,2,1,1,0,0,Arterial Other,"Arterial Other,Local Road",Undivided,Undiv,Country,Dry,Clear,2,0,64.0,,2014
156,156,146.06107987021298,-38.40622073670518,T20140017547,2014-08-24,16,Yes,Collision with a fixed object,Sunday,OFF RIGHT BEND INTO OBJECT/PARKED VEHICLE,No,Day,Not at intersection,Fatal accident,100,Yes,Non-Intersection,SOUTH GIPPSLAND,EASTERN REGION,1,1,1,0,0,0,0,1,0,0,1,0,0,0,0,0,0,0,0,1,No,0,1,0,1,0,0,Arterial Highway,Arterial Highway,Undivided,Undiv,Country,Dry,Clear,0,1,,18.0,2014
157,157,144.6944015005969,-37.81466016062594,T20140017230,2014-08-20,6,No,Collision with vehicle,Wednesday,HEAD ON (NOT OVERTAKING),No,Dark No street lights,Not at intersection,Fatal accident,100,No,Non-Intersection,WYNDHAM,METROPOLITAN NORTH WEST REGION,3,2,1,1,0,1,3,0,0,0,3,0,0,0,0,0,0,0,0,0,No,0,3,0,3,0,0,Arterial Other,Arterial Other,Undivided,Undiv,Metro,Dry,Clear,3,0,48.0,,2014
158,158,144.6010003428268,-37.478199777689035,T20140017284,2014-08-20,16,No,Collision with a fixed object,Wednesday,LEFT OFF CARRIAGEWAY INTO OBJECT/PARKED VEHICLE,No,Day,Not at intersection,Fatal accident,110,Yes,Non-Intersection,MACEDON RANGES,NORTHERN REGION,1,1,1,0,0,0,1,0,0,0,1,0,0,0,0,0,0,0,0,0,No,0,1,0,1,0,0,Freeway,Freeway,Divided,Div,Country,Dry,Clear,1,0,30.0,,2014
159,159,145.16158006633253,-37.873769669582586,T20140018027,2014-08-30,18,Yes,Struck Pedestrian,Saturday,PED NEAR SIDE. PED HIT BY VEHICLE FROM THE RIGHT.,No,Dusk/Dawn,Not at intersection,Fatal accident,60,No,Non-Intersection,MONASH,METROPOLITAN SOUTH EAST REGION,3,1,1,0,0,2,2,1,0,0,2,1,0,0,0,0,0,1,0,0,No,0,2,0,2,0,0,Arterial Other,Arterial Other,Divided,Div,Metro,Dry,Clear,2,0,39.5,,2014
160,160,145.01647160178715,-37.91461899958999,T20140018035,2014-08-31,1,Yes,Collision with vehicle,Sunday,ACCIDENT OR BROKEN DOWN,Yes,Dark Street lights on,Not at intersection,Fatal accident,80,No,Non-Intersection,BAYSIDE,METROPOLITAN SOUTH EAST REGION,4,3,1,0,2,1,3,1,0,1,1,2,0,0,0,0,1,1,0,0,No,0,3,0,3,0,0,Arterial Highway,Arterial Highway,Divided,Div,Metro,Dry,Clear,1,0,46.0,,2014
161,161,144.99469003164825,-38.40143957202924,T20140018069,2014-08-31,11,No,Collision with vehicle,Sunday,CROSS TRAFFIC(INTERSECTIONS ONLY),No,Day,Cross intersection,Fatal accident,100,No,Intersection,MORNINGTON PENINSULA,METROPOLITAN SOUTH EAST REGION,3,3,1,1,1,0,1,2,0,1,2,0,0,0,0,0,0,0,0,1,No,0,2,0,2,0,0,Arterial Other,"Arterial Other,Local Road",Undivided,Undiv,Metro,Dry,Clear,1,1,27.0,18.0,2014
162,162,143.03548939860045,-38.19225121857783,T20140018085,2014-08-31,19,Yes,Collision with a fixed object,Sunday,LEFT OFF CARRIAGEWAY INTO OBJECT/PARKED VEHICLE,No,Dark No street lights,Not at intersection,Fatal accident,100,Yes,Non-Intersection,CORANGAMITE,SOUTH WESTERN REGION,2,2,1,1,0,0,1,1,0,1,1,0,0,0,0,0,0,0,0,0,Yes,0,1,0,1,0,0,Local Road,Local Road,Undivided,Undiv,Country,Dry,Clear,1,0,48.0,,2014
163,163,144.9502053309153,-37.72747778966649,T20140018476,2014-09-05,20,Yes,Collision with vehicle,Friday,PULLING OUT (OVERTAKING),No,Dark Street lights on,T intersection,Fatal accident,50,No,Intersection,MORELAND,METROPOLITAN NORTH WEST REGION,2,2,1,1,0,0,2,0,0,0,2,0,0,0,0,0,0,0,0,1,Yes,0,3,0,3,0,0,Local Road,Local Road,Undivided,Undiv,Metro,Dry,Clear,2,0,35.5,,2014