,Unnamed: 0,X,Y,ACCIDENT_NO,ACCIDENT_DATE,ACCIDENT_TIME,ALCOHOLTIME,ACCIDENT_TYPE,DAY_OF_WEEK,DCA_CODE,HIT_RUN_FLAG,LIGHT_CONDITION,ROAD_GEOMETRY,SEVERITY,SPEED_ZONE,RUN_OFFROAD,NODE_TYPE,LGA_NAME,REGION_NAME,TOTAL_PERSONS,INJ_OR_FATAL,FATALITY,SERIOUSINJURY,OTHERINJURY,NONINJURED,MALES,FEMALES,BICYCLIST,PASSENGER,DRIVER,PEDESTRIAN,PILLION,MOTORIST,UNKNOWN,PED_CYCLIST_5_12,PED_CYCLIST_13_18,OLD_PEDESTRIAN,OLD_DRIVER,YOUNG_DRIVER,ALCOHOL_RELATED,UNLICENCSED,NO_OF_VEHICLES,HEAVYVEHICLE,PASSENGERVEHICLE,MOTORCYCLE,PUBLICVEHICLE,RMA,RMA_ALL,DIVIDED,DIVIDED_ALL,STAT_DIV_NAME,Surface Cond Desc,Atmosph Cond Desc,no_male_driver,no_female_driver,avg_age_male,avg_age_female,year
273,273,144.83749179051878,-37.82000404348501,T20150003413,2015-02-17,1,Yes,Struck Pedestrian,Tuesday,PED PLAYING/LYING/WORKING/STANDING ON CARRIAGEWAY.,No,Dark Street lights on,Not at intersection,Fatal accident,80,No,Non-Intersection,BRIMBANK,METROPOLITAN NORTH WEST REGION,2,1,1,0,0,1,2,0,0,0,1,1,0,0,0,0,0,0,0,0,No,0,1,1,0,0,0,Arterial Highway,Arterial Highway,Divided,Div,Metro,Dry,Clear,1,0,33.0,,2015
274,274,144.9541488859709,-37.81906984401453,T20150003430,2015-02-17,6,No,Struck Pedestrian,Tuesday,PED NEAR SIDE. PED HIT BY VEHICLE FROM THE RIGHT.,No,Dark Street lights on,Cross intersection,Fatal accident,40,No,Intersection,MELBOURNE,METROPOLITAN NORTH WEST REGION,2,1,1,0,0,1,1,1,0,0,1,1,0,0,0,0,0,0,0,0,No,0,1,1,0,0,0,Arterial Other,"Arterial Other,Local Road",Undivided,Undiv,Metro,Dry,Clear,1,0,47.0,,2015
275,275,144.6191227738554,-37.71384031944528,T20150002720,2015-02-07,19,Yes,Collision with a fixed object,Saturday,RIGHT OFF CARRIAGEWAY INTO OBJECT/PARKED VEHICLE,No,Dusk/Dawn,Not at intersection,Fatal accident,80,Yes,Non-Intersection,MELTON,METROPOLITAN NORTH WEST REGION,1,1,1,0,0,0,0,1,0,0,1,0,0,0,0,0,0,0,0,0,No,0,1,0,1,0,0,Local Road,Local Road,Undivided,Undiv,Metro,Dry,Clear,0,1,,50.0,2015
276,276,145.06568642220674,-37.87280096327122,T20150004436,2015-03-01,21,Yes,Collision with a fixed object,Sunday,RIGHT OFF CARRIAGEWAY INTO OBJECT/PARKED VEHICLE,No,Dark No street lights,Not at intersection,Fatal accident,100,Yes,Non-Intersection,STONNINGTON,METROPOLITAN SOUTH EAST REGION,1,1,1,0,0,0,1,0,0,0,0,0,0,1,0,0,0,0,0,0,No,0,1,0,0,1,0,Freeway,Freeway,Divided,Div,Metro,Dry,Clear,1,0,47.0,,2015
277,277,145.37834922162588,-37.725859896722405,T20150005276,2015-03-12,9,No,Struck Pedestrian,Thursday,PED NEAR SIDE. PED HIT BY VEHICLE FROM THE RIGHT.,No,Day,Not at intersection,Fatal accident,70,No,Non-Intersection,YARRA RANGES,METROPOLITAN SOUTH EAST REGION,2,1,1,0,0,1,1,1,0,0,1,1,0,0,0,0,0,0,0,0,No,0,1,0,1,0,0,Arterial Highway,Arterial Highway,Undivided,Undiv,Metro,Wet,Raining,0,1,,48.0,2015
278,278,145.28905094337438,-38.17263535799572,T20150004888,2015-03-07,4,Yes,Collision with a fixed object,Saturday,RIGHT OFF CARRIAGEWAY INTO OBJECT/PARKED VEHICLE,No,Dark No street lights,Not at intersection,Fatal accident,80,Yes,Non-Intersection,CASEY,METROPOLITAN SOUTH EAST REGION,1,1,1,0,0,0,1,0,0,0,1,0,0,0,0,0,0,0,0,1,Yes,1,1,0,1,0,0,Local Road,Local Road,Undivided,Undiv,Metro,Dry,Not known,1,0,25.0,,2015
279,279,145.02241697083818,-37.35196051900481,T20150004889,2015-03-07,3,Yes,Struck Pedestrian,Saturday,PED WALKING AGAINST TRAFFIC.,No,Dark No street lights,Not at intersection,Fatal accident,110,No,Non-Intersection,MITCHELL,NORTHERN REGION,2,1,1,0,0,1,2,0,0,0,1,1,0,0,0,0,0,0,0,0,Yes,0,1,1,0,0,0,Freeway,Freeway,Divided,Div,Country,Wet,Not known,1,0,46.0,,2015
280,280,147.83091064832024,-37.425639754841264,T20150004954,2015-03-07,12,No,Collision with vehicle,Saturday,HEAD ON (NOT OVERTAKING),No,Day,Not at intersection,Fatal accident,80,No,Non-Intersection,EAST GIPPSLAND,EASTERN REGION,3,2,2,0,0,1,1,1,0,0,1,0,1,1,0,0,0,0,0,0,Yes,0,2,0,1,1,0,Arterial Highway,Arterial Highway,Undivided,Undiv,Country,Dry,Clear,1,0,47.0,,2015
281,281,147.83091064832024,-37.425639754841264,T20150004954,2015-03-07,12,No,Collision with vehicle,Saturday,HEAD ON (NOT OVERTAKING),No,Day,Not at intersection,Fatal accident,80,No,Non-Intersection,EAST GIPPSLAND,EASTERN REGION,3,2,2,0,0,1,1,1,0,0,1,0,1,1,0,0,0,0,0,0,Yes,0,2,0,1,1,0,Arterial Highway,Arterial Highway,Undivided,Undiv,Country,Dry,Clear,1,0,47.0,,2015
282,282,143.20419215811236,-37.17300073171407,T20150005357,2015-03-13,9,No,Collision with a fixed object,Friday,LEFT OFF CARRIAGEWAY INTO OBJECT/PARKED VEHICLE,No,Day,Not at intersection,Fatal accident,100,Yes,Non-Intersection,ARARAT,WESTERN REGION,1,1,1,0,0,0,0,1,0,0,1,0,0,0,0,0,0,0,0,0,No,0,1,0,1,0,0,Arterial Highway,Arterial Highway,Undivided,Undiv,Country,Dry,Clear,0,1,,27.0,2015
283,283,146.6897866076116,-36.38986064733156,T20150005007,2015-03-08,18,Yes,Collision with a fixed object,Sunday,OFF LEFT BEND INTO OBJECT/PARKED VEHICLE,No,Dusk/Dawn,Not at intersection,Fatal accident,100,Yes,Non-Intersection,INDIGO,NORTH EASTERN REGION,1,1,1,0,0,0,0,1,0,0,1,0,0,0,0,0,0,0,0,0,No,0,1,0,1,0,0,Arterial Other,Arterial Other,Undivided,Undiv,Country,Dry,Clear,0,1,,64.0,2015
284,284,144.4859893355907,-37.17397954892,T20150005381,2015-03-13,14,No,Collision with a fixed object,Friday,RIGHT OFF CARRIAGEWAY INTO OBJECT/PARKED VEHICLE,No,Day,Not at intersection,Fatal accident,100,Yes,Non-Intersection,MACEDON RANGES,NORTHERN REGION,1,1,1,0,0,0,0,1,0,0,1,0,0,0,0,0,0,0,0,0,No,0,1,0,1,0,0,Arterial Other,Arterial Other,Undivided,Undiv,Country,Dry,Clear,0,1,,44.0,2015
285,285,145.46629186830617,-37.20149210495224,T20150005049,2015-03-09,14,No,Collision with a fixed object,Monday,OFF LEFT BEND INTO OBJECT/PARKED VEHICLE,No,Day,Not at intersection,Fatal accident,100,Yes,Non-Intersection,MURRINDINDI,NORTH EASTERN REGION,4,4,2,2,0,0,1,3,0,3,1,0,0,0,0,0,0,0,0,0,No,0,1,0,1,0,0,Arterial Highway,Arterial Highway,Undivided,Undiv,Country,Dry,Clear,0,1,,34.0,2015
286,286,145.46629186830617,-37.20149210495224,T20150005049,2015-03-09,14,No,Collision with a fixed object,Monday,OFF LEFT BEND INTO OBJECT/PARKED VEHICLE,No,Day,Not at intersection,Fatal accident,100,Yes,Non-Intersection,MURRINDINDI,NORTH EASTERN REGION,4,4,2,2,0,0,1,3,0,3,1,0,0,0,0,0,0,0,0,0,No,0,1,0,1,0,0,Arterial Highway,Arterial Highway,Undivided,Undiv,Country,Dry,Clear,0,1,,34.0,2015
287,287,145.08732961640646,-38.237149880323656,T20150008866,2015-04-27,11,No,Collision with a fixed object,Monday,RIGHT OFF CARRIAGEWAY INTO OBJECT/PARKED VEHICLE,No,Day,Not at intersection,Fatal accident,100,Yes,Non-Intersection,MORNINGTON PENINSULA,METROPOLITAN SOUTH EAST REGION,3,3,2,1,0,0,2,1,0,2,1,0,0,0,0,0,0,0,0,0,No,0,1,0,1,0,0,Arterial Highway,Arterial Highway,Divided,Div,Metro,Wet,Clear,1,0,50.0,,2015
288,288,145.08732961640646,-38.237149880323656,T20150008866,2015-04-27,11,No,Collision with a fixed object,Monday,RIGHT OFF CARRIAGEWAY INTO OBJECT/PARKED VEHICLE,No,Day,Not at intersection,Fatal accident,100,Yes,Non-Intersection,MORNINGTON PENINSULA,METROPOLITAN SOUTH EAST REGION,3,3,2,1,0,0,2,1,0,2,1,0,0,0,0,0,0,0,0,0,No,0,1,0,1,0,0,Arterial Highway,Arterial Highway,Divided,Div,Metro,Wet,Clear,1,0,50.0,,2015
289,289,145.26100076584973,-37.267009516962545,T20150010091,2015-05-13,14,No,Collision with vehicle,Wednesday,HEAD ON (NOT OVERTAKING),No,Day,Not at intersection,Fatal accident,100,No,Non-Intersection,MURRINDINDI,NORTH EASTERN REGION,2,2,1,1,0,0,2,0,0,0,2,0,0,0,0,0,0,0,0,0,No,0,2,0,2,0,0,Arterial Other,Arterial Other,Undivided,Undiv,Country,Wet,Clear,2,0,53.5,,2015
290,290,143.96588058965062,-37.68786940380349,T20150009322,2015-05-03,10,No,Collision with vehicle,Sunday,HEAD ON (NOT OVERTAKING),No,Day,Not at intersection,Fatal accident,100,No,Non-Intersection,MOORABOOL,WESTERN REGION,2,2,1,1,0,0,1,1,0,0,2,0,0,0,0,0,0,0,0,1,No,0,2,0,2,0,0,Arterial Highway,Arterial Highway,Undivided,Undiv,Country,Dry,Clear,1,1,19.0,38.0,2015
291,291,144.85460952001617,-37.78001250930341,T20150009749,2015-05-09,0,Yes,Collision with a fixed object,Saturday,LEFT OFF CARRIAGEWAY INTO OBJECT/PARKED VEHICLE,No,Dark Street lights on,T intersection,Fatal accident,80,Yes,Non-Intersection,MARIBYRNONG,METROPOLITAN NORTH WEST REGION,4,3,2,1,0,1,1,2,0,2,1,0,0,0,1,0,0,0,0,1,No,0,2,0,1,0,0,Arterial Other,Arterial Other,Divided,Div,Metro,Dry,Clear,1,0,19.0,,2015
292,292,144.85460952001617,-37.78001250930341,T20150009749,2015-05-09,0,Yes,Collision with a fixed object,Saturday,LEFT OFF CARRIAGEWAY INTO OBJECT/PARKED VEHICLE,No,Dark Street lights on,T intersection,Fatal accident,80,Yes,Non-Intersection,MARIBYRNONG,METROPOLITAN NORTH WEST REGION,4,3,2,1,0,1,1,2,0,2,1,0,0,0,1,0,0,0,0,1,No,0,2,0,1,0,0,Arterial Other,Arterial Other,Divided,Div,Metro,Dry,Clear,1,0,19.0,,2015
293,293,145.28763102056084,-37.82469002804983,T20150009754,2015-05-09,4,Yes,Collision with vehicle,Saturday,VEHICLE STRIKES ANOTHER VEH WHILE EMERGING FROM DRIVEWAY,No,Dark Street lights on,Not at intersection,Fatal accident,80,No,Non-Intersection,MAROONDAH,METROPOLITAN SOUTH EAST REGION,3,3,1,2,0,0,2,1,0,1,2,0,0,0,0,0,0,0,0,0,Yes,0,2,1,1,0,0,Arterial Other,Arterial Other,Divided,Div,Metro,Dry,Clear,2,0,51.0,,2015
294,294,144.265826107059,-37.946309964378926,T20150009862,2015-05-10,14,No,Collision with vehicle,Sunday,LEFT NEAR (INTERSECTIONS ONLY),Yes,Day,T intersection,Fatal accident,100,No,Intersection,GEELONG,SOUTH WESTERN REGION,2,1,1,0,0,1,2,0,1,0,0,0,0,0,1,0,0,0,0,0,No,0,2,0,0,0,0,Arterial Other,"Arterial Other,Local Road",Undivided,Undiv,Country,Dry,Clear,2,0,77.0,,2015
295,295,144.265826107059,-37.946309964378926,T20150009862,2015-05-10,14,No,Collision with vehicle,Sunday,LEFT NEAR (INTERSECTIONS ONLY),Yes,Day,T intersection,Fatal accident,100,No,Intersection,GEELONG,SOUTH WESTERN REGION,2,1,1,0,0,1,2,0,1,0,0,0,0,0,1,0,0,0,0,0,No,0,2,0,0,0,0,Arterial Other,"Arterial Other,Local Road",Undivided,Undiv,Country,Dry,Strong winds,2,0,77.0,,2015
296,296,145.98182568223547,-36.703250587088704,T20150009873,2015-05-10,15,No,Collision with vehicle,Sunday,HEAD ON (NOT OVERTAKING),No,Day,Not at intersection,Fatal accident,100,No,Non-Intersection,BENALLA,NORTH EASTERN REGION,2,1,1,0,0,1,1,1,0,0,2,0,0,0,0,0,0,0,0,0,No,0,2,1,1,0,0,Arterial Highway,Arterial Highway,Undivided,Undiv,Country,Unknown,Clear,1,1,59.0,52.0,2015
297,297,145.40027423021797,-36.38376059712406,T20150008707,2015-04-24,11,No,Struck Pedestrian,Friday,PED ON FOOTHPATH STRUCK BY VEHENTERING/LEAVING DRIVEWAY.,No,Day,Not at intersection,Fatal accident,Not known,No,Non-Intersection,SHEPPARTON,NORTH EASTERN REGION,2,1,1,0,0,1,2,0,0,0,1,1,0,0,0,0,0,1,0,0,No,0,1,0,1,0,0,Local Road,Local Road,Undivided,Undiv,Country,Dry,Clear,1,0,69.0,,2015
298,298,144.58509092231398,-37.694277796544775,T20150006689,2015-03-29,5,Yes,Collision with a fixed object,Sunday,RIGHT OFF CARRIAGEWAY INTO OBJECT/PARKED VEHICLE,No,Dark No street lights,Not at intersection,Fatal accident,110,Yes,Non-Intersection,MELTON,METROPOLITAN NORTH WEST REGION,1,1,1,0,0,0,1,0,0,0,1,0,0,0,0,0,0,0,0,0,No,0,1,0,1,0,0,Freeway,Freeway,Divided,Div,Metro,Dry,Not known,1,0,46.0,,2015
299,299,144.9469798671531,-37.66647083206047,T20150006719,2015-03-30,6,No,Collision with vehicle,Monday,REAR END(VEHICLES IN SAME LANE),No,Dusk/Dawn,Not at intersection,Fatal accident,60,No,Non-Intersection,HUME,METROPOLITAN NORTH WEST REGION,3,2,1,1,0,1,2,1,0,1,2,0,0,0,0,0,0,0,0,0,No,1,2,0,2,0,0,Arterial Other,Arterial Other,Undivided,Undiv,Metro,Dry,Clear,2,0,44.0,,2015
300,300,145.08619957646724,-37.99142215824713,T20150006345,2015-03-25,13,No,Collision with vehicle,Wednesday,VEHICLE COLLIDES WITH VEHICLE PARKED ON LEFT OF ROAD,No,Day,Not at intersection,Fatal accident,50,No,Non-Intersection,KINGSTON,METROPOLITAN SOUTH EAST REGION,1,1,1,0,0,0,1,0,0,0,0,0,0,1,0,0,0,0,0,0,No,0,3,0,2,1,0,Local Road,Local Road,Undivided,Undiv,Metro,Dry,Clear,1,0,22.0,,2015
301,301,141.55658767069778,-38.31709121608865,T20150006759,2015-03-30,8,No,Collision with a fixed object,Monday,OFF LEFT BEND INTO OBJECT/PARKED VEHICLE,No,Day,Not at intersection,Fatal accident,80,Yes,Non-Intersection,GLENELG,SOUTH WESTERN REGION,1,1,1,0,0,0,1,0,0,0,1,0,0,0,0,0,0,0,0,0,No,0,1,1,0,0,0,Arterial Other,Arterial Other,Undivided,Undiv,Country,Dry,Fog,1,0,52.0,,2015
302,302,145.02274564855824,-37.90177952911901,T20150005708,2015-03-17,20,Yes,Struck Pedestrian,Tuesday,PED NEAR SIDE. PED HIT BY VEHICLE FROM THE RIGHT.,No,Dark Street lights on,T intersection,Fatal accident,70,No,Intersection,GLEN EIRA,METROPOLITAN SOUTH EAST REGION,2,1,1,0,0,1,1,1,0,0,1,1,0,0,0,0,0,1,0,0,No,1,1,0,1,0,0,Arterial Highway,"Arterial Highway,Local Road",Divided,"Div,Undiv",Metro,Dry,Clear,0,1,,56.0,2015
303,303,143.85040247998376,-38.17146008327424,T20150006147,2015-03-22,22,Yes,Collision with a fixed object,Sunday,OFF LEFT BEND INTO OBJECT/PARKED VEHICLE,No,Dark No street lights,Not at intersection,Fatal accident,100,Yes,Non-Intersection,SURF COAST,SOUTH WESTERN REGION,1,1,1,0,0,0,1,0,0,0,1,0,0,0,0,0,0,0,0,0,Yes,0,1,0,1,0,0,Local Road,Local Road,Undivided,Undiv,Country,Dry,Clear,1,0,44.0,,2015
304,304,144.96066925823197,-37.7757199255619,T20150004286,2015-02-27,16,Yes,Collision with vehicle,Friday,VEHICLE STRIKES DOOR OF PARKED/STATIONARY VEHICLE,No,Day,Not at intersection,Fatal accident,40,No,Non-Intersection,MORELAND,METROPOLITAN NORTH WEST REGION,5,1,1,0,0,4,2,1,1,2,2,0,0,0,0,0,0,0,0,1,No,0,3,1,1,0,0,Arterial Other,Arterial Other,Undivided,Undiv,Metro,Dry,Clear,2,1,24.5,35.0,2015
305,305,143.8975698935979,-37.54725019075335,T20150004307,2015-02-27,23,Yes,Collision with a fixed object,Friday,OFF LEFT BEND INTO OBJECT/PARKED VEHICLE,No,Dark No street lights,Not at intersection,Fatal accident,110,Yes,Non-Intersection,BALLARAT,WESTERN REGION,1,1,1,0,0,0,1,0,0,0,1,0,0,0,0,0,0,0,0,0,Yes,1,1,0,1,0,0,Freeway,Freeway,Divided,Div,Country,Dry,Clear,1,0,39.0,,2015
306,306,145.05849102574868,-37.698870214900154,T20150004731,2015-03-05,11,No,Struck Pedestrian,Thursday,PED ON FOOTHPATH STRUCK BY VEHENTERING/LEAVING DRIVEWAY.,No,Day,Not at intersection,Fatal accident,50,No,Non-Intersection,WHITTLESEA,METROPOLITAN NORTH WEST REGION,2,1,1,0,0,1,1,1,0,0,1,1,0,0,0,0,0,1,0,0,No,0,1,1,0,0,0,Arterial Highway,Arterial Highway,Divided,Div,Metro,Dry,Clear,1,0,46.0,,2015
307,307,143.52934259578316,-38.31134969297628,T20150004373,2015-02-28,19,Yes,Collision with vehicle,Saturday,HEAD ON (NOT OVERTAKING),No,Dusk/Dawn,Not at intersection,Fatal accident,100,No,Non-Intersection,COLAC OTWAY,SOUTH WESTERN REGION,4,4,1,1,2,0,3,1,0,2,2,0,0,0,0,0,0,0,0,2,No,0,2,0,2,0,0,Arterial Other,Arterial Other,Undivided,Undiv,Country,Wet,Raining,1,1,18.0,22.0,2015
308,308,145.41006743445175,-36.39655145612174,T20150005206,2015-03-11,7,No,Struck Pedestrian,Wednesday,FAR SIDE. PED HIT BY VEHICLE FROM THE LEFT,No,Dusk/Dawn,T intersection,Fatal accident,50,No,Intersection,SHEPPARTON,NORTH EASTERN REGION,2,1,1,0,0,1,2,0,0,0,1,1,0,0,0,0,0,1,0,0,No,0,1,0,1,0,0,Local Road,Local Road,Undivided,Undiv,Country,Dry,Clear,1,0,47.0,,2015
309,309,144.9161687965157,-37.80769766163113,T20150005221,2015-03-11,11,No,Collision with vehicle,Wednesday,RIGHT THROUGH,No,Day,Cross intersection,Fatal accident,70,No,Intersection,MELBOURNE,METROPOLITAN NORTH WEST REGION,3,2,2,0,0,1,3,0,0,1,2,0,0,0,0,0,0,0,0,0,No,0,2,1,1,0,0,Arterial Highway,"Arterial Highway,Local Road,Arterial Other",Divided,"Div,Undiv",Metro,Dry,Clear,2,0,50.0,,2015
310,310,144.9161687965157,-37.80769766163113,T20150005221,2015-03-11,11,No,Collision with vehicle,Wednesday,RIGHT THROUGH,No,Day,Cross intersection,Fatal accident,70,No,Intersection,MELBOURNE,METROPOLITAN NORTH WEST REGION,3,2,2,0,0,1,3,0,0,1,2,0,0,0,0,0,0,0,0,0,No,0,2,1,1,0,0,Arterial Highway,"Arterial Highway,Local Road,Arterial Other",Divided,"Div,Undiv",Metro,Dry,Clear,2,0,50.0,,2015
311,311,144.91891949450522,-37.79917943429703,T20150002428,2015-02-04,1,Yes,Collision with vehicle,Wednesday,RIGHT THROUGH,No,Dark Street lights on,Not at intersection,Fatal accident,50,No,Non-Intersection,MELBOURNE,METROPOLITAN NORTH WEST REGION,6,2,1,1,0,4,6,0,0,1,1,0,1,3,0,0,0,0,0,0,No,0,4,0,1,3,0,Local Road,Local Road,Undivided,Undiv,Metro,Dry,Not known,4,0,36.25,,2015
312,312,144.95144047850778,-37.73981700805811,T20150002056,2015-01-29,21,Yes,Struck Pedestrian,Thursday,PED NEAR SIDE. PED HIT BY VEHICLE FROM THE RIGHT.,No,Dark Street lights on,Not at intersection,Fatal accident,60,No,Non-Intersection,MORELAND,METROPOLITAN NORTH WEST REGION,2,1,1,0,0,1,2,0,0,0,1,1,0,0,0,0,0,0,0,0,Yes,0,1,0,0,0,1,Arterial Highway,Arterial Highway,Undivided,Undiv,Metro,Dry,Clear,1,0,46.0,,2015
313,313,145.287586112101,-37.82600063718248,T20150001292,2015-01-19,5,Yes,Collision with vehicle,Monday,CROSS TRAFFIC(INTERSECTIONS ONLY),No,Dusk/Dawn,Cross intersection,Fatal accident,80,No,Intersection,MAROONDAH,METROPOLITAN SOUTH EAST REGION,5,3,1,1,1,2,4,1,0,0,5,0,0,0,0,0,0,0,0,1,No,0,5,0,5,0,0,Arterial Other,Arterial Other,Divided,Div,Metro,Dry,Clear,4,1,37.25,30.0,2015
314,314,145.36414096394492,-36.3932308493112,T20150000907,2015-01-13,23,Yes,Collision with vehicle,Tuesday,HEAD ON (NOT OVERTAKING),No,Dark Street lights on,Not at intersection,Fatal accident,50,No,Non-Intersection,SHEPPARTON,NORTH EASTERN REGION,2,2,1,1,0,0,2,0,0,0,2,0,0,0,0,0,0,0,0,1,Yes,0,2,0,2,0,0,Arterial Highway,Arterial Highway,Undivided,Undiv,Country,Dry,Clear,2,0,38.0,,2015
315,315,145.9345090804896,-38.16614218881053,T20150002193,2015-01-31,23,Yes,Collision with a fixed object,Saturday,LEFT OFF CARRIAGEWAY INTO OBJECT/PARKED VEHICLE,No,Dark Street lights on,Not at intersection,Fatal accident,40,Yes,Non-Intersection,BAW BAW,EASTERN REGION,1,1,1,0,0,0,1,0,0,0,0,0,0,1,0,0,0,0,0,0,Yes,0,1,0,0,1,0,Local Road,Local Road,Divided,Div,Country,Dry,Clear,1,0,40.0,,2015
316,316,144.15882511034238,-36.80948847412446,T20150001385,2015-01-20,9,No,Collision with vehicle,Tuesday,CROSS TRAFFIC(INTERSECTIONS ONLY),No,Day,Cross intersection,Fatal accident,100,No,Intersection,BENDIGO,NORTHERN REGION,3,2,1,1,0,1,1,2,0,1,2,0,0,0,0,0,0,0,1,0,No,0,2,1,1,0,0,Arterial Highway,"Arterial Highway,Arterial Other",Undivided,Undiv,Country,Dry,Clear,1,1,46.0,82.0,2015
317,317,147.23362920149762,-36.46332832194992,T20150001816,2015-01-26,12,No,Collision with a fixed object,Monday,OFF LEFT BEND INTO OBJECT/PARKED VEHICLE,No,Day,Not at intersection,Fatal accident,100,Yes,Non-Intersection,TOWONG,NORTH EASTERN REGION,2,2,1,1,0,0,1,1,0,1,1,0,0,0,0,0,0,0,1,0,No,0,1,0,1,0,0,Arterial Other,Arterial Other,Undivided,Undiv,Country,Dry,Clear,1,0,84.0,,2015
318,318,145.1679249228779,-37.64435157937689,T20150002217,2015-02-01,12,No,Collision with a fixed object,Sunday,OFF RIGHT BEND INTO OBJECT/PARKED VEHICLE,No,Day,T intersection,Fatal accident,80,Yes,Intersection,NILLUMBIK,METROPOLITAN NORTH WEST REGION,1,1,1,0,0,0,1,0,0,0,1,0,0,0,0,0,0,0,0,0,No,0,1,0,1,0,0,Local Road,Local Road,Undivided,Undiv,Metro,Wet,Raining,1,0,65.0,,2015
319,319,143.01179060560855,-38.38395006008022,T20150001029,2015-01-15,7,No,Collision with vehicle,Thursday,HEAD ON (NOT OVERTAKING),No,Day,Not at intersection,Fatal accident,100,No,Non-Intersection,CORANGAMITE,SOUTH WESTERN REGION,2,1,1,0,0,1,2,0,0,0,2,0,0,0,0,0,0,0,0,0,No,0,2,1,1,0,0,Arterial Other,Arterial Other,Undivided,Undiv,Country,Wet,Clear,2,0,38.0,,2015
320,320,145.5229007447564,-37.16354849167534,T20150002272,2015-02-02,5,Yes,Collision with vehicle,Monday,HEAD ON (NOT OVERTAKING),No,Dark No street lights,Not at intersection,Fatal accident,100,No,Non-Intersection,MURRINDINDI,NORTH EASTERN REGION,3,3,1,2,0,0,2,1,0,1,2,0,0,0,0,0,0,0,0,0,No,0,2,0,2,0,0,Arterial Highway,Arterial Highway,Undivided,Undiv,Country,Dry,Clear,2,0,54.5,,2015
321,321,144.93413215405437,-37.782657853411116,T20150001080,2015-01-16,3,Yes,Collision with a fixed object,Friday,LEFT OFF CARRIAGEWAY INTO OBJECT/PARKED VEHICLE,No,Dark Street lights on,Not at intersection,Fatal accident,60,Yes,Non-Intersection,MOONEE VALLEY,METROPOLITAN NORTH WEST REGION,2,2,1,1,0,0,1,1,0,1,1,0,0,0,0,0,0,0,0,0,No,0,1,0,1,0,0,Arterial Other,Arterial Other,Undivided,Undiv,Metro,Dry,Clear,1,0,27.0,,2015
322,322,145.2743004786457,-36.31349116577465,T20150002303,2015-02-02,18,Yes,Vehicle overturned (no collision),Monday,OFF CARRIAGEWAY ON LEFT BEND,No,Day,Not at intersection,Fatal accident,100,Yes,Non-Intersection,SHEPPARTON,NORTH EASTERN REGION,1,1,1,0,0,0,1,0,0,0,1,0,0,0,0,0,0,0,0,0,No,0,1,0,1,0,0,Arterial Other,Arterial Other,Undivided,Undiv,Country,Dry,Clear,1,0,30.0,,2015
323,323,144.29609994984884,-36.76934209476034,T20150001098,2015-01-16,5,Yes,Collision with a fixed object,Friday,OFF LEFT BEND INTO OBJECT/PARKED VEHICLE,No,Dark Street lights on,Not at intersection,Fatal accident,60,Yes,Non-Intersection,BENDIGO,NORTHERN REGION,1,1,1,0,0,0,1,0,0,0,1,0,0,0,0,0,0,0,0,1,No,0,1,0,1,0,0,Arterial Other,Arterial Other,Divided,Div,Country,Dry,Clear,1,0,21.0,,2015
324,324,144.7734024731247,-37.72660574582855,T20150001913,2015-01-27,23,Yes,Struck Pedestrian,Tuesday,PED NEAR SIDE. PED HIT BY VEHICLE FROM THE RIGHT.,Yes,Dark Street lights on,T intersection,Fatal accident,60,No,Intersection,BRIMBANK,METROPOLITAN NORTH WEST REGION,3,2,1,1,0,1,1,1,0,0,0,2,0,0,1,0,2,0,0,0,No,0,1,0,0,0,0,Local Road,Local Road,Undivided,Undiv,Metro,Dry,Clear,0,0,,,2015
325,325,144.8707673424659,-37.137740842809045,T20150001921,2015-01-28,6,No,Collision with a fixed object,Wednesday,OFF LEFT BEND INTO OBJECT/PARKED VEHICLE,No,Dusk/Dawn,Not at intersection,Fatal accident,100,Yes,Non-Intersection,MITCHELL,NORTHERN REGION,4,4,4,0,0,0,4,0,0,3,1,0,0,0,0,0,0,0,0,1,No,0,1,0,1,0,0,Arterial Highway,Arterial Highway,Undivided,Undiv,Country,Dry,Clear,1,0,20.0,,2015
326,326,144.8707673424659,-37.137740842809045,T20150001921,2015-01-28,6,No,Collision with a fixed object,Wednesday,OFF LEFT BEND INTO OBJECT/PARKED VEHICLE,No,Dusk/Dawn,Not at intersection,Fatal accident,100,Yes,Non-Intersection,MITCHELL,NORTHERN REGION,4,4,4,0,0,0,4,0,0,3,1,0,0,0,0,0,0,0,0,1,No,0,1,0,1,0,0,Arterial Highway,Arterial Highway,Undivided,Undiv,Country,Dry,Clear,1,0,20.0,,2015