,Unnamed: 0,X,Y,ACCIDENT_NO,ACCIDENT_DATE,ACCIDENT_TIME,ALCOHOLTIME,ACCIDENT_TYPE,DAY_OF_WEEK,DCA_CODE,HIT_RUN_FLAG,LIGHT_CONDITION,ROAD_GEOMETRY,SEVERITY,SPEED_ZONE,RUN_OFFROAD,NODE_TYPE,LGA_NAME,REGION_NAME,TOTAL_PERSONS,INJ_OR_FATAL,FATALITY,SERIOUSINJURY,OTHERINJURY,NONINJURED,MALES,FEMALES,BICYCLIST,PASSENGER,DRIVER,PEDESTRIAN,PILLION,MOTORIST,UNKNOWN,PED_CYCLIST_5_12,PED_CYCLIST_13_18,OLD_PEDESTRIAN,OLD_DRIVER,YOUNG_DRIVER,ALCOHOL_RELATED,UNLICENCSED,NO_OF_VEHICLES,HEAVYVEHICLE,PASSENGERVEHICLE,MOTORCYCLE,PUBLICVEHICLE,RMA,RMA_ALL,DIVIDED,DIVIDED_ALL,STAT_DIV_NAME,Surface Cond Desc,Atmosph Cond Desc,no_male_driver,no_female_driver,avg_age_male,avg_age_female,year
327,327,144.8707673424659,-37.137740842809045,T20150001921,2015-01-28,6,No,Collision with a fixed object,Wednesday,OFF LEFT BEND INTO OBJECT/PARKED VEHICLE,No,Dusk/Dawn,Not at intersection,Fatal accident,100,Yes,Non-Intersection,MITCHELL,NORTHERN REGION,4,4,4,0,0,0,4,0,0,3,1,0,0,0,0,0,0,0,0,1,No,0,1,0,1,0,0,Arterial Highway,Arterial Highway,Undivided,Undiv,Country,Dry,Clear,1,0,20.0,,2015
328,328,144.8707673424659,-37.137740842809045,T20150001921,2015-01-28,6,No,Collision with a fixed object,Wednesday,OFF LEFT BEND INTO OBJECT/PARKED VEHICLE,No,Dusk/Dawn,Not at intersection,Fatal accident,100,Yes,Non-Intersection,MITCHELL,NORTHERN REGION,4,4,4,0,0,0,4,0,0,3,1,0,0,0,0,0,0,0,0,1,No,0,1,0,1,0,0,Arterial Highway,Arterial Highway,Undivided,Undiv,Country,Dry,Clear,1,0,20.0,,2015
329,329,145.04007896869595,-37.87492158959415,T20150001922,2015-01-28,8,No,Collision with vehicle,Wednesday,VEHICLE OFF FOOTPATH STRIKES VEH ON CARRIAGEWAY,No,Day,Not at intersection,Fatal accident,50,No,Non-Intersection,STONNINGTON,METROPOLITAN SOUTH EAST REGION,2,1,1,0,0,1,1,1,1,0,1,0,0,0,0,0,0,0,0,0,No,0,2,0,1,0,0,Arterial Highway,Arterial Highway,Divided,Div,Metro,Dry,Clear,1,1,70.0,33.0,2015
330,330,145.12516569331174,-37.81152834334178,T20150006546,2015-03-27,19,Yes,Struck Pedestrian,Friday,PED NEAR SIDE. PED HIT BY VEHICLE FROM THE RIGHT.,No,Dark No street lights,Cross intersection,Fatal accident,60,No,Intersection,WHITEHORSE,METROPOLITAN SOUTH EAST REGION,6,2,1,1,0,4,3,3,0,3,2,1,0,0,0,0,0,1,0,0,No,0,2,0,2,0,0,Arterial Other,"Arterial Other,Local Road",Undivided,Undiv,Metro,Dry,Clear,1,1,48.0,39.0,2015
331,331,144.85242189189398,-37.739521396713094,T20150013386,2015-06-24,8,No,Collision with vehicle,Wednesday,VEHICLE OFF FOOTPATH STRIKES VEH ON CARRIAGEWAY,Yes,Dusk/Dawn,Multiple intersection,Fatal accident,80,No,Intersection,BRIMBANK,METROPOLITAN NORTH WEST REGION,2,1,1,0,0,1,2,0,1,0,1,0,0,0,0,0,0,0,0,0,No,0,2,1,0,0,0,Freeway,"Freeway,Local Road,Arterial Other",Divided,"Div,Undiv",Metro,Dry,Clear,2,0,61.0,,2015
332,332,145.0934073467375,-37.89348218576079,T20150013823,2015-07-01,3,Yes,Collision with vehicle,Wednesday,CROSS TRAFFIC(INTERSECTIONS ONLY),No,Dark Street lights on,Cross intersection,Fatal accident,60,No,Intersection,MONASH,METROPOLITAN SOUTH EAST REGION,4,2,1,1,0,2,2,0,0,1,2,0,0,1,0,0,0,0,0,0,No,0,3,0,2,1,0,Arterial Highway,"Arterial Highway,Local Road",Divided,"Div,Undiv",Metro,Dry,Clear,2,0,46.5,,2015
333,333,143.7734300092045,-38.301750469205935,T20150014262,2015-07-07,15,No,Collision with a fixed object,Tuesday,OFF RIGHT BEND INTO OBJECT/PARKED VEHICLE,No,Day,Not at intersection,Fatal accident,100,Yes,Non-Intersection,COLAC OTWAY,SOUTH WESTERN REGION,1,1,1,0,0,0,1,0,0,0,1,0,0,0,0,0,0,0,0,0,No,0,1,0,1,0,0,Arterial Highway,Arterial Highway,Undivided,Undiv,Country,Dry,Clear,1,0,42.0,,2015
334,334,146.86506231787948,-38.00361609688086,T20150013452,2015-06-25,6,No,Collision with a fixed object,Thursday,OFF RIGHT BEND INTO OBJECT/PARKED VEHICLE,No,Dark No street lights,Not at intersection,Fatal accident,100,Yes,Non-Intersection,WELLINGTON,EASTERN REGION,1,1,1,0,0,0,1,0,0,0,1,0,0,0,0,0,0,0,0,1,No,0,1,0,1,0,0,Local Road,Local Road,Undivided,Undiv,Country,Dry,Clear,1,0,22.0,,2015
335,335,143.7909791626493,-38.07300206458573,T20150013938,2015-07-02,14,No,Collision with vehicle,Thursday,HEAD ON (NOT OVERTAKING),No,Day,Not at intersection,Fatal accident,100,No,Non-Intersection,COLAC OTWAY,SOUTH WESTERN REGION,3,3,1,2,0,0,3,0,0,1,2,0,0,0,0,0,0,0,0,1,No,0,2,0,2,0,0,Arterial Highway,Arterial Highway,Undivided,Undiv,Country,Dry,Clear,2,0,33.5,,2015
336,336,145.20258720775058,-37.98087900302203,T20150013566,2015-06-26,18,Yes,Struck Pedestrian,Friday,PED NEAR SIDE. PED HIT BY VEHICLE FROM THE RIGHT.,No,Dark Street lights on,Cross intersection,Fatal accident,50,No,Intersection,DANDENONG,METROPOLITAN SOUTH EAST REGION,2,1,1,0,0,1,1,1,0,0,1,1,0,0,0,0,0,0,0,0,No,0,1,0,1,0,0,Local Road,Local Road,Undivided,Undiv,Metro,Dry,Clear,1,0,62.0,,2015
337,337,145.26710562250787,-37.86045469528872,T20150013568,2015-06-26,21,Yes,Collision with vehicle,Friday,CROSS TRAFFIC(INTERSECTIONS ONLY),No,Dark Street lights on,Cross intersection,Fatal accident,60,No,Intersection,KNOX,METROPOLITAN SOUTH EAST REGION,3,1,1,0,0,2,2,1,0,1,1,0,0,1,0,0,0,0,0,0,No,0,2,0,1,1,0,Arterial Other,Arterial Other,Divided,Div,Metro,Dry,Clear,2,0,42.0,,2015
338,338,145.42275113326426,-37.68782012919625,T20150019565,2015-09-20,13,No,Collision with vehicle,Sunday,HEAD ON (NOT OVERTAKING),No,Day,Not at intersection,Fatal accident,100,No,Non-Intersection,YARRA RANGES,METROPOLITAN SOUTH EAST REGION,5,1,1,0,0,4,2,3,0,3,1,0,0,1,0,0,0,0,0,0,No,0,2,0,1,1,0,Arterial Highway,Arterial Highway,Undivided,Undiv,Metro,Dry,Clear,1,1,33.0,40.0,2015
339,339,144.81293128891582,-36.12285281512619,T20150018406,2015-09-04,12,No,Collision with a fixed object,Friday,RIGHT OFF CARRIAGEWAY INTO OBJECT/PARKED VEHICLE,No,Day,Not at intersection,Fatal accident,100,Yes,Non-Intersection,CAMPASPE,NORTHERN REGION,1,1,1,0,0,0,1,0,0,0,1,0,0,0,0,0,0,0,0,0,No,0,1,0,1,0,0,Local Road,Local Road,Undivided,Undiv,Country,Dry,Clear,1,0,36.0,,2015
340,340,145.39606817304988,-36.604571470139774,T20150019237,2015-09-16,5,Yes,Collision with a fixed object,Wednesday,RIGHT OFF CARRIAGEWAY INTO OBJECT/PARKED VEHICLE,No,Dark No street lights,Not at intersection,Fatal accident,100,Yes,Non-Intersection,STRATHBOGIE,NORTH EASTERN REGION,1,1,1,0,0,0,1,0,0,0,1,0,0,0,0,0,0,0,0,0,No,0,1,0,1,0,0,Local Road,Local Road,Undivided,Undiv,Country,Dry,Fog,1,0,29.0,,2015
341,341,144.04857701965437,-38.29057962969228,T20150018505,2015-09-05,13,No,Collision with a fixed object,Saturday,OFF RIGHT BEND INTO OBJECT/PARKED VEHICLE,No,Day,Not at intersection,Fatal accident,100,Yes,Non-Intersection,SURF COAST,SOUTH WESTERN REGION,2,2,1,1,0,0,2,0,0,1,1,0,0,0,0,0,0,0,0,1,No,0,1,0,1,0,0,Local Road,Local Road,Undivided,Undiv,Country,Dry,Clear,1,0,18.0,,2015
342,342,145.21583295158595,-38.23368035352839,T20150018130,2015-08-31,17,No,Collision with vehicle,Monday,HEAD ON (NOT OVERTAKING),No,Dusk/Dawn,Not at intersection,Fatal accident,100,No,Non-Intersection,MORNINGTON PENINSULA,METROPOLITAN SOUTH EAST REGION,2,2,1,1,0,0,1,1,0,0,2,0,0,0,0,0,0,0,0,1,No,0,2,0,2,0,0,Arterial Highway,Arterial Highway,Undivided,Undiv,Metro,Dry,Clear,1,1,43.0,19.0,2015
343,343,145.2130998050983,-38.02584997100954,T20150018132,2015-08-31,19,Yes,Struck Pedestrian,Monday,PED NEAR SIDE. PED HIT BY VEHICLE FROM THE RIGHT.,No,Dark Street lights on,Not at intersection,Fatal accident,80,No,Non-Intersection,DANDENONG,METROPOLITAN SOUTH EAST REGION,2,1,1,0,0,1,2,0,0,0,1,1,0,0,0,0,0,0,0,0,No,0,1,0,1,0,0,Arterial Highway,Arterial Highway,Divided,Div,Metro,Dry,Clear,1,0,36.0,,2015
344,344,145.25171751231838,-38.00644950333879,T20150018968,2015-09-12,7,Yes,Collision with vehicle,Saturday,REAR END(VEHICLES IN SAME LANE),No,Dusk/Dawn,Not at intersection,Fatal accident,100,No,Non-Intersection,CASEY,METROPOLITAN SOUTH EAST REGION,3,2,1,1,0,1,2,1,0,0,3,0,0,0,0,0,0,0,0,0,No,0,3,1,2,0,0,Freeway,Freeway,Undivided,Undiv,Metro,Dry,Clear,2,1,36.5,42.0,2015
345,345,144.94820828869493,-36.198966056430734,T20150010194,2015-05-14,18,Yes,Collision with vehicle,Thursday,RIGHT REAR.,No,Dark Street lights on,Cross intersection,Fatal accident,100,No,Intersection,CAMPASPE,NORTHERN REGION,3,2,1,1,0,1,2,1,0,1,2,0,0,0,0,0,0,0,1,0,No,0,2,1,1,0,0,Arterial Highway,"Arterial Highway,Local Road,Arterial Other",Undivided,Undiv,Country,Dry,Clear,2,0,57.5,,2015
346,346,146.95069935315962,-36.22659954321645,T20150010990,2015-05-23,21,Yes,Vehicle overturned (no collision),Saturday,OFF CARRIAGEWAY TO RIGHT,No,Dark No street lights,Not at intersection,Fatal accident,100,Yes,Non-Intersection,WODONGA,NORTH EASTERN REGION,4,4,1,3,0,0,4,0,0,3,1,0,0,0,0,0,0,0,0,0,No,1,1,0,1,0,0,Arterial Other,Arterial Other,Undivided,Undiv,Country,Dry,Fog,1,0,17.0,,2015
347,347,145.24046346299136,-37.98222042050508,T20150011387,2015-05-29,2,Yes,Collision with a fixed object,Friday,RIGHT OFF CARRIAGEWAY INTO OBJECT/PARKED VEHICLE,No,Dark Street lights on,Not at intersection,Fatal accident,60,Yes,Non-Intersection,CASEY,METROPOLITAN SOUTH EAST REGION,1,1,1,0,0,0,1,0,0,0,1,0,0,0,0,0,0,0,0,0,No,1,1,0,1,0,0,Local Road,Local Road,Undivided,Undiv,Metro,Dry,Clear,1,0,33.0,,2015
348,348,145.0037304708979,-37.261970249471496,T20150010651,2015-05-20,2,Yes,Collision with a fixed object,Wednesday,LEFT OFF CARRIAGEWAY INTO OBJECT/PARKED VEHICLE,No,Dark No street lights,Not at intersection,Fatal accident,100,Yes,Non-Intersection,MITCHELL,NORTHERN REGION,1,1,1,0,0,0,0,1,0,0,1,0,0,0,0,0,0,0,0,0,No,0,1,0,1,0,0,Local Road,Local Road,Undivided,Undiv,Country,Wet,Raining,0,1,,29.0,2015
349,349,145.21873782473014,-38.184927051715654,T20150011461,2015-05-29,17,Yes,Collision with vehicle,Friday,CROSS TRAFFIC(INTERSECTIONS ONLY),No,Dusk/Dawn,Cross intersection,Fatal accident,100,No,Intersection,FRANKSTON,METROPOLITAN SOUTH EAST REGION,7,1,1,0,0,6,5,2,0,4,3,0,0,0,0,0,0,0,0,1,No,0,3,0,3,0,0,Arterial Highway,"Arterial Highway,Local Road",Undivided,Undiv,Metro,Dry,Clear,1,2,29.0,24.0,2015
350,350,143.2422640371945,-38.60538177783319,T20150011094,2015-05-25,13,No,Vehicle overturned (no collision),Monday,OFF CARRIAGEWAY ON RIGHT BEND,No,Day,Not at intersection,Fatal accident,100,Yes,Non-Intersection,CORANGAMITE,SOUTH WESTERN REGION,1,1,1,0,0,0,1,0,0,0,1,0,0,0,0,0,0,0,0,0,No,0,1,0,1,0,0,Local Road,Local Road,Undivided,Undiv,Country,Dry,Clear,1,0,55.0,,2015
351,351,144.0267998778086,-36.74885061706848,T20150010368,2015-05-16,17,Yes,Collision with vehicle,Saturday,PULLING OUT -REAR END,No,Dusk/Dawn,Not at intersection,Fatal accident,100,No,Non-Intersection,LODDON,NORTHERN REGION,7,1,1,0,0,6,4,3,0,4,3,0,0,0,0,0,0,0,0,1,No,0,3,0,3,0,0,Arterial Highway,Arterial Highway,Undivided,Undiv,Country,Dry,Clear,2,1,34.0,35.0,2015
352,352,145.09145920821595,-37.11877991710288,T20150010737,2015-05-20,19,Yes,Collision with a fixed object,Wednesday,LEFT OFF CARRIAGEWAY INTO OBJECT/PARKED VEHICLE,No,Dark No street lights,Not at intersection,Fatal accident,110,Yes,Non-Intersection,MITCHELL,NORTHERN REGION,1,1,1,0,0,0,1,0,0,0,1,0,0,0,0,0,0,0,0,0,No,0,1,0,1,0,0,Freeway,Freeway,Divided,Div,Country,Dry,Clear,1,0,40.0,,2015
353,353,146.05602400647155,-38.685231720510274,T20150011529,2015-05-30,16,Yes,Collision with vehicle,Saturday,HEAD ON (NOT OVERTAKING),No,Dusk/Dawn,T intersection,Fatal accident,100,No,Intersection,SOUTH GIPPSLAND,EASTERN REGION,2,1,1,0,0,1,2,0,0,0,2,0,0,0,0,0,0,0,0,1,No,0,2,1,1,0,0,Arterial Other,"Arterial Other,Local Road",Undivided,Undiv,Country,Dry,Clear,2,0,41.5,,2015
354,354,144.93425126301253,-37.63773957024455,T20150011545,2015-05-30,23,Yes,Collision with a fixed object,Saturday,OFF RIGHT BEND INTO OBJECT/PARKED VEHICLE,No,Dark Street lights on,Not at intersection,Fatal accident,50,Yes,Non-Intersection,HUME,METROPOLITAN NORTH WEST REGION,8,6,1,5,0,2,3,3,0,6,2,0,0,0,0,0,0,0,0,1,No,0,2,0,2,0,0,Local Road,Local Road,Undivided,Undiv,Metro,Dry,Clear,1,0,18.0,,2015
355,355,145.86376988502488,-37.02743020573777,T20150010795,2015-05-21,12,No,Collision with vehicle,Thursday,HEAD ON (NOT OVERTAKING),No,Day,Not at intersection,Fatal accident,80,No,Non-Intersection,MANSFIELD,NORTH EASTERN REGION,3,2,1,0,1,1,3,0,0,1,2,0,0,0,0,0,0,0,0,0,No,0,2,0,1,0,0,Arterial Highway,Arterial Highway,Undivided,Undiv,Country,Dry,Clear,2,0,47.5,,2015
356,356,145.00100235368956,-37.69381261332777,T20150015521,2015-07-25,8,No,Collision with vehicle,Saturday,RIGHT THROUGH,No,Dusk/Dawn,Cross intersection,Fatal accident,70,No,Intersection,WHITTLESEA,METROPOLITAN NORTH WEST REGION,5,1,1,0,0,4,3,2,0,0,5,0,0,0,0,0,0,0,0,0,No,0,5,0,4,0,0,Arterial Other,"Arterial Other,Local Road",Divided,"Div,Undiv",Metro,Dry,Clear,3,2,46.66666666666666,28.0,2015
357,357,144.93917939950003,-37.714145794658535,T20150015602,2015-07-26,20,Yes,Struck Pedestrian,Sunday,PED STRUCK WALKING TO/FROM OR BOARDING/ALIGHTING VEHICLE.,No,Dark Street lights on,T intersection,Fatal accident,50,No,Intersection,MORELAND,METROPOLITAN NORTH WEST REGION,3,2,1,0,1,1,2,1,0,0,2,1,0,0,0,0,0,1,0,0,No,0,2,0,2,0,0,Local Road,Local Road,Undivided,Undiv,Metro,Dry,Clear,2,0,52.0,,2015
358,358,145.05233995053544,-37.59602022079036,T20150015985,2015-07-31,15,No,Collision with vehicle,Friday,HEAD ON(OVERTAKING),No,Day,Not at intersection,Fatal accident,80,No,Non-Intersection,WHITTLESEA,METROPOLITAN NORTH WEST REGION,4,2,1,1,0,2,3,1,0,1,3,0,0,0,0,0,0,0,0,1,No,0,3,0,3,0,0,Local Road,Local Road,Undivided,Undiv,Metro,Dry,Clear,2,1,26.0,67.0,2015
359,359,144.5756306452409,-37.84624503496432,T20150008771,2015-04-25,18,Yes,Collision with a fixed object,Saturday,OFF RIGHT BEND INTO OBJECT/PARKED VEHICLE,No,Dark No street lights,T intersection,Fatal accident,100,Yes,Intersection,WYNDHAM,METROPOLITAN NORTH WEST REGION,1,1,1,0,0,0,1,0,0,0,0,0,0,1,0,0,0,0,0,0,Yes,0,1,0,0,1,0,Arterial Other,"Arterial Other,Local Road",Undivided,Undiv,Metro,Wet,Clear,1,0,27.0,,2015
360,360,144.99901945909832,-37.76934589850657,T20150009997,2015-05-12,9,No,Struck Pedestrian,Tuesday,PED NEAR SIDE. PED HIT BY VEHICLE FROM THE RIGHT.,No,Day,Cross intersection,Fatal accident,40,No,Intersection,DAREBIN,METROPOLITAN NORTH WEST REGION,2,1,1,0,0,1,0,2,0,0,1,1,0,0,0,0,0,1,0,0,No,0,1,0,1,0,0,Local Road,Local Road,Undivided,Undiv,Metro,Wet,Raining,0,1,,74.0,2015
361,361,144.17788852691518,-37.97087073460619,T20150008803,2015-04-26,7,Yes,Collision with a fixed object,Sunday,LEFT OFF CARRIAGEWAY INTO OBJECT/PARKED VEHICLE,No,Dusk/Dawn,Not at intersection,Fatal accident,100,Yes,Non-Intersection,GOLDEN PLAINS,SOUTH WESTERN REGION,2,2,2,0,0,0,2,0,0,1,1,0,0,0,0,0,0,0,0,0,Yes,1,1,0,1,0,0,Arterial Other,Arterial Other,Undivided,Undiv,Country,Unknown,Not known,1,0,44.0,,2015
362,362,144.17788852691518,-37.97087073460619,T20150008803,2015-04-26,7,Yes,Collision with a fixed object,Sunday,LEFT OFF CARRIAGEWAY INTO OBJECT/PARKED VEHICLE,No,Dusk/Dawn,Not at intersection,Fatal accident,100,Yes,Non-Intersection,GOLDEN PLAINS,SOUTH WESTERN REGION,2,2,2,0,0,0,2,0,0,1,1,0,0,0,0,0,0,0,0,0,Yes,1,1,0,1,0,0,Arterial Other,Arterial Other,Undivided,Undiv,Country,Unknown,Not known,1,0,44.0,,2015
363,363,144.6910405631225,-37.93429006637891,T20150009608,2015-05-07,4,Yes,Collision with a fixed object,Thursday,LEFT OFF CARRIAGEWAY INTO OBJECT/PARKED VEHICLE,No,Dark No street lights,Not at intersection,Fatal accident,80,Yes,Non-Intersection,WYNDHAM,METROPOLITAN NORTH WEST REGION,1,1,1,0,0,0,1,0,0,0,1,0,0,0,0,0,0,0,1,0,No,0,1,0,1,0,0,Local Road,Local Road,Undivided,Undiv,Metro,Dry,Clear,1,0,75.0,,2015
364,364,141.38363047184367,-37.51237999246614,T20150009234,2015-05-02,0,Yes,Collision with a fixed object,Saturday,OFF RIGHT BEND INTO OBJECT/PARKED VEHICLE,No,Dark No street lights,Not at intersection,Fatal accident,100,Yes,Non-Intersection,GLENELG,SOUTH WESTERN REGION,1,1,1,0,0,0,1,0,0,0,1,0,0,0,0,0,0,0,0,0,No,0,1,0,1,0,0,Arterial Other,Arterial Other,Undivided,Undiv,Country,Dry,Clear,1,0,31.0,,2015
365,365,143.7375757535909,-37.546505091725344,T20150007799,2015-04-13,16,No,Collision with vehicle,Monday,CROSS TRAFFIC(INTERSECTIONS ONLY),No,Day,Cross intersection,Fatal accident,100,No,Intersection,BALLARAT,WESTERN REGION,2,1,1,0,0,1,2,0,0,0,1,0,0,1,0,0,0,0,0,0,No,0,2,0,1,1,0,Local Road,Local Road,Undivided,Undiv,Country,Dry,Clear,2,0,41.5,,2015
366,366,145.12351079273046,-37.66376983138928,T20150008234,2015-04-19,7,Yes,Collision with a fixed object,Sunday,OFF LEFT BEND INTO OBJECT/PARKED VEHICLE,No,Dusk/Dawn,Not at intersection,Fatal accident,70,Yes,Non-Intersection,NILLUMBIK,METROPOLITAN NORTH WEST REGION,2,2,1,0,1,0,2,0,0,1,1,0,0,0,0,0,0,0,0,1,No,0,1,0,1,0,0,Arterial Other,Arterial Other,Undivided,Undiv,Metro,Wet,Raining,1,0,18.0,,2015
367,367,145.52448075830316,-37.84522977327804,T20150008243,2015-04-19,6,Yes,Collision with a fixed object,Sunday,OFF RIGHT BEND INTO OBJECT/PARKED VEHICLE,No,Dark No street lights,Not at intersection,Fatal accident,100,Yes,Non-Intersection,YARRA RANGES,METROPOLITAN SOUTH EAST REGION,1,1,1,0,0,0,0,1,0,0,1,0,0,0,0,0,0,0,0,1,No,0,1,0,1,0,0,Arterial Other,Arterial Other,Undivided,Undiv,Metro,Wet,Raining,0,1,,19.0,2015
368,368,144.22708952844602,-38.07110035528905,T20150007920,2015-04-15,13,No,Collision with a fixed object,Wednesday,LEFT OFF CARRIAGEWAY INTO OBJECT/PARKED VEHICLE,No,Day,Not at intersection,Fatal accident,100,Yes,Non-Intersection,GOLDEN PLAINS,SOUTH WESTERN REGION,1,1,1,0,0,0,0,1,0,0,1,0,0,0,0,0,0,0,0,0,No,0,1,0,1,0,0,Arterial Highway,Arterial Highway,Undivided,Undiv,Country,Dry,Clear,0,1,,51.0,2015
369,369,145.15785882941447,-38.19753839863164,T20150007146,2015-04-04,19,Yes,Collision with a fixed object,Saturday,OFF RIGHT BEND INTO OBJECT/PARKED VEHICLE,No,Dusk/Dawn,Not at intersection,Fatal accident,50,Yes,Non-Intersection,MORNINGTON PENINSULA,METROPOLITAN SOUTH EAST REGION,1,1,1,0,0,0,1,0,0,0,0,0,0,1,0,0,0,0,0,0,Yes,0,2,0,1,1,0,Local Road,Local Road,Undivided,Undiv,Metro,Dry,Clear,1,0,29.0,,2015
370,370,145.60451077770887,-37.801991431543435,T20150007573,2015-04-10,23,Yes,Vehicle overturned (no collision),Friday,OFF CARRIAGEWAY ON RIGHT BEND,No,Dark No street lights,Not at intersection,Fatal accident,80,Yes,Non-Intersection,YARRA RANGES,METROPOLITAN SOUTH EAST REGION,6,6,1,2,3,0,5,1,0,5,1,0,0,0,0,0,0,0,0,1,Yes,0,1,0,1,0,0,Local Road,Local Road,Undivided,Undiv,Metro,Dry,Clear,1,0,22.0,,2015
371,371,144.89946566535284,-37.79949229046929,T20150007580,2015-04-11,3,Yes,Collision with a fixed object,Saturday,PARKED CAR RUN AWAY,No,Dark Street lights on,Not at intersection,Fatal accident,50,No,Non-Intersection,MARIBYRNONG,METROPOLITAN NORTH WEST REGION,1,1,1,0,0,0,1,0,0,0,0,1,0,0,0,0,0,0,0,0,No,0,1,1,0,0,0,Local Road,Local Road,Undivided,Undiv,Metro,Dry,Clear,0,0,,,2015
372,372,145.96734464140556,-36.631879415104734,T20150008012,2015-04-16,11,No,Collision with vehicle,Thursday,HEAD ON (NOT OVERTAKING),No,Day,Not at intersection,Fatal accident,100,No,Non-Intersection,BENALLA,NORTH EASTERN REGION,2,2,2,0,0,0,2,0,0,0,2,0,0,0,0,0,0,0,0,1,No,0,2,0,2,0,0,Arterial Highway,Arterial Highway,Undivided,Undiv,Country,Dry,Clear,2,0,42.5,,2015
373,373,145.96734464140556,-36.631879415104734,T20150008012,2015-04-16,11,No,Collision with vehicle,Thursday,HEAD ON (NOT OVERTAKING),No,Day,Not at intersection,Fatal accident,100,No,Non-Intersection,BENALLA,NORTH EASTERN REGION,2,2,2,0,0,0,2,0,0,0,2,0,0,0,0,0,0,0,0,1,No,0,2,0,2,0,0,Arterial Highway,Arterial Highway,Undivided,Undiv,Country,Dry,Clear,2,0,42.5,,2015
374,374,145.58474023140232,-38.320419930067615,T20150007238,2015-04-06,9,No,Collision with vehicle,Monday,HEAD ON(OVERTAKING),No,Day,Not at intersection,Fatal accident,100,No,Non-Intersection,CARDINIA,EASTERN REGION,3,3,1,2,0,0,1,2,0,1,2,0,0,0,0,0,0,0,1,0,No,0,2,0,2,0,0,Arterial Highway,Arterial Highway,Undivided,Undiv,Metro,Dry,Clear,1,1,79.0,30.0,2015
375,375,142.30706252432776,-34.922899595109484,T20150007244,2015-04-06,0,Yes,Collision with a fixed object,Monday,OFF RIGHT BEND INTO OBJECT/PARKED VEHICLE,No,Dark No street lights,Not at intersection,Fatal accident,110,Yes,Non-Intersection,MILDURA,WESTERN REGION,1,1,1,0,0,0,0,1,0,0,1,0,0,0,0,0,0,0,0,0,No,0,1,0,1,0,0,Arterial Highway,Arterial Highway,Undivided,Undiv,Country,Dry,Clear,0,1,,27.0,2015
376,376,145.38917472424762,-38.05747065464685,T20150008047,2015-04-17,2,Yes,Vehicle overturned (no collision),Friday,OFF CARRIAGEWAY TO LEFT,No,Dark Street lights on,Not at intersection,Fatal accident,60,Yes,Non-Intersection,CARDINIA,METROPOLITAN SOUTH EAST REGION,2,2,1,1,0,0,2,0,0,1,1,0,0,0,0,0,0,0,0,1,Yes,0,1,0,1,0,0,Local Road,Local Road,Undivided,Undiv,Metro,Dry,Clear,1,0,22.0,,2015
377,377,144.6627088583994,-37.78054987954487,T20150007253,2015-04-06,15,No,Collision with a fixed object,Monday,LEFT OFF CARRIAGEWAY INTO OBJECT/PARKED VEHICLE,No,Day,Not at intersection,Fatal accident,100,Yes,Non-Intersection,MELTON,METROPOLITAN NORTH WEST REGION,1,1,1,0,0,0,1,0,0,0,1,0,0,0,0,0,0,0,0,1,No,0,1,0,1,0,0,Local Road,Local Road,Undivided,Undiv,Metro,Dry,Clear,1,0,23.0,,2015
378,378,145.1447905799951,-37.85156699506245,T20150019033,2015-09-13,8,Yes,Collision with a fixed object,Sunday,LEFT OFF CARRIAGEWAY INTO OBJECT/PARKED VEHICLE,No,Day,Not at intersection,Fatal accident,80,Yes,Non-Intersection,WHITEHORSE,METROPOLITAN SOUTH EAST REGION,1,1,1,0,0,0,1,0,0,0,0,0,0,1,0,0,0,0,0,0,No,0,1,0,0,1,0,Arterial Highway,Arterial Highway,Divided,Div,Metro,Dry,Clear,1,0,32.0,,2015
379,379,144.31858700168075,-38.32183964371082,T20150019048,2015-09-13,15,No,Collision with vehicle,Sunday,REAR END(VEHICLES IN SAME LANE),No,Day,Not at intersection,Fatal accident,60,No,Non-Intersection,SURF COAST,SOUTH WESTERN REGION,5,1,1,0,0,4,3,1,0,2,3,0,0,0,0,0,0,0,1,0,No,0,3,0,3,0,0,Arterial Highway,Arterial Highway,Divided,Div,Country,Dry,Clear,2,1,50.0,87.0,2015
380,380,145.0218298071569,-37.80297992082957,T20150017945,2015-08-28,23,Yes,Collision with a fixed object,Friday,OFF RIGHT BEND INTO OBJECT/PARKED VEHICLE,No,Dark Street lights on,Not at intersection,Fatal accident,50,Yes,Non-Intersection,BOROONDARA,METROPOLITAN SOUTH EAST REGION,2,2,1,1,0,0,1,1,0,1,1,0,0,0,0,0,0,0,0,1,No,0,1,0,1,0,0,Arterial Other,Arterial Other,Undivided,Undiv,Metro,Dry,Clear,1,0,20.0,,2015