,Unnamed: 0,X,Y,ACCIDENT_NO,ACCIDENT_DATE,ACCIDENT_TIME,ALCOHOLTIME,ACCIDENT_TYPE,DAY_OF_WEEK,DCA_CODE,HIT_RUN_FLAG,LIGHT_CONDITION,ROAD_GEOMETRY,SEVERITY,SPEED_ZONE,RUN_OFFROAD,NODE_TYPE,LGA_NAME,REGION_NAME,TOTAL_PERSONS,INJ_OR_FATAL,FATALITY,SERIOUSINJURY,OTHERINJURY,NONINJURED,MALES,FEMALES,BICYCLIST,PASSENGER,DRIVER,PEDESTRIAN,PILLION,MOTORIST,UNKNOWN,PED_CYCLIST_5_12,PED_CYCLIST_13_18,OLD_PEDESTRIAN,OLD_DRIVER,YOUNG_DRIVER,ALCOHOL_RELATED,UNLICENCSED,NO_OF_VEHICLES,HEAVYVEHICLE,PASSENGERVEHICLE,MOTORCYCLE,PUBLICVEHICLE,RMA,RMA_ALL,DIVIDED,DIVIDED_ALL,STAT_DIV_NAME,Surface Cond Desc,Atmosph Cond Desc,no_male_driver,no_female_driver,avg_age_male,avg_age_female,year
381,381,144.67024998980568,-37.34540964944253,T20150016704,2015-08-11,9,No,Collision with a fixed object,Tuesday,RIGHT OFF CARRIAGEWAY INTO OBJECT/PARKED VEHICLE,No,Day,Not at intersection,Fatal accident,100,Yes,Non-Intersection,MACEDON RANGES,NORTHERN REGION,1,1,1,0,0,0,1,0,0,0,1,0,0,0,0,0,0,0,0,0,No,0,1,0,1,0,0,Local Road,Local Road,Undivided,Undiv,Country,Wet,Raining,1,0,67.0,,2015
382,382,144.67024998980568,-37.34540964944253,T20150016704,2015-08-11,9,No,Collision with a fixed object,Tuesday,RIGHT OFF CARRIAGEWAY INTO OBJECT/PARKED VEHICLE,No,Day,Not at intersection,Fatal accident,100,Yes,Non-Intersection,MACEDON RANGES,NORTHERN REGION,1,1,1,0,0,0,1,0,0,0,1,0,0,0,0,0,0,0,0,0,No,0,1,0,1,0,0,Local Road,Local Road,Undivided,Undiv,Country,Wet,Fog,1,0,67.0,,2015
383,383,146.6927132791539,-38.27539873009096,T20150017155,2015-08-17,15,No,Collision with a fixed object,Monday,LEFT OFF CARRIAGEWAY INTO OBJECT/PARKED VEHICLE,No,Day,Not at intersection,Fatal accident,100,Yes,Non-Intersection,WELLINGTON,EASTERN REGION,2,2,1,1,0,0,2,0,0,1,1,0,0,0,0,0,0,0,0,0,No,0,1,0,1,0,0,Arterial Other,Arterial Other,Undivided,Undiv,Country,Wet,Raining,1,0,50.0,,2015
384,384,141.6224429382359,-38.221888921070814,T20150017566,2015-08-23,20,Yes,Collision with a fixed object,Sunday,LEFT OFF CARRIAGEWAY INTO OBJECT/PARKED VEHICLE,No,Dark No street lights,Not at intersection,Fatal accident,80,Yes,Non-Intersection,GLENELG,SOUTH WESTERN REGION,1,1,1,0,0,0,1,0,0,0,0,0,0,1,0,0,0,0,0,0,No,0,1,0,0,1,0,Arterial Highway,Arterial Highway,Undivided,Undiv,Country,Dry,Clear,1,0,36.0,,2015
385,385,144.90617995203996,-38.36788100764309,T20150016781,2015-08-12,9,No,Collision with vehicle,Wednesday,HEAD ON(OVERTAKING),No,Day,Not at intersection,Fatal accident,60,No,Non-Intersection,MORNINGTON PENINSULA,METROPOLITAN SOUTH EAST REGION,10,10,2,7,1,0,3,7,0,8,2,0,0,0,0,0,0,0,0,1,No,1,2,0,1,0,0,Local Road,Local Road,Undivided,Undiv,Metro,Dry,Clear,2,0,46.5,,2015
386,386,144.90617995203996,-38.36788100764309,T20150016781,2015-08-12,9,No,Collision with vehicle,Wednesday,HEAD ON(OVERTAKING),No,Day,Not at intersection,Fatal accident,60,No,Non-Intersection,MORNINGTON PENINSULA,METROPOLITAN SOUTH EAST REGION,10,10,2,7,1,0,3,7,0,8,2,0,0,0,0,0,0,0,0,1,No,1,2,0,1,0,0,Local Road,Local Road,Undivided,Undiv,Metro,Dry,Clear,2,0,46.5,,2015
387,387,145.13794664599288,-38.02066797656015,T20150016814,2015-08-12,22,Yes,Vehicle overturned (no collision),Wednesday,OFF CARRIAGEWAY TO LEFT,No,Dark Street lights on,Not at intersection,Fatal accident,100,Yes,Non-Intersection,DANDENONG,METROPOLITAN SOUTH EAST REGION,1,1,1,0,0,0,1,0,0,0,1,0,0,0,0,0,0,0,0,0,No,0,1,0,1,0,0,Arterial Highway,Arterial Highway,Divided,Div,Metro,Dry,Clear,1,0,57.0,,2015
388,388,146.01365162157697,-36.541717690275775,T20150017254,2015-08-18,20,Yes,Struck Pedestrian,Tuesday,PED PLAYING/LYING/WORKING/STANDING ON CARRIAGEWAY.,No,Dark No street lights,Not at intersection,Fatal accident,80,No,Non-Intersection,BENALLA,NORTH EASTERN REGION,2,1,1,0,0,1,1,1,0,0,1,1,0,0,0,0,0,0,0,0,No,0,1,0,1,0,0,Arterial Other,Arterial Other,Undivided,Undiv,Country,Dry,Clear,0,1,,61.0,2015
389,389,148.02681026402436,-37.86169024802197,T20150017255,2015-08-18,19,Yes,Struck Pedestrian,Tuesday,ANY MANOEUVRE INVOLVING PED NOT INCLUDED IN DCAs 100-108.,Yes,Dark Street lights on,Not at intersection,Fatal accident,90,No,Non-Intersection,EAST GIPPSLAND,EASTERN REGION,2,1,1,0,0,1,2,0,0,0,1,1,0,0,0,0,0,0,1,0,No,0,1,0,1,0,0,Arterial Highway,Arterial Highway,Undivided,Undiv,Country,Dry,Clear,1,0,81.0,,2015
390,390,145.31629658692634,-38.08727419419776,T20150017271,2015-08-18,17,No,Collision with vehicle,Tuesday,RIGHT NEAR (INTERSECTIONS ONLY),No,Dusk/Dawn,T intersection,Fatal accident,80,No,Intersection,CASEY,METROPOLITAN SOUTH EAST REGION,2,2,1,0,1,0,2,0,0,0,2,0,0,0,0,0,0,0,1,0,No,0,2,0,2,0,0,Arterial Other,"Arterial Other,Local Road",Divided,"Div,Undiv",Metro,Dry,Clear,2,0,68.5,,2015
391,391,142.8625493504233,-36.128649924916736,T20150016455,2015-08-07,2,Yes,Collision with a fixed object,Friday,RIGHT OFF CARRIAGEWAY INTO OBJECT/PARKED VEHICLE,No,Dark No street lights,Not at intersection,Fatal accident,100,Yes,Non-Intersection,BULOKE,NORTHERN REGION,2,2,1,1,0,0,1,1,0,1,1,0,0,0,0,0,0,0,0,1,Yes,0,1,0,1,0,0,Arterial Highway,Arterial Highway,Undivided,Undiv,Country,Unknown,Not known,0,1,,24.0,2015
392,392,144.3566417932061,-38.0900302202076,T20150016862,2015-08-13,11,No,Struck Pedestrian,Thursday,PED NEAR SIDE. PED HIT BY VEHICLE FROM THE RIGHT.,No,Day,Not at intersection,Fatal accident,80,No,Non-Intersection,GEELONG,SOUTH WESTERN REGION,3,3,1,0,2,0,1,2,0,1,1,1,0,0,0,0,0,1,0,1,No,0,1,0,1,0,0,Arterial Highway,Arterial Highway,Divided,Div,Country,Dry,Clear,0,1,,21.0,2015
393,393,143.14625942072047,-38.210800924758225,T20150017362,2015-08-20,11,No,Collision with vehicle,Thursday,RIGHT FAR (INTERSECTIONS ONLY),No,Day,Cross intersection,Fatal accident,100,No,Intersection,CORANGAMITE,SOUTH WESTERN REGION,2,2,1,1,0,0,1,1,0,0,2,0,0,0,0,0,0,0,0,1,No,0,2,0,2,0,0,Local Road,Local Road,Undivided,Undiv,Country,Dry,Clear,1,1,25.0,70.0,2015
394,394,145.54479333549827,-38.096434330408,T20150017743,2015-08-26,13,No,Collision with vehicle,Wednesday,RIGHT THROUGH,No,Day,T intersection,Fatal accident,100,No,Intersection,CARDINIA,METROPOLITAN SOUTH EAST REGION,2,2,1,1,0,0,0,2,0,0,2,0,0,0,0,0,0,0,1,0,No,0,2,0,2,0,0,Local Road,Local Road,Undivided,Undiv,Metro,Dry,Clear,0,2,,78.0,2015
395,395,144.89897820886563,-37.76977775108377,T20150016535,2015-08-08,20,Yes,Collision with vehicle,Saturday,HEAD ON(OVERTAKING),No,Dark Street lights on,T intersection,Fatal accident,60,No,Intersection,MARIBYRNONG,METROPOLITAN NORTH WEST REGION,4,2,1,0,1,2,3,1,0,0,4,0,0,0,0,0,0,0,0,0,No,0,4,0,4,0,0,Arterial Other,"Arterial Other,Local Road",Undivided,Undiv,Metro,Dry,Clear,3,1,38.0,26.0,2015
396,396,144.92781048682795,-37.597506962893476,T20150016946,2015-08-14,16,Yes,Struck Pedestrian,Friday,FAR SIDE. PED HIT BY VEHICLE FROM THE LEFT,No,Day,Not at intersection,Fatal accident,60,No,Non-Intersection,HUME,METROPOLITAN NORTH WEST REGION,3,1,1,0,0,2,1,2,0,1,1,1,0,0,0,0,0,1,0,0,No,0,1,0,1,0,0,Arterial Other,Arterial Other,Undivided,Undiv,Metro,Dry,Clear,0,1,,40.0,2015
397,397,142.45515826285302,-38.361603349120216,T20150017395,2015-08-20,20,Yes,Collision with vehicle,Thursday,CROSS TRAFFIC(INTERSECTIONS ONLY),No,Dark No street lights,Cross intersection,Fatal accident,70,No,Intersection,WARRNAMBOOL,SOUTH WESTERN REGION,4,2,1,1,0,2,3,1,0,2,2,0,0,0,0,0,0,0,0,1,No,0,2,1,1,0,0,Arterial Highway,"Arterial Highway,Local Road",Divided,"Div,Undiv",Country,Dry,Clear,1,1,24.0,58.0,2015
398,398,145.31831462619874,-36.691530001191936,T20150016997,2015-08-15,12,No,Collision with a fixed object,Saturday,RIGHT OFF CARRIAGEWAY INTO OBJECT/PARKED VEHICLE,No,Day,Not at intersection,Fatal accident,100,Yes,Non-Intersection,STRATHBOGIE,NORTH EASTERN REGION,4,4,1,3,0,0,2,2,0,3,1,0,0,0,0,0,0,0,0,0,No,0,1,0,1,0,0,Local Road,Local Road,Undivided,Undiv,Country,Dry,Clear,1,0,27.0,,2015
399,399,147.86483971520545,-37.820922283600666,T20150017023,2015-08-15,18,Yes,Struck Pedestrian,Saturday,PED WALKING WITH TRAFFIC,No,Dark No street lights,Not at intersection,Fatal accident,50,No,Non-Intersection,EAST GIPPSLAND,EASTERN REGION,3,2,1,1,0,1,3,0,0,0,1,2,0,0,0,0,0,0,0,0,No,0,1,0,1,0,0,Local Road,Local Road,Undivided,Undiv,Country,Dry,Clear,1,0,34.0,,2015
400,400,145.30929445694218,-37.89348907252917,T20150017854,2015-08-27,18,Yes,Struck Pedestrian,Thursday,PED NEAR SIDE. PED HIT BY VEHICLE FROM THE RIGHT.,No,Dark Street lights on,Cross intersection,Fatal accident,70,No,Intersection,KNOX,METROPOLITAN SOUTH EAST REGION,2,1,1,0,0,1,2,0,0,0,1,1,0,0,0,0,0,1,0,0,No,0,1,0,1,0,0,Arterial Highway,"Arterial Highway,Local Road",Divided,"Div,Undiv",Metro,Wet,Raining,1,0,49.0,,2015
401,401,145.35291837072532,-37.664619796548315,T20150017071,2015-08-16,3,Yes,Vehicle overturned (no collision),Sunday,OFF CARRIAGEWAY ON LEFT BEND,No,Dark No street lights,Not at intersection,Fatal accident,80,Yes,Non-Intersection,YARRA RANGES,METROPOLITAN SOUTH EAST REGION,3,3,1,2,0,0,3,0,0,2,1,0,0,0,0,0,0,0,0,0,Yes,0,1,0,1,0,0,Local Road,Local Road,Undivided,Undiv,Metro,Dry,Fog,1,0,17.0,,2015
402,402,145.25383026336573,-37.89346265047062,T20150007310,2015-04-07,12,No,Collision with vehicle,Tuesday,RIGHT THROUGH,No,Day,T intersection,Fatal accident,80,No,Intersection,KNOX,METROPOLITAN SOUTH EAST REGION,3,3,1,1,1,0,1,2,0,1,2,0,0,0,0,0,0,0,0,0,No,0,2,0,2,0,0,Arterial Other,"Arterial Other,Local Road",Divided,"Div,Undiv",Metro,Wet,Raining,1,1,58.0,70.0,2015
403,403,144.69146994236903,-37.6276804599918,T20150012406,2015-06-11,15,No,Collision with vehicle,Thursday,HEAD ON (NOT OVERTAKING),No,Day,Not at intersection,Fatal accident,100,No,Non-Intersection,MELTON,METROPOLITAN NORTH WEST REGION,2,1,1,0,0,1,1,1,0,0,2,0,0,0,0,0,0,0,0,0,No,0,2,1,1,0,0,Arterial Other,Arterial Other,Undivided,Undiv,Metro,Dry,Clear,1,1,41.0,50.0,2015
404,404,144.4512562410218,-37.26006962538911,T20150012011,2015-06-05,17,Yes,Struck Pedestrian,Friday,PED WALKING WITH TRAFFIC,No,Dark No street lights,Not at intersection,Fatal accident,60,No,Non-Intersection,MACEDON RANGES,NORTHERN REGION,2,1,1,0,0,1,1,1,0,0,1,1,0,0,0,0,0,0,0,0,No,0,1,0,1,0,0,Arterial Other,Arterial Other,Undivided,Undiv,Country,Dry,Clear,1,0,32.0,,2015
405,405,144.98529600516017,-38.32948187823881,T20150012858,2015-06-17,12,No,Collision with vehicle,Wednesday,RIGHT NEAR (INTERSECTIONS ONLY),No,Day,Cross intersection,Fatal accident,60,No,Intersection,MORNINGTON PENINSULA,METROPOLITAN SOUTH EAST REGION,2,1,1,0,0,1,2,0,1,0,1,0,0,0,0,0,1,0,0,0,No,0,2,0,1,0,0,Arterial Highway,"Arterial Highway,Local Road",Divided,"Div,Undiv",Metro,Wet,Raining,2,0,31.5,,2015
406,406,147.56631867483347,-37.84759524096447,T20150012062,2015-06-06,11,No,Collision with vehicle,Saturday,RIGHT NEAR (INTERSECTIONS ONLY),No,Day,Cross intersection,Fatal accident,100,No,Intersection,EAST GIPPSLAND,EASTERN REGION,4,2,2,0,0,2,2,2,0,2,2,0,0,0,0,0,0,0,0,0,No,0,2,1,1,0,0,Arterial Highway,"Arterial Highway,Local Road,Arterial Other",Undivided,Undiv,Country,Dry,Clear,2,0,70.5,,2015
407,407,147.56631867483347,-37.84759524096447,T20150012062,2015-06-06,11,No,Collision with vehicle,Saturday,RIGHT NEAR (INTERSECTIONS ONLY),No,Day,Cross intersection,Fatal accident,100,No,Intersection,EAST GIPPSLAND,EASTERN REGION,4,2,2,0,0,2,2,2,0,2,2,0,0,0,0,0,0,0,0,0,No,0,2,1,1,0,0,Arterial Highway,"Arterial Highway,Local Road,Arterial Other",Undivided,Undiv,Country,Dry,Clear,2,0,70.5,,2015
408,408,144.619591934288,-37.473987224464345,T20150012503,2015-06-12,16,Yes,Collision with vehicle,Friday,CROSS TRAFFIC(INTERSECTIONS ONLY),No,Dusk/Dawn,Cross intersection,Fatal accident,100,No,Intersection,MACEDON RANGES,NORTHERN REGION,3,2,1,1,0,1,3,0,0,1,2,0,0,0,0,0,0,0,0,1,No,0,2,1,1,0,0,Arterial Other,"Arterial Other,Local Road",Undivided,Undiv,Country,Dry,Clear,2,0,35.0,,2015
409,409,142.75447028266757,-35.31050491409007,T20150012516,2015-06-13,0,Yes,Collision with vehicle,Saturday,HEAD ON (NOT OVERTAKING),No,Dark No street lights,Not at intersection,Fatal accident,110,No,Non-Intersection,BULOKE,NORTHERN REGION,2,1,1,0,0,1,2,0,0,0,2,0,0,0,0,0,0,0,0,0,No,0,2,1,1,0,0,Arterial Highway,Arterial Highway,Undivided,Undiv,Country,Dry,Clear,2,0,40.0,,2015
410,410,147.37871717738534,-37.81712963369278,T20150012135,2015-06-07,16,Yes,Vehicle overturned (no collision),Sunday,OFF CARRIAGEWAY TO LEFT,No,Dusk/Dawn,Not at intersection,Fatal accident,Not known,Yes,Non-Intersection,EAST GIPPSLAND,EASTERN REGION,5,4,1,3,0,1,3,2,0,4,1,0,0,0,0,0,0,0,0,0,No,0,1,0,1,0,0,Local Road,Local Road,Undivided,Undiv,Country,Dry,Clear,0,1,,31.0,2015
411,411,147.17107906861798,-38.172437870974754,T20150012926,2015-06-17,21,Yes,Collision with a fixed object,Wednesday,OFF RIGHT BEND INTO OBJECT/PARKED VEHICLE,No,Dark No street lights,Not at intersection,Fatal accident,100,Yes,Non-Intersection,WELLINGTON,EASTERN REGION,1,1,1,0,0,0,0,1,0,0,1,0,0,0,0,0,0,0,0,0,No,0,1,0,1,0,0,Arterial Other,Arterial Other,Undivided,Undiv,Country,Wet,Raining,0,1,,27.0,2015
412,412,145.21802022547715,-37.85484021400028,T20150012670,2015-06-15,10,No,Collision with vehicle,Monday,VEHICLE STRIKES ANOTHER VEH WHILE EMERGING FROM DRIVEWAY,No,Day,Not at intersection,Fatal accident,80,No,Non-Intersection,KNOX,METROPOLITAN SOUTH EAST REGION,2,1,1,0,0,1,2,0,0,0,2,0,0,0,0,0,0,0,0,0,No,1,2,1,0,0,0,Arterial Other,Arterial Other,Divided,Div,Metro,Dry,Clear,2,0,43.5,,2015
413,413,144.6910556201187,-37.83445973025689,T20150013060,2015-06-19,19,Yes,Collision with vehicle,Friday,RIGHT THROUGH,No,Dark Street lights on,Cross intersection,Fatal accident,60,No,Intersection,WYNDHAM,METROPOLITAN NORTH WEST REGION,6,3,1,2,0,3,1,4,0,4,2,0,0,0,0,0,0,0,0,0,No,0,2,0,2,0,0,Arterial Other,"Arterial Other,Local Road",Undivided,Undiv,Metro,Wet,Raining,0,2,,32.0,2015
414,414,145.5191561962694,-37.693177844330705,T20150011905,2015-06-04,16,No,Collision with vehicle,Thursday,RIGHT THROUGH,No,Dusk/Dawn,T intersection,Fatal accident,100,No,Intersection,YARRA RANGES,METROPOLITAN SOUTH EAST REGION,2,1,1,0,0,1,2,0,0,0,2,0,0,0,0,0,0,0,1,0,No,0,2,0,2,0,0,Arterial Other,"Arterial Other,Local Road",Undivided,Undiv,Metro,Wet,Raining,2,0,51.0,,2015
415,415,146.239410973277,-38.621780741718005,T20150012365,2015-06-11,7,No,No collision and no object struck,Thursday,OUT OF CONTROL ON CARRIAGEWAY (ON STRAIGHT),No,Dark No street lights,Not at intersection,Fatal accident,100,No,Non-Intersection,SOUTH GIPPSLAND,EASTERN REGION,1,1,1,0,0,0,1,0,1,0,0,0,0,0,0,0,0,0,0,0,No,0,1,0,0,0,0,Local Road,Local Road,Undivided,Undiv,Country,Dry,Clear,1,0,40.0,,2015
416,416,144.95293963810252,-37.60036347111962,T20150020455,2015-10-03,12,No,Collision with a fixed object,Saturday,OUT OF CONTROL (OVERTAKING),No,Day,Not at intersection,Fatal accident,80,Yes,Non-Intersection,WHITTLESEA,METROPOLITAN NORTH WEST REGION,4,1,1,0,0,3,4,0,0,2,2,0,0,0,0,0,0,0,0,0,No,0,2,0,2,0,0,Arterial Other,Arterial Other,Divided,Div,Metro,Dry,Clear,2,0,41.5,,2015
417,417,143.70224043110574,-36.478189592031384,T20150020087,2015-09-28,5,Yes,Collision with a fixed object,Monday,LEFT OFF CARRIAGEWAY INTO OBJECT/PARKED VEHICLE,No,Dark No street lights,Not at intersection,Fatal accident,100,Yes,Non-Intersection,LODDON,NORTHERN REGION,2,2,1,1,0,0,1,1,0,1,1,0,0,0,0,0,0,0,0,0,No,0,1,0,1,0,0,Arterial Highway,Arterial Highway,Undivided,Undiv,Country,Dry,Clear,0,1,,39.0,2015
418,418,143.07579416285387,-37.683101165869154,T20150019699,2015-09-22,14,No,Collision with vehicle,Tuesday,CROSS TRAFFIC(INTERSECTIONS ONLY),No,Day,Cross intersection,Fatal accident,100,No,Intersection,ARARAT,WESTERN REGION,3,3,1,1,1,0,3,0,0,1,2,0,0,0,0,0,0,0,0,0,No,0,2,0,2,0,0,Arterial Highway,"Arterial Highway,Local Road",Undivided,Undiv,Country,Dry,Clear,2,0,34.5,,2015
419,419,145.3179916175254,-36.612305784920586,T20150020578,2015-10-05,10,No,Collision with vehicle,Monday,RIGHT FAR (INTERSECTIONS ONLY),No,Day,Multiple intersection,Fatal accident,100,No,Intersection,SHEPPARTON,NORTH EASTERN REGION,2,1,1,0,0,1,2,0,0,0,2,0,0,0,0,0,0,0,1,0,No,0,2,1,1,0,0,Freeway,"Freeway,Arterial Other",Undivided,Undiv,Country,Dry,Clear,2,0,64.5,,2015
420,420,145.09454003911742,-37.703682085727046,T20150019786,2015-09-23,18,Yes,Collision with vehicle,Wednesday,RIGHT THROUGH,No,Dark Street lights on,Cross intersection,Fatal accident,60,No,Intersection,BANYULE,METROPOLITAN NORTH WEST REGION,2,1,1,0,0,1,1,1,0,0,1,0,0,1,0,0,0,0,0,0,No,0,2,0,1,1,0,Arterial Other,"Arterial Other,Local Road",Undivided,Undiv,Metro,Dry,Clear,1,1,31.0,74.0,2015
421,421,145.40374903946037,-37.527099009005326,T20150019796,2015-09-23,18,Yes,Collision with a fixed object,Wednesday,OFF RIGHT BEND INTO OBJECT/PARKED VEHICLE,No,Dusk/Dawn,Not at intersection,Fatal accident,100,Yes,Non-Intersection,MURRINDINDI,NORTH EASTERN REGION,1,1,1,0,0,0,1,0,0,0,1,0,0,0,0,0,0,0,0,0,No,1,1,0,1,0,0,Arterial Other,Arterial Other,Undivided,Undiv,Metro,Dry,Clear,1,0,44.0,,2015
422,422,145.1361681787129,-37.90042227351465,T20150019859,2015-09-24,21,Yes,Collision with a fixed object,Thursday,RIGHT OFF CARRIAGEWAY INTO OBJECT/PARKED VEHICLE,No,Dark Street lights on,T intersection,Fatal accident,70,Yes,Intersection,MONASH,METROPOLITAN SOUTH EAST REGION,1,1,1,0,0,0,1,0,0,0,1,0,0,0,0,0,0,0,0,0,No,0,1,0,1,0,0,Arterial Other,"Arterial Other,Local Road",Divided,"Div,Undiv",Metro,Dry,Clear,1,0,48.0,,2015
423,423,145.73102065679484,-36.143859715976006,T20150019860,2015-09-24,19,Yes,Collision with a fixed object,Thursday,RIGHT OFF CARRIAGEWAY INTO OBJECT/PARKED VEHICLE,No,Dark No street lights,Not at intersection,Fatal accident,100,Yes,Non-Intersection,MOIRA,NORTH EASTERN REGION,1,1,1,0,0,0,1,0,0,0,1,0,0,0,0,0,0,0,0,0,No,0,1,0,1,0,0,Arterial Other,Arterial Other,Undivided,Undiv,Country,Dry,Clear,1,0,43.0,,2015
424,424,145.10355897626462,-36.29874443363328,T20150019871,2015-09-25,7,No,Collision with vehicle,Friday,CROSS TRAFFIC(INTERSECTIONS ONLY),No,Dusk/Dawn,Cross intersection,Fatal accident,100,No,Intersection,CAMPASPE,NORTHERN REGION,2,2,1,1,0,0,1,1,0,0,2,0,0,0,0,0,0,0,0,0,No,0,2,0,2,0,0,Local Road,Local Road,Undivided,Undiv,Country,Dry,Clear,1,1,71.0,70.0,2015
425,425,145.3802408921309,-37.77888980738911,T20150020696,2015-10-06,18,Yes,Collision with vehicle,Tuesday,HEAD ON (NOT OVERTAKING),No,Day,T intersection,Fatal accident,60,No,Non-Intersection,YARRA RANGES,METROPOLITAN SOUTH EAST REGION,11,9,1,6,2,2,6,5,0,8,3,0,0,0,0,0,0,0,0,1,Yes,0,3,0,3,0,0,Arterial Other,Arterial Other,Undivided,Undiv,Metro,Dry,Clear,2,1,42.5,22.0,2015
426,426,145.47497120664067,-38.0727801604858,T20150020313,2015-10-01,15,No,Collision with vehicle,Thursday,HEAD ON (NOT OVERTAKING),No,Day,Not at intersection,Fatal accident,60,No,Non-Intersection,CARDINIA,METROPOLITAN SOUTH EAST REGION,3,3,1,1,1,0,1,2,0,1,2,0,0,0,0,0,0,0,0,0,No,0,2,0,2,0,0,Local Road,Local Road,Undivided,Undiv,Metro,Dry,Clear,0,2,,37.0,2015
427,427,147.4500805887976,-37.874941697763354,T20150020725,2015-10-07,7,No,Collision with vehicle,Wednesday,HEAD ON (NOT OVERTAKING),No,Dusk/Dawn,Not at intersection,Fatal accident,100,No,Non-Intersection,EAST GIPPSLAND,EASTERN REGION,3,2,1,0,1,1,1,2,0,1,1,0,0,1,0,0,0,0,0,0,No,0,2,0,1,1,0,Arterial Highway,Arterial Highway,Undivided,Undiv,Country,Dry,Clear,1,1,30.0,53.0,2015
428,428,142.80088015110599,-37.10389990489824,T20150020738,2015-10-07,12,No,Collision with vehicle,Wednesday,HEAD ON (NOT OVERTAKING),No,Day,Not at intersection,Fatal accident,100,No,Non-Intersection,NORTHERN GRAMPIANS,WESTERN REGION,2,1,1,0,0,1,1,1,0,0,2,0,0,0,0,0,0,0,0,0,No,0,2,1,1,0,0,Arterial Highway,Arterial Highway,Undivided,Undiv,Country,Dry,Clear,1,1,48.0,26.0,2015
429,429,142.08984000697689,-36.6391135171051,T20150021103,2015-10-12,14,No,Collision with a fixed object,Monday,LEFT OFF CARRIAGEWAY INTO OBJECT/PARKED VEHICLE,No,Day,Not at intersection,Fatal accident,100,Yes,Non-Intersection,HORSHAM,WESTERN REGION,2,2,1,1,0,0,2,0,0,1,1,0,0,0,0,0,0,0,0,0,No,0,1,0,1,0,0,Local Road,Local Road,Undivided,Undiv,Country,Dry,Clear,1,0,30.0,,2015
430,430,145.05444032666867,-37.82088827971283,T20150020331,2015-10-01,15,No,Collision with vehicle,Thursday,VEHICLE COLLIDES WITH VEHICLE PARKED ON LEFT OF ROAD,No,Day,Not at intersection,Fatal accident,60,No,Non-Intersection,BOROONDARA,METROPOLITAN SOUTH EAST REGION,2,2,1,0,1,0,2,0,0,0,1,1,0,0,0,0,0,0,0,0,No,0,2,0,1,0,0,Arterial Other,Arterial Other,Undivided,Undiv,Metro,Dry,Clear,1,0,52.0,,2015
431,431,145.375780071788,-37.209741887186496,T20150024572,2015-11-27,17,Yes,Collision with a fixed object,Friday,OFF RIGHT BEND INTO OBJECT/PARKED VEHICLE,No,Day,Not at intersection,Fatal accident,100,Yes,Non-Intersection,MURRINDINDI,NORTH EASTERN REGION,1,1,1,0,0,0,1,0,0,0,1,0,0,0,0,0,0,0,0,0,No,0,1,0,1,0,0,Arterial Highway,Arterial Highway,Undivided,Undiv,Country,Dry,Clear,1,0,28.0,,2015
432,432,142.04388097626327,-34.215873766989844,T20150025376,2015-12-07,18,Yes,Collision with vehicle,Monday,CROSS TRAFFIC(INTERSECTIONS ONLY),No,Day,Cross intersection,Fatal accident,100,No,Intersection,MILDURA,WESTERN REGION,2,2,1,0,1,0,2,0,0,0,2,0,0,0,0,0,0,0,0,1,No,0,2,1,1,0,0,Arterial Highway,"Arterial Highway,Local Road",Undivided,Undiv,Country,Dry,Clear,2,0,23.5,,2015
433,433,145.67524827055547,-38.12990580980907,T20150024647,2015-11-28,19,Yes,Collision with vehicle,Saturday,CROSS TRAFFIC(INTERSECTIONS ONLY),No,Dusk/Dawn,Cross intersection,Fatal accident,100,No,Intersection,CARDINIA,METROPOLITAN SOUTH EAST REGION,5,4,1,3,0,1,2,3,0,3,2,0,0,0,0,0,0,0,0,0,No,0,2,0,2,0,0,Local Road,Local Road,Undivided,Undiv,Metro,Dry,Clear,2,0,56.5,,2015
434,434,145.39407605286902,-36.36067002230981,T20150025035,2015-12-03,18,Yes,Collision with vehicle,Thursday,VEHICLE STRIKES ANOTHER VEH WHILE EMERGING FROM DRIVEWAY,No,Day,Not at intersection,Fatal accident,50,No,Non-Intersection,SHEPPARTON,NORTH EASTERN REGION,2,1,1,0,0,1,2,0,1,0,1,0,0,0,0,0,0,0,0,0,No,0,2,1,0,0,0,Local Road,Local Road,Divided,Div,Country,Dry,Clear,2,0,40.0,,2015