,Unnamed: 0,X,Y,ACCIDENT_NO,ACCIDENT_DATE,ACCIDENT_TIME,ALCOHOLTIME,ACCIDENT_TYPE,DAY_OF_WEEK,DCA_CODE,HIT_RUN_FLAG,LIGHT_CONDITION,ROAD_GEOMETRY,SEVERITY,SPEED_ZONE,RUN_OFFROAD,NODE_TYPE,LGA_NAME,REGION_NAME,TOTAL_PERSONS,INJ_OR_FATAL,FATALITY,SERIOUSINJURY,OTHERINJURY,NONINJURED,MALES,FEMALES,BICYCLIST,PASSENGER,DRIVER,PEDESTRIAN,PILLION,MOTORIST,UNKNOWN,PED_CYCLIST_5_12,PED_CYCLIST_13_18,OLD_PEDESTRIAN,OLD_DRIVER,YOUNG_DRIVER,ALCOHOL_RELATED,UNLICENCSED,NO_OF_VEHICLES,HEAVYVEHICLE,PASSENGERVEHICLE,MOTORCYCLE,PUBLICVEHICLE,RMA,RMA_ALL,DIVIDED,DIVIDED_ALL,STAT_DIV_NAME,Surface Cond Desc,Atmosph Cond Desc,no_male_driver,no_female_driver,avg_age_male,avg_age_female,year
435,435,144.16575991751483,-38.24339777291961,T20150025385,2015-12-08,1,Yes,Collision with a fixed object,Tuesday,OFF LEFT BEND INTO OBJECT/PARKED VEHICLE,No,Dark No street lights,Not at intersection,Fatal accident,60,Yes,Non-Intersection,SURF COAST,SOUTH WESTERN REGION,1,1,1,0,0,0,1,0,0,0,1,0,0,0,0,0,0,0,0,1,No,0,1,0,1,0,0,Local Road,Local Road,Undivided,Undiv,Country,Dry,Clear,1,0,21.0,,2015
436,436,145.22298453516976,-37.973627383435655,T20150021507,2015-10-17,21,Yes,Collision with vehicle,Saturday,RIGHT NEAR (INTERSECTIONS ONLY),No,Dark Street lights on,Cross intersection,Fatal accident,60,No,Intersection,DANDENONG,METROPOLITAN SOUTH EAST REGION,2,1,1,0,0,1,1,1,0,0,1,0,0,1,0,0,0,0,0,0,No,0,2,0,1,1,0,Arterial Highway,"Arterial Highway,Local Road",Divided,"Div,Undiv",Metro,Dry,Clear,1,1,31.0,52.0,2015
437,437,145.27892479197027,-37.27483685377085,T20150021550,2015-10-18,12,No,Collision with a fixed object,Sunday,OUT OF CONTROL (OVERTAKING),No,Day,Not at intersection,Fatal accident,100,Yes,Non-Intersection,MURRINDINDI,NORTH EASTERN REGION,1,1,1,0,0,0,1,0,0,0,0,0,0,1,0,0,0,0,0,0,No,0,1,0,0,1,0,Arterial Other,Arterial Other,Undivided,Undiv,Country,Dry,Clear,1,0,47.0,,2015
438,438,144.9407600239036,-37.57602001396975,T20150021923,2015-10-23,7,No,Collision with a fixed object,Friday,OFF LEFT BEND INTO OBJECT/PARKED VEHICLE,No,Dusk/Dawn,Not at intersection,Fatal accident,80,Yes,Non-Intersection,HUME,METROPOLITAN NORTH WEST REGION,1,1,1,0,0,0,1,0,0,0,1,0,0,0,0,0,0,0,0,0,No,0,1,0,1,0,0,Freeway,Freeway,Undivided,Undiv,Metro,Dry,Clear,1,0,28.0,,2015
439,439,145.32927025579139,-37.886321065452854,T20150021964,2015-10-23,17,Yes,Collision with vehicle,Friday,HEAD ON (NOT OVERTAKING),No,Dusk/Dawn,Not at intersection,Fatal accident,60,No,Non-Intersection,YARRA RANGES,METROPOLITAN SOUTH EAST REGION,3,2,1,0,1,1,2,1,0,1,2,0,0,0,0,0,0,0,0,0,No,0,2,0,1,0,1,Arterial Other,Arterial Other,Undivided,Undiv,Metro,Dry,Clear,2,0,49.0,,2015
440,440,145.54487005098338,-36.724959957014775,T20150022725,2015-11-02,18,Yes,Collision with a fixed object,Monday,OUT OF CONTROL (OVERTAKING),No,Day,Not at intersection,Fatal accident,100,Yes,Non-Intersection,STRATHBOGIE,NORTH EASTERN REGION,1,1,1,0,0,0,1,0,0,0,1,0,0,0,0,0,0,0,0,1,Yes,0,1,0,1,0,0,Arterial Other,Arterial Other,Undivided,Undiv,Country,Dry,Clear,1,0,18.0,,2015
441,441,144.78115043915898,-37.69743395243972,T20150021973,2015-10-24,0,Yes,Collision with vehicle,Saturday,CROSS TRAFFIC(INTERSECTIONS ONLY),Yes,Dark Street lights on,Cross intersection,Fatal accident,70,No,Intersection,BRIMBANK,METROPOLITAN NORTH WEST REGION,7,3,1,0,2,4,7,0,0,3,3,0,0,1,0,0,0,0,0,1,No,0,4,0,3,1,0,Arterial Other,Arterial Other,Divided,Div,Metro,Dry,Clear,4,0,23.75,,2015
442,442,145.20526993241157,-38.002880414790724,T20150022352,2015-10-28,21,Yes,Struck Pedestrian,Wednesday,FAR SIDE. PED HIT BY VEHICLE FROM THE LEFT,No,Dark Street lights on,Not at intersection,Fatal accident,80,No,Non-Intersection,DANDENONG,METROPOLITAN SOUTH EAST REGION,2,1,1,0,0,1,0,2,0,0,1,1,0,0,0,0,1,0,0,0,No,0,1,0,1,0,0,Arterial Highway,Arterial Highway,Divided,Div,Metro,Dry,Clear,0,1,,58.0,2015
443,443,144.7053022005221,-37.61945377002247,T20150021258,2015-10-14,16,No,Collision with vehicle,Wednesday,RIGHT NEAR (INTERSECTIONS ONLY),No,Day,T intersection,Fatal accident,80,No,Intersection,MELTON,METROPOLITAN NORTH WEST REGION,8,3,1,2,0,5,6,2,0,6,2,0,0,0,0,0,0,0,0,0,No,0,2,0,1,0,1,Arterial Other,"Arterial Other,Local Road",Undivided,Undiv,Metro,Dry,Clear,2,0,69.5,,2015
444,444,145.11793500575413,-37.93356550626223,T20150022025,2015-10-24,20,Yes,Struck Pedestrian,Saturday,PED NEAR SIDE. PED HIT BY VEHICLE FROM THE RIGHT.,No,Dark Street lights on,T intersection,Fatal accident,60,No,Intersection,KINGSTON,METROPOLITAN SOUTH EAST REGION,2,1,1,0,0,1,0,2,0,0,1,1,0,0,0,0,0,1,0,1,No,0,2,0,2,0,0,Arterial Other,"Arterial Other,Local Road",Undivided,Undiv,Metro,Dry,Clear,0,1,,25.0,2015
445,445,145.18225361310658,-38.06365049369357,T20150022391,2015-10-29,7,No,Collision with a fixed object,Thursday,OUT OF CONTROL (OVERTAKING),No,Dusk/Dawn,Not at intersection,Fatal accident,80,Yes,Non-Intersection,DANDENONG,METROPOLITAN SOUTH EAST REGION,3,1,1,0,0,2,3,0,0,0,2,0,0,1,0,0,0,0,0,0,No,0,3,0,2,1,0,Local Road,Local Road,Undivided,Undiv,Metro,Dry,Clear,3,0,43.66666666666666,,2015
446,446,145.47846561434136,-35.99913508751674,T20150022488,2015-10-30,12,No,Collision with vehicle,Friday,CROSS TRAFFIC(INTERSECTIONS ONLY),No,Day,Cross intersection,Fatal accident,100,No,Intersection,MOIRA,NORTH EASTERN REGION,2,2,1,0,1,0,1,1,0,0,2,0,0,0,0,0,0,0,1,0,No,0,2,1,1,0,0,Local Road,Local Road,Undivided,Undiv,Country,Dry,Clear,1,1,29.0,92.0,2015
447,447,146.4665889360887,-38.20278556889203,T20150021749,2015-10-20,12,No,Collision with vehicle,Tuesday,HEAD ON (NOT OVERTAKING),No,Day,Not at intersection,Fatal accident,100,No,Non-Intersection,LATROBE,EASTERN REGION,3,3,1,2,0,0,0,3,0,1,2,0,0,0,0,0,0,0,0,0,No,0,2,0,2,0,0,Local Road,Local Road,Undivided,Undiv,Country,Dry,Clear,0,2,,39.0,2015
448,448,145.3545971663328,-36.20153000828288,T20150022156,2015-10-26,13,No,Collision with a fixed object,Monday,RIGHT OFF CARRIAGEWAY INTO OBJECT/PARKED VEHICLE,No,Day,Not at intersection,Fatal accident,100,Yes,Non-Intersection,SHEPPARTON,NORTH EASTERN REGION,1,1,1,0,0,0,1,0,0,0,0,0,0,1,0,0,0,0,0,0,No,0,1,0,0,1,0,Local Road,Local Road,Undivided,Undiv,Country,Dry,Clear,1,0,52.0,,2015
449,449,142.3577792290796,-36.817490929021524,T20150021465,2015-10-17,8,No,Collision with vehicle,Saturday,HEAD ON (NOT OVERTAKING),No,Day,Not at intersection,Fatal accident,100,No,Non-Intersection,HORSHAM,WESTERN REGION,3,2,1,1,0,1,2,1,0,1,2,0,0,0,0,0,0,0,0,0,No,0,2,1,1,0,0,Arterial Highway,Arterial Highway,Undivided,Undiv,Country,Dry,Clear,2,0,33.5,,2015
450,450,145.28543896137228,-37.865659967366916,T20150021474,2015-10-15,22,Yes,Struck Pedestrian,Thursday,VEH STRIKES PED ON FOOTPATH/MEDIAN/TRAFFIC ISLAND.,No,Dark Street lights on,Not at intersection,Fatal accident,60,No,Non-Intersection,KNOX,METROPOLITAN SOUTH EAST REGION,3,3,1,1,1,0,2,1,0,1,1,1,0,0,0,0,0,0,0,0,No,0,1,0,1,0,0,Arterial Other,Arterial Other,Undivided,Undiv,Metro,Dry,Clear,0,1,,29.0,2015
451,451,146.4311003157286,-36.244110181009795,T20150021822,2015-10-22,0,Yes,Collision with a fixed object,Thursday,LEFT OFF CARRIAGEWAY INTO OBJECT/PARKED VEHICLE,No,Dark No street lights,Not at intersection,Fatal accident,110,Yes,Non-Intersection,WANGARATTA,NORTH EASTERN REGION,2,2,1,1,0,0,2,0,0,1,1,0,0,0,0,0,0,0,0,0,No,0,1,0,1,0,0,Freeway,Freeway,Divided,Div,Country,Wet,Clear,1,0,38.0,,2015
452,452,145.64217202104336,-36.13042410184405,T20150022176,2015-10-26,12,No,Collision with vehicle,Monday,HEAD ON (NOT OVERTAKING),No,Day,Not at intersection,Fatal accident,100,No,Non-Intersection,MOIRA,NORTH EASTERN REGION,8,7,1,2,4,1,5,3,0,4,4,0,0,0,0,0,0,0,0,0,No,0,4,1,3,0,0,Arterial Other,Arterial Other,Undivided,Undiv,Country,Dry,Clear,3,1,53.66666666666666,44.0,2015
453,453,144.7113412028198,-37.61008039070391,T20150020796,2015-10-08,10,No,Collision with vehicle,Thursday,LANE CHANGE LEFT (NOT OVERTAKING),No,Day,Not at intersection,Fatal accident,80,No,Non-Intersection,HUME,METROPOLITAN NORTH WEST REGION,2,1,1,0,0,1,2,0,1,0,1,0,0,0,0,0,0,0,0,0,No,0,2,0,1,0,0,Arterial Other,Arterial Other,Divided,Div,Metro,Dry,Clear,2,0,61.5,,2015
454,454,144.74578861505222,-38.35023120953733,T20150020805,2015-10-08,15,No,Collision with vehicle,Thursday,HEAD ON (NOT OVERTAKING),No,Day,Not at intersection,Fatal accident,70,No,Non-Intersection,MORNINGTON PENINSULA,METROPOLITAN SOUTH EAST REGION,3,3,1,2,0,0,1,2,0,1,2,0,0,0,0,0,0,0,1,0,No,0,2,0,2,0,0,Local Road,Local Road,Undivided,Undiv,Metro,Dry,Clear,1,1,84.0,69.0,2015
455,455,145.1826055322366,-37.9563813007788,T20150023675,2015-11-16,6,No,Collision with vehicle,Monday,OTHER ADJACENT (INTERSECTIONS ONLY),No,Dusk/Dawn,T intersection,Fatal accident,75,No,Intersection,DANDENONG,METROPOLITAN SOUTH EAST REGION,2,1,1,0,0,1,2,0,1,0,1,0,0,0,0,0,0,0,0,0,No,0,2,0,1,0,0,Arterial Highway,"Arterial Highway,Local Road",Divided,"Div,Undiv",Metro,Dry,Clear,2,0,43.5,,2015
456,456,145.11510724380346,-37.774232751376076,T20160001516,2016-01-22,18,Yes,Struck Pedestrian,Friday,PED NEAR SIDE. PED HIT BY VEHICLE FROM THE RIGHT.,No,Day,Not at intersection,Fatal accident,70,No,Non-Intersection,MANNINGHAM,METROPOLITAN SOUTH EAST REGION,2,1,1,0,0,1,0,2,0,0,1,1,0,0,0,0,0,1,0,0,No,0,1,0,1,0,0,Arterial Other,Arterial Other,Divided,Div,Metro,Dry,Clear,0,1,,37.0,2016
457,457,146.61087761725804,-36.010251566060134,T20160000847,2016-01-13,4,Yes,Collision with vehicle,Wednesday,HEAD ON (NOT OVERTAKING),No,Dark No street lights,Not at intersection,Fatal accident,100,No,Non-Intersection,INDIGO,NORTH EASTERN REGION,3,3,1,2,0,0,3,0,0,1,2,0,0,0,0,0,0,0,0,1,No,0,2,0,2,0,0,Local Road,Local Road,Undivided,Undiv,Country,Dry,Clear,2,0,33.0,,2016
458,458,145.18441900955298,-37.81767547058973,T20160000068,2016-01-01,20,Yes,Collision with a fixed object,Friday,LEFT OFF CARRIAGEWAY INTO OBJECT/PARKED VEHICLE,No,Dusk/Dawn,Not at intersection,Fatal accident,80,Yes,Non-Intersection,WHITEHORSE,METROPOLITAN SOUTH EAST REGION,1,1,1,0,0,0,1,0,0,0,0,0,0,1,0,0,0,0,0,0,No,0,1,0,0,1,0,Arterial Highway,Arterial Highway,Divided,Div,Metro,Dry,Clear,1,0,25.0,,2016
459,459,145.0707348759326,-37.96724507361363,T20160000968,2016-01-14,20,Yes,Collision with vehicle,Thursday,RIGHT NEAR (INTERSECTIONS ONLY),No,Day,T intersection,Fatal accident,60,No,Intersection,KINGSTON,METROPOLITAN SOUTH EAST REGION,2,1,1,0,0,1,2,0,0,0,1,0,0,1,0,0,0,0,0,1,No,0,2,0,1,1,0,Arterial Other,"Arterial Other,Local Road",Undivided,Undiv,Metro,Dry,Clear,2,0,20.5,,2016
460,460,145.03842061548897,-37.90374131116839,T20160001347,2016-01-20,7,No,Collision with vehicle,Wednesday,LEFT TURN SIDESWIPE,No,Dark No street lights,T intersection,Fatal accident,60,No,Intersection,GLEN EIRA,METROPOLITAN SOUTH EAST REGION,3,1,1,0,0,2,3,0,1,1,1,0,0,0,0,0,0,0,0,0,No,0,2,1,0,0,0,Arterial Highway,"Arterial Highway,Local Road",Divided,"Div,Undiv",Metro,Wet,Raining,2,0,34.0,,2016
461,461,145.15803232480542,-37.023310381000854,T20160000223,2016-01-04,2,Yes,No collision and no object struck,Monday,OFF CARRIAGEWAY TO LEFT,No,Dark No street lights,Not at intersection,Fatal accident,50,Yes,Non-Intersection,MITCHELL,NORTHERN REGION,1,1,1,0,0,0,1,0,0,0,1,0,0,0,0,0,0,0,0,0,No,0,1,0,1,0,0,Local Road,Local Road,Undivided,Undiv,Country,Wet,Not known,1,0,63.0,,2016
462,462,145.5316199980354,-36.23912032191449,T20150024757,2015-11-30,8,No,Collision with vehicle,Monday,CROSS TRAFFIC(INTERSECTIONS ONLY),No,Day,Cross intersection,Fatal accident,100,No,Intersection,SHEPPARTON,NORTH EASTERN REGION,3,3,1,1,1,0,2,1,0,1,2,0,0,0,0,0,0,0,0,0,No,0,2,0,2,0,0,Local Road,Local Road,Undivided,Undiv,Country,Dry,Clear,1,1,29.0,46.0,2015
463,463,144.9417425965852,-37.64224549029199,T20150024760,2015-11-30,3,Yes,Collision with vehicle,Monday,CROSS TRAFFIC(INTERSECTIONS ONLY),No,Dark Street lights on,Cross intersection,Fatal accident,80,No,Intersection,HUME,METROPOLITAN NORTH WEST REGION,5,4,1,3,0,1,5,0,0,3,2,0,0,0,0,0,0,0,0,2,No,0,2,1,1,0,0,Arterial Other,"Arterial Other,Local Road",Divided,"Div,Undiv",Metro,Dry,Clear,2,0,20.5,,2015
464,464,144.9977377039923,-37.87830836400627,T20150025544,2015-12-09,17,No,Collision with vehicle,Wednesday,RIGHT THROUGH,No,Day,T intersection,Fatal accident,60,No,Intersection,GLEN EIRA,METROPOLITAN NORTH WEST REGION,2,1,1,0,0,1,1,1,0,0,1,0,0,1,0,0,0,0,1,0,No,0,2,0,1,1,0,Arterial Other,"Arterial Other,Local Road",Undivided,Undiv,Metro,Dry,Clear,1,1,31.0,75.0,2015
465,465,142.17568339810504,-34.23960499830433,T20150025213,2015-12-05,17,Yes,Collision with vehicle,Saturday,CROSS TRAFFIC(INTERSECTIONS ONLY),No,Day,Cross intersection,Fatal accident,80,No,Intersection,MILDURA,WESTERN REGION,4,4,2,1,1,0,0,3,0,2,2,0,0,0,0,0,0,0,1,0,No,0,2,0,2,0,0,Arterial Highway,"Arterial Highway,Local Road",Undivided,Undiv,Country,Dry,Clear,0,1,,80.0,2015
466,466,142.17568339810504,-34.23960499830433,T20150025213,2015-12-05,17,Yes,Collision with vehicle,Saturday,CROSS TRAFFIC(INTERSECTIONS ONLY),No,Day,Cross intersection,Fatal accident,80,No,Intersection,MILDURA,WESTERN REGION,4,4,2,1,1,0,0,3,0,2,2,0,0,0,0,0,0,0,1,0,No,0,2,0,2,0,0,Arterial Highway,"Arterial Highway,Local Road",Undivided,Undiv,Country,Dry,Clear,0,1,,80.0,2015
467,467,144.1046598862387,-37.03674012176262,T20150024499,2015-11-26,21,Yes,Collision with a fixed object,Thursday,OFF RIGHT BEND INTO OBJECT/PARKED VEHICLE,No,Dark No street lights,Not at intersection,Fatal accident,100,Yes,Non-Intersection,MOUNT ALEXANDER,NORTHERN REGION,1,1,1,0,0,0,0,1,0,0,1,0,0,0,0,0,0,0,0,1,No,0,1,0,1,0,0,Arterial Other,Arterial Other,Undivided,Undiv,Country,Dry,Clear,0,1,,25.0,2015
468,468,144.56615779821433,-36.561139157873924,T20150025270,2015-12-06,13,No,Collision with vehicle,Sunday,HEAD ON (NOT OVERTAKING),No,Day,Not at intersection,Fatal accident,100,No,Non-Intersection,BENDIGO,NORTHERN REGION,4,4,2,2,0,0,1,3,0,2,2,0,0,0,0,0,0,0,0,0,No,0,2,0,2,0,0,Arterial Highway,Arterial Highway,Undivided,Undiv,Country,Dry,Clear,1,1,26.0,61.0,2015
469,469,144.56615779821433,-36.561139157873924,T20150025270,2015-12-06,13,No,Collision with vehicle,Sunday,HEAD ON (NOT OVERTAKING),No,Day,Not at intersection,Fatal accident,100,No,Non-Intersection,BENDIGO,NORTHERN REGION,4,4,2,2,0,0,1,3,0,2,2,0,0,0,0,0,0,0,0,0,No,0,2,0,2,0,0,Arterial Highway,Arterial Highway,Undivided,Undiv,Country,Dry,Clear,1,1,26.0,61.0,2015
470,470,145.18034113418054,-38.08969051709904,T20150025277,2015-12-06,13,No,Collision with vehicle,Sunday,HEAD ON (NOT OVERTAKING),No,Day,Not at intersection,Fatal accident,80,No,Non-Intersection,FRANKSTON,METROPOLITAN SOUTH EAST REGION,3,3,1,2,0,0,2,1,0,1,2,0,0,0,0,0,0,0,1,0,No,0,2,0,2,0,0,Arterial Highway,Arterial Highway,Divided,Div,Metro,Dry,Clear,1,1,79.0,58.0,2015
471,471,146.10643049954513,-38.71792747487667,T20150023034,2015-11-06,16,Yes,Collision with a fixed object,Friday,OFF RIGHT BEND INTO OBJECT/PARKED VEHICLE,No,Day,Not at intersection,Fatal accident,100,Yes,Non-Intersection,SOUTH GIPPSLAND,EASTERN REGION,1,1,1,0,0,0,0,1,0,0,1,0,0,0,0,0,0,0,0,1,No,0,1,0,1,0,0,Arterial Other,Arterial Other,Undivided,Undiv,Country,Wet,Raining,0,1,,22.0,2015
472,472,145.06012426564175,-37.863019228613375,T20150023839,2015-11-18,8,No,Collision with vehicle,Wednesday,LANE SIDE SWIPE (VEHICLES IN PARALLEL LANES),No,Day,Not at intersection,Fatal accident,100,No,Non-Intersection,STONNINGTON,METROPOLITAN SOUTH EAST REGION,4,1,1,0,0,3,2,0,0,0,3,0,0,1,0,0,0,0,0,0,No,0,4,3,0,1,0,Freeway,Freeway,Divided,Div,Metro,Dry,Clear,2,0,38.5,,2015
473,473,145.10362099694325,-36.21072999623488,T20150024246,2015-11-23,22,Yes,Collision with vehicle,Monday,REAR END(VEHICLES IN SAME LANE),No,Dark No street lights,Not at intersection,Fatal accident,100,No,Non-Intersection,CAMPASPE,NORTHERN REGION,4,2,1,0,1,2,4,0,0,2,2,0,0,0,0,0,0,0,0,2,No,0,2,0,2,0,0,Local Road,Local Road,Undivided,Undiv,Country,Dry,Clear,2,0,23.0,,2015
474,474,146.41672089116835,-36.44790495298271,T20150023100,2015-11-07,16,Yes,Collision with vehicle,Saturday,REAR END(VEHICLES IN SAME LANE),No,Day,Not at intersection,Fatal accident,100,No,Non-Intersection,WANGARATTA,NORTH EASTERN REGION,2,1,1,0,0,1,2,0,1,0,1,0,0,0,0,0,0,0,0,0,No,0,2,0,1,0,0,Arterial Other,Arterial Other,Undivided,Undiv,Country,Dry,Clear,2,0,50.5,,2015
475,475,145.0355663608249,-37.844305808616014,T20150024295,2015-11-24,14,No,Collision with vehicle,Tuesday,LANE CHANGE RIGHT (NOT OVERTAKING),No,Day,T intersection,Fatal accident,60,No,Intersection,STONNINGTON,METROPOLITAN SOUTH EAST REGION,3,1,1,0,0,2,2,1,0,0,2,0,0,1,0,0,0,0,0,0,No,0,3,0,2,1,0,Arterial Other,"Arterial Other,Local Road",Undivided,Undiv,Metro,Dry,Clear,2,1,45.5,34.0,2015
476,476,144.3674413287181,-37.10147884853168,T20150023594,2015-11-14,17,Yes,Struck Pedestrian,Saturday,PED NEAR SIDE. PED HIT BY VEHICLE FROM THE RIGHT.,No,Day,Not at intersection,Fatal accident,110,No,Non-Intersection,MOUNT ALEXANDER,NORTHERN REGION,5,1,1,0,0,4,3,2,0,3,1,1,0,0,0,0,0,1,1,0,No,0,1,0,1,0,0,Freeway,Freeway,Divided,Div,Country,Dry,Clear,1,0,76.0,,2015
477,477,142.14598834275918,-36.65202054607219,T20150023154,2015-11-08,16,Yes,Collision with vehicle,Sunday,HEAD ON (NOT OVERTAKING),No,Day,Not at intersection,Fatal accident,100,No,Non-Intersection,HORSHAM,WESTERN REGION,2,2,1,0,1,0,1,1,0,0,2,0,0,0,0,0,0,0,0,1,No,0,2,1,1,0,0,Arterial Highway,Arterial Highway,Undivided,Undiv,Country,Dry,Clear,1,1,38.0,19.0,2015
478,478,145.1023706189661,-38.00762140749189,T20150023180,2015-11-09,7,No,Collision with vehicle,Monday,HEAD ON (NOT OVERTAKING),Yes,Dusk/Dawn,Not at intersection,Fatal accident,60,No,Non-Intersection,KINGSTON,METROPOLITAN SOUTH EAST REGION,3,2,1,1,0,1,2,1,0,0,3,0,0,0,0,0,0,0,0,0,No,2,3,0,3,0,0,Local Road,Local Road,Undivided,Undiv,Metro,Dry,Clear,2,1,28.0,47.0,2015
479,479,143.97202948431763,-37.637108346180355,T20150023600,2015-11-14,21,Yes,Collision with a fixed object,Saturday,LEFT OFF CARRIAGEWAY INTO OBJECT/PARKED VEHICLE,No,Dark No street lights,Not at intersection,Fatal accident,60,Yes,Non-Intersection,MOORABOOL,WESTERN REGION,1,1,1,0,0,0,1,0,0,0,1,0,0,0,0,0,0,0,0,0,No,0,1,0,1,0,0,Local Road,Local Road,Undivided,Undiv,Country,Dry,Clear,1,0,38.0,,2015
480,480,144.31187957063258,-38.24624231066481,T20150023627,2015-11-15,9,Yes,Collision with vehicle,Sunday,HEAD ON (NOT OVERTAKING),No,Day,Not at intersection,Fatal accident,90,No,Non-Intersection,GEELONG,SOUTH WESTERN REGION,27,27,1,1,25,0,9,13,0,25,2,0,0,0,0,0,0,0,0,0,No,1,2,0,1,0,1,Arterial Other,Arterial Other,Undivided,Undiv,Country,Dry,Clear,2,0,39.0,,2015
481,481,144.74696748424319,-37.85404585632155,T20160000605,2016-01-10,2,Yes,Collision with vehicle,Sunday,RIGHT REAR.,Not known,Dark Street lights on,T intersection,Fatal accident,70,No,Intersection,WYNDHAM,METROPOLITAN NORTH WEST REGION,3,2,1,0,1,1,1,2,0,0,3,0,0,0,0,0,0,0,0,1,Yes,0,3,0,3,0,0,Arterial Other,"Arterial Other,Non Arterial",Undivided,Undiv,Metro,Dry,Clear,1,2,31.0,23.5,2016
482,482,147.79171648630086,-36.66398203177232,T20160000633,2016-01-10,6,Yes,Collision with a fixed object,Sunday,OFF RIGHT BEND INTO OBJECT/PARKED VEHICLE,No,Dark No street lights,Not at intersection,Fatal accident,100,Yes,Non-Intersection,EAST GIPPSLAND,EASTERN REGION,1,1,1,0,0,0,1,0,0,0,1,0,0,0,0,0,0,0,0,0,No,0,1,0,1,0,0,Arterial Other,Arterial Other,Undivided,Undiv,Country,Dry,Clear,1,0,45.0,,2016
483,483,145.4976805008857,-38.21528448653128,T20160000638,2016-01-10,16,Yes,Collision with vehicle,Sunday,RIGHT THROUGH,No,Day,T intersection,Fatal accident,100,No,Intersection,CARDINIA,METROPOLITAN SOUTH EAST REGION,3,3,1,1,1,0,2,1,0,1,1,0,0,1,0,0,0,0,1,0,No,0,2,0,1,1,0,Arterial Highway,"Arterial Highway,Arterial Other",Divided,"Div,Undiv",Metro,Dry,Clear,2,0,62.0,,2016
484,484,145.23414088934763,-37.98710507234125,T20160001085,2016-01-16,15,Yes,Collision with a fixed object,Saturday,LEFT OFF CARRIAGEWAY INTO OBJECT/PARKED VEHICLE,No,Day,Not at intersection,Fatal accident,50,Yes,Non-Intersection,CASEY,METROPOLITAN SOUTH EAST REGION,1,1,1,0,0,0,1,0,0,0,1,0,0,0,0,0,0,0,0,0,Yes,0,1,0,1,0,0,Local Road,Local Road,Undivided,Undiv,Metro,Dry,Clear,1,0,73.0,,2016
485,485,145.95181778210986,-38.52903000379661,T20150026774,2015-12-24,5,Yes,Collision with a fixed object,Thursday,RIGHT OFF CARRIAGEWAY INTO OBJECT/PARKED VEHICLE,No,Dusk/Dawn,Not at intersection,Fatal accident,100,Yes,Non-Intersection,SOUTH GIPPSLAND,EASTERN REGION,2,2,1,1,0,0,1,1,0,1,1,0,0,0,0,0,0,0,0,1,No,0,1,0,1,0,0,Arterial Highway,Arterial Highway,Undivided,Undiv,Country,Dry,Fog,1,0,24.0,,2015
486,486,143.67066981204098,-35.47244033793293,T20150026425,2015-12-20,2,Yes,Collision with vehicle,Sunday,HEAD ON (NOT OVERTAKING),No,Dark No street lights,Not at intersection,Fatal accident,100,No,Non-Intersection,SWAN HILL,NORTHERN REGION,4,4,1,3,0,0,4,0,0,1,3,0,0,0,0,0,0,0,0,1,No,0,3,0,3,0,0,Arterial Highway,Arterial Highway,Undivided,Undiv,Country,Dry,Clear,3,0,31.33333333333333,,2015
487,487,143.8943321071253,-37.852639511168974,T20160000010,2015-12-31,19,Yes,Collision with a fixed object,Thursday,RIGHT OFF CARRIAGEWAY INTO OBJECT/PARKED VEHICLE,No,Dusk/Dawn,Not at intersection,Fatal accident,100,Yes,Non-Intersection,GOLDEN PLAINS,SOUTH WESTERN REGION,5,5,1,4,0,0,3,2,0,4,1,0,0,0,0,0,0,0,0,1,No,0,1,0,1,0,0,Local Road,Local Road,Undivided,Undiv,Country,Dry,Clear,0,1,,18.0,2015
488,488,145.78958816255437,-36.614286675965225,T20150026916,2015-12-26,13,No,Collision with a fixed object,Saturday,RIGHT OFF CARRIAGEWAY INTO OBJECT/PARKED VEHICLE,No,Day,Not at intersection,Fatal accident,110,Yes,Non-Intersection,STRATHBOGIE,NORTH EASTERN REGION,6,6,1,4,1,0,5,1,0,5,1,0,0,0,0,0,0,0,0,0,No,0,1,0,0,0,0,Freeway,Freeway,Divided,Div,Country,Dry,Clear,1,0,59.0,,2015