,Unnamed: 0,X,Y,ACCIDENT_NO,ACCIDENT_DATE,ACCIDENT_TIME,ALCOHOLTIME,ACCIDENT_TYPE,DAY_OF_WEEK,DCA_CODE,HIT_RUN_FLAG,LIGHT_CONDITION,ROAD_GEOMETRY,SEVERITY,SPEED_ZONE,RUN_OFFROAD,NODE_TYPE,LGA_NAME,REGION_NAME,TOTAL_PERSONS,INJ_OR_FATAL,FATALITY,SERIOUSINJURY,OTHERINJURY,NONINJURED,MALES,FEMALES,BICYCLIST,PASSENGER,DRIVER,PEDESTRIAN,PILLION,MOTORIST,UNKNOWN,PED_CYCLIST_5_12,PED_CYCLIST_13_18,OLD_PEDESTRIAN,OLD_DRIVER,YOUNG_DRIVER,ALCOHOL_RELATED,UNLICENCSED,NO_OF_VEHICLES,HEAVYVEHICLE,PASSENGERVEHICLE,MOTORCYCLE,PUBLICVEHICLE,RMA,RMA_ALL,DIVIDED,DIVIDED_ALL,STAT_DIV_NAME,Surface Cond Desc,Atmosph Cond Desc,no_male_driver,no_female_driver,avg_age_male,avg_age_female,year
489,489,145.78958816255437,-36.614286675965225,T20150026916,2015-12-26,13,No,Collision with a fixed object,Saturday,RIGHT OFF CARRIAGEWAY INTO OBJECT/PARKED VEHICLE,No,Day,Not at intersection,Fatal accident,110,Yes,Non-Intersection,STRATHBOGIE,NORTH EASTERN REGION,6,6,1,4,1,0,5,1,0,5,1,0,0,0,0,0,0,0,0,0,No,0,1,0,0,0,0,Freeway,Freeway,Divided,Div,Country,Dry,Strong winds,1,0,59.0,,2015
490,490,146.47720342120604,-38.20966045495671,T20150026587,2015-12-22,7,No,Collision with a fixed object,Tuesday,RIGHT OFF CARRIAGEWAY INTO OBJECT/PARKED VEHICLE,No,Day,Not at intersection,Fatal accident,80,Yes,Non-Intersection,LATROBE,EASTERN REGION,1,1,1,0,0,0,1,0,0,0,1,0,0,0,0,0,0,0,0,0,No,0,1,0,1,0,0,Local Road,Local Road,Undivided,Undiv,Country,Dry,Clear,1,0,70.0,,2015
491,491,145.56533201751859,-37.806067847784156,T20150026978,2015-12-27,16,Yes,Collision with a fixed object,Sunday,OFF RIGHT BEND INTO OBJECT/PARKED VEHICLE,No,Day,Not at intersection,Fatal accident,80,Yes,Non-Intersection,YARRA RANGES,METROPOLITAN SOUTH EAST REGION,2,2,1,1,0,0,0,2,0,1,1,0,0,0,0,0,0,0,0,0,No,0,1,0,1,0,0,Local Road,Local Road,Undivided,Undiv,Metro,Dry,Clear,0,1,,68.0,2015
492,492,144.73714597203238,-37.24267926975229,T20150025949,2015-12-14,11,No,Collision with vehicle,Monday,HEAD ON (NOT OVERTAKING),No,Day,Not at intersection,Fatal accident,100,No,Non-Intersection,MACEDON RANGES,NORTHERN REGION,2,2,1,1,0,0,2,0,0,0,2,0,0,0,0,0,0,0,0,1,No,0,2,1,1,0,0,Arterial Other,Arterial Other,Undivided,Undiv,Country,Dry,Clear,2,0,33.5,,2015
493,493,144.95060980442233,-37.84488990523671,T20150026735,2015-12-23,17,No,Collision with vehicle,Wednesday,U TURN,No,Day,Not at intersection,Fatal accident,40,No,Non-Intersection,PORT PHILLIP,METROPOLITAN NORTH WEST REGION,3,1,1,0,0,2,3,0,0,1,1,0,0,1,0,0,0,0,0,0,No,0,2,0,1,1,0,Local Road,Local Road,Undivided,Undiv,Metro,Dry,Clear,2,0,34.0,,2015
494,494,144.7785602752701,-37.856370046441796,T20150027124,2015-12-29,23,Yes,Collision with a fixed object,Tuesday,LEFT OFF CARRIAGEWAY INTO OBJECT/PARKED VEHICLE,No,Dark Street lights on,Not at intersection,Fatal accident,100,Yes,Non-Intersection,HOBSONS BAY,METROPOLITAN NORTH WEST REGION,2,2,2,0,0,0,2,0,0,1,1,0,0,0,0,0,0,0,0,1,No,0,1,0,1,0,0,Freeway,Freeway,Divided,Div,Metro,Dry,Clear,1,0,18.0,,2015
495,495,144.7785602752701,-37.856370046441796,T20150027124,2015-12-29,23,Yes,Collision with a fixed object,Tuesday,LEFT OFF CARRIAGEWAY INTO OBJECT/PARKED VEHICLE,No,Dark Street lights on,Not at intersection,Fatal accident,100,Yes,Non-Intersection,HOBSONS BAY,METROPOLITAN NORTH WEST REGION,2,2,2,0,0,0,2,0,0,1,1,0,0,0,0,0,0,0,0,1,No,0,1,0,1,0,0,Freeway,Freeway,Divided,Div,Metro,Dry,Clear,1,0,18.0,,2015
496,496,144.38450654181068,-38.16868555023997,T20160006324,2016-03-21,20,Yes,Collision with a fixed object,Monday,LEFT OFF CARRIAGEWAY INTO OBJECT/PARKED VEHICLE,No,Dark Street lights on,Cross intersection,Fatal accident,70,Yes,Intersection,GEELONG,SOUTH WESTERN REGION,1,1,1,0,0,0,1,0,0,0,0,0,0,1,0,0,0,0,0,0,No,1,1,0,0,1,0,Arterial Highway,"Arterial Highway,Arterial Other",Divided,"Div,Undiv",Country,Dry,Clear,1,0,26.0,,2016
497,497,145.30716816846154,-38.02432968243721,T20160006849,2016-03-29,3,Yes,Collision with a fixed object,Tuesday,LEFT OFF CARRIAGEWAY INTO OBJECT/PARKED VEHICLE,No,Dark Street lights on,Not at intersection,Fatal accident,80,Yes,Non-Intersection,CASEY,METROPOLITAN SOUTH EAST REGION,1,1,1,0,0,0,1,0,0,0,1,0,0,0,0,0,0,0,0,1,No,0,1,0,1,0,0,Arterial Other,Arterial Other,Divided,Div,Metro,Dry,Clear,1,0,20.0,,2016
498,498,145.0477401759907,-38.37382967467988,T20160006133,2016-03-19,4,Yes,Collision with a fixed object,Saturday,OFF RIGHT BEND INTO OBJECT/PARKED VEHICLE,No,Dark No street lights,Not at intersection,Fatal accident,90,Yes,Non-Intersection,MORNINGTON PENINSULA,METROPOLITAN SOUTH EAST REGION,1,1,1,0,0,0,1,0,0,0,1,0,0,0,0,0,0,0,0,1,No,0,1,0,1,0,0,Local Road,Local Road,Undivided,Undiv,Metro,Wet,Not known,1,0,23.0,,2016
499,499,144.44773018151707,-37.664799696260474,T20160004994,2016-03-05,7,Yes,Collision with a fixed object,Saturday,LEFT OFF CARRIAGEWAY INTO OBJECT/PARKED VEHICLE,No,Day,Not at intersection,Fatal accident,110,Yes,Non-Intersection,MOORABOOL,WESTERN REGION,1,1,1,0,0,0,1,0,0,0,1,0,0,0,0,0,0,0,0,1,No,0,1,1,0,0,0,Freeway,Freeway,Divided,Div,Country,Dry,Clear,1,0,24.0,,2016
500,500,145.3627288051641,-37.81264831378978,T20160004999,2016-03-04,19,Yes,Collision with vehicle,Friday,HEAD ON (NOT OVERTAKING),No,Dark No street lights,Not at intersection,Fatal accident,70,No,Non-Intersection,YARRA RANGES,METROPOLITAN SOUTH EAST REGION,7,7,1,0,6,0,3,4,0,5,2,0,0,0,0,0,0,0,0,2,No,0,2,0,2,0,0,Arterial Other,Arterial Other,Undivided,Undiv,Metro,Dry,Clear,1,1,21.0,25.0,2016
501,501,144.70182436791472,-37.765090378653774,T20160005396,2016-03-10,6,Yes,Collision with vehicle,Thursday,HEAD ON (NOT OVERTAKING),No,Dark No street lights,Not at intersection,Fatal accident,100,No,Non-Intersection,MELTON,METROPOLITAN NORTH WEST REGION,7,3,2,1,0,4,5,2,0,2,5,0,0,0,0,0,0,0,0,1,No,0,5,2,3,0,0,Arterial Other,Arterial Other,Undivided,Undiv,Metro,Wet,Raining,5,0,41.6,,2016
502,502,144.70182436791472,-37.765090378653774,T20160005396,2016-03-10,6,Yes,Collision with vehicle,Thursday,HEAD ON (NOT OVERTAKING),No,Dark No street lights,Not at intersection,Fatal accident,100,No,Non-Intersection,MELTON,METROPOLITAN NORTH WEST REGION,7,3,2,1,0,4,5,2,0,2,5,0,0,0,0,0,0,0,0,1,No,0,5,2,3,0,0,Arterial Other,Arterial Other,Undivided,Undiv,Metro,Wet,Raining,5,0,41.6,,2016
503,503,145.25052556848513,-38.09402503974147,T20160005813,2016-03-15,16,No,Vehicle overturned (no collision),Tuesday,OUT OF CONTROL ON CARRIAGEWAY (ON STRAIGHT),No,Day,T intersection,Fatal accident,50,No,Intersection,CASEY,METROPOLITAN SOUTH EAST REGION,1,1,1,0,0,0,1,0,0,0,0,0,0,1,0,0,0,0,0,0,No,0,1,0,0,1,0,Local Road,Local Road,Undivided,Undiv,Metro,Dry,Clear,1,0,58.0,,2016
504,504,145.25052556848513,-38.09402503974147,T20160005813,2016-03-15,16,No,Vehicle overturned (no collision),Tuesday,OUT OF CONTROL ON CARRIAGEWAY (ON STRAIGHT),No,Day,T intersection,Fatal accident,50,No,Intersection,CASEY,METROPOLITAN SOUTH EAST REGION,1,1,1,0,0,0,1,0,0,0,0,0,0,1,0,0,0,0,0,0,No,0,1,0,0,1,0,Local Road,Local Road,Undivided,Undiv,Metro,Dry,Strong winds,1,0,58.0,,2016
505,505,145.0070635448386,-37.82642039115915,T20160005435,2016-03-10,16,No,Struck Pedestrian,Thursday,PED NEAR SIDE. PED HIT BY VEHICLE FROM THE RIGHT.,No,Day,Not at intersection,Fatal accident,50,No,Non-Intersection,YARRA,METROPOLITAN NORTH WEST REGION,2,1,1,0,0,1,2,0,0,0,1,1,0,0,0,0,0,1,0,0,No,0,1,1,0,0,0,Arterial Other,Arterial Other,Undivided,Undiv,Metro,Wet,Raining,1,0,53.0,,2016
506,506,144.28558285479028,-38.34425034732392,T20160005045,2016-03-06,7,Yes,Collision with a fixed object,Sunday,RIGHT OFF CARRIAGEWAY INTO OBJECT/PARKED VEHICLE,No,Day,Not at intersection,Fatal accident,80,Yes,Non-Intersection,SURF COAST,SOUTH WESTERN REGION,1,1,1,0,0,0,0,1,0,0,1,0,0,0,0,0,0,0,0,0,No,0,1,0,1,0,0,Arterial Other,Arterial Other,Undivided,Undiv,Country,Dry,Not known,0,1,,50.0,2016
507,507,144.93544087287847,-38.350680840858324,T20160004733,2016-03-02,11,No,Collision with a fixed object,Wednesday,RIGHT OFF CARRIAGEWAY INTO OBJECT/PARKED VEHICLE,No,Day,Not at intersection,Fatal accident,100,Yes,Non-Intersection,MORNINGTON PENINSULA,METROPOLITAN SOUTH EAST REGION,1,1,1,0,0,0,0,1,0,0,1,0,0,0,0,0,0,0,1,0,No,0,1,0,1,0,0,Freeway,Freeway,Divided,Div,Metro,Dry,Clear,0,1,,88.0,2016
508,508,145.00862003203218,-37.663830023304406,T20160005559,2016-03-12,10,No,Collision with a fixed object,Saturday,OFF RIGHT BEND INTO OBJECT/PARKED VEHICLE,No,Day,Not at intersection,Fatal accident,50,Yes,Non-Intersection,WHITTLESEA,METROPOLITAN NORTH WEST REGION,1,1,1,0,0,0,1,0,0,0,0,0,0,1,0,0,0,0,0,0,No,0,1,0,0,1,0,Local Road,Local Road,Undivided,Undiv,Metro,Dry,Clear,1,0,44.0,,2016
509,509,144.49660026191546,-36.89673996325653,T20160005151,2016-03-07,18,Yes,Collision with a fixed object,Monday,OFF LEFT BEND INTO OBJECT/PARKED VEHICLE,No,Day,Not at intersection,Fatal accident,100,Yes,Non-Intersection,BENDIGO,NORTHERN REGION,1,1,1,0,0,0,0,1,0,0,1,0,0,0,0,0,0,0,0,0,No,0,1,0,1,0,0,Arterial Other,Arterial Other,Undivided,Undiv,Country,Dry,Clear,0,1,,69.0,2016
510,510,145.48866791055147,-38.13906995545693,T20160001961,2016-01-28,14,No,Collision with vehicle,Thursday,HEAD ON (NOT OVERTAKING),No,Day,Not at intersection,Fatal accident,90,No,Non-Intersection,CARDINIA,METROPOLITAN SOUTH EAST REGION,3,3,1,0,2,0,1,2,0,1,2,0,0,0,0,0,0,0,0,1,No,0,2,0,2,0,0,Arterial Other,Arterial Other,Undivided,Undiv,Metro,Dry,Clear,1,1,54.0,22.0,2016
511,511,146.16748439183755,-38.50620961129166,T20160001982,2016-01-28,14,No,Collision with vehicle,Thursday,HEAD ON (NOT OVERTAKING),No,Day,T intersection,Fatal accident,100,No,Intersection,SOUTH GIPPSLAND,EASTERN REGION,3,1,1,0,0,2,3,0,0,1,1,0,0,1,0,0,0,0,0,0,No,0,2,1,0,1,0,Local Road,Local Road,Undivided,Undiv,Country,Dry,Clear,2,0,39.5,,2016
512,512,146.1919789732251,-38.201424753923995,T20160002812,2016-02-08,17,No,Collision with vehicle,Monday,PULLING OUT (OVERTAKING),No,Day,T intersection,Fatal accident,100,No,Intersection,BAW BAW,EASTERN REGION,2,1,1,0,0,1,2,0,0,0,1,0,0,1,0,0,0,0,0,1,No,0,2,0,1,1,0,Local Road,Local Road,Undivided,Undiv,Country,Dry,Clear,2,0,33.5,,2016
513,513,146.3936611659957,-36.066121005909366,T20160001614,2016-01-23,21,Yes,Collision with a fixed object,Saturday,OFF RIGHT BEND INTO OBJECT/PARKED VEHICLE,No,Dark No street lights,Not at intersection,Fatal accident,100,Yes,Non-Intersection,INDIGO,NORTH EASTERN REGION,3,3,1,0,2,0,3,0,0,2,1,0,0,0,0,0,0,0,0,0,No,0,1,0,1,0,0,Arterial Highway,Arterial Highway,Undivided,Undiv,Country,Dry,Clear,1,0,17.0,,2016
514,514,144.81543894955342,-37.76459049535377,T20160002821,2016-02-08,20,Yes,Collision with vehicle,Monday,HEAD ON (NOT OVERTAKING),No,Day,Not at intersection,Fatal accident,60,No,Non-Intersection,BRIMBANK,METROPOLITAN NORTH WEST REGION,4,2,1,0,1,2,1,2,0,1,1,0,0,2,0,0,0,0,0,0,No,0,3,0,1,2,0,Arterial Other,Arterial Other,Undivided,Undiv,Metro,Dry,Clear,1,1,32.0,57.0,2016
515,515,145.68844695357038,-37.533978344632025,T20160002031,2016-01-29,11,No,Collision with a fixed object,Friday,OFF RIGHT BEND INTO OBJECT/PARKED VEHICLE,No,Day,Not at intersection,Fatal accident,100,Yes,Non-Intersection,MURRINDINDI,NORTH EASTERN REGION,1,1,1,0,0,0,1,0,0,0,1,0,0,0,0,0,0,0,0,0,No,0,1,0,1,0,0,Arterial Other,Arterial Other,Undivided,Undiv,Country,Wet,Raining,1,0,54.0,,2016
516,516,144.71983719041526,-38.32470525135298,T20160002852,2016-02-09,8,No,Collision with vehicle,Tuesday,LEFT TURN SIDESWIPE,No,Day,T intersection,Fatal accident,50,No,Intersection,MORNINGTON PENINSULA,METROPOLITAN SOUTH EAST REGION,2,2,1,0,1,0,2,0,2,0,0,0,0,0,0,0,0,0,0,0,No,0,2,0,0,0,0,Local Road,Local Road,Undivided,Undiv,Metro,Dry,Clear,2,0,68.0,,2016
517,517,144.95775749754446,-37.687600206432464,T20160002505,2016-02-04,15,No,Collision with vehicle,Thursday,REAR END(VEHICLES IN SAME LANE),No,Day,Not at intersection,Fatal accident,70,No,Non-Intersection,HUME,METROPOLITAN NORTH WEST REGION,3,1,1,0,0,2,1,2,0,1,1,0,0,1,0,0,0,0,0,0,No,0,2,0,1,1,0,Arterial Other,Arterial Other,Divided,Div,Metro,Dry,Clear,1,1,45.0,34.0,2016
518,518,142.0889207895071,-37.74367336522038,T20160002891,2016-02-09,6,No,Collision with vehicle,Tuesday,HEAD ON (NOT OVERTAKING),No,Dusk/Dawn,Not at intersection,Fatal accident,100,No,Non-Intersection,SOUTHERN GRAMPIANS,SOUTH WESTERN REGION,3,3,1,2,0,0,2,0,0,1,2,0,0,0,0,0,0,0,0,0,No,0,2,1,1,0,0,Arterial Highway,Arterial Highway,Undivided,Undiv,Country,Dry,Clear,2,0,38.5,,2016
519,519,144.86437711129147,-37.840451455017366,T20160002906,2016-02-09,15,No,Collision with vehicle,Tuesday,LEFT NEAR (INTERSECTIONS ONLY),No,Day,Cross intersection,Fatal accident,60,No,Intersection,HOBSONS BAY,METROPOLITAN NORTH WEST REGION,2,1,1,0,0,1,1,1,1,0,1,0,0,0,0,0,0,0,0,0,No,0,2,0,1,0,0,Local Road,Local Road,Divided,"Div,Undiv",Metro,Dry,Clear,1,1,74.0,30.0,2016
520,520,144.6991069225996,-37.97291892050266,T20160002918,2016-02-09,22,Yes,Collision with a fixed object,Tuesday,OFF LEFT BEND INTO OBJECT/PARKED VEHICLE,No,Dark Street lights on,Not at intersection,Fatal accident,60,Yes,Non-Intersection,WYNDHAM,METROPOLITAN NORTH WEST REGION,1,1,1,0,0,0,1,0,0,0,0,0,0,1,0,0,0,0,0,0,No,0,1,0,0,1,0,Local Road,Local Road,Undivided,Undiv,Metro,Dry,Clear,1,0,45.0,,2016
521,521,145.33103083281142,-36.82971932235576,T20160002939,2016-02-10,6,No,Collision with a fixed object,Wednesday,OFF RIGHT BEND INTO OBJECT/PARKED VEHICLE,No,Dusk/Dawn,Not at intersection,Fatal accident,100,Yes,Non-Intersection,STRATHBOGIE,NORTH EASTERN REGION,1,1,1,0,0,0,1,0,0,0,1,0,0,0,0,0,0,0,0,0,No,0,1,0,1,0,0,Local Road,Local Road,Undivided,Undiv,Country,Dry,Clear,1,0,44.0,,2016
522,522,142.65784858961,-37.39794933657769,T20160001789,2016-01-26,12,No,Collision with a fixed object,Tuesday,OFF LEFT BEND INTO OBJECT/PARKED VEHICLE,No,Day,Cross intersection,Fatal accident,100,Yes,Non-Intersection,ARARAT,WESTERN REGION,2,2,1,0,1,0,1,1,0,1,1,0,0,0,0,0,0,0,0,1,No,0,1,0,1,0,0,Local Road,Local Road,Undivided,Undiv,Country,Dry,Clear,0,1,,19.0,2016
523,523,142.76806636890637,-34.617879894591496,T20160002963,2016-02-10,8,No,Collision with vehicle,Wednesday,HEAD ON(OVERTAKING),No,Day,Not at intersection,Fatal accident,100,No,Non-Intersection,SWAN HILL,NORTHERN REGION,6,3,1,2,0,3,2,2,0,3,3,0,0,0,0,0,0,0,0,0,No,0,3,0,3,0,0,Arterial Other,Arterial Other,Undivided,Undiv,Country,Dry,Clear,2,1,36.0,42.0,2016
524,524,143.20381109725898,-37.37500751556251,T20160001820,2016-01-26,22,Yes,Struck animal,Tuesday,STRUCK ANIMAL,No,Dark No street lights,Not at intersection,Fatal accident,100,No,Non-Intersection,ARARAT,WESTERN REGION,4,4,1,3,0,0,2,2,0,3,1,0,0,0,0,0,0,0,0,0,No,0,1,0,1,0,0,Arterial Highway,Arterial Highway,Divided,Div,Country,Dry,Clear,1,0,26.0,,2016
525,525,145.30929445694218,-37.89348907252917,T20160007709,2016-04-08,12,No,Collision with vehicle,Friday,LANE CHANGE RIGHT (NOT OVERTAKING),No,Day,T intersection,Fatal accident,70,No,Intersection,KNOX,METROPOLITAN SOUTH EAST REGION,2,1,1,0,0,1,1,1,0,0,1,0,0,1,0,0,0,0,0,0,No,0,2,0,1,1,0,Arterial Highway,"Arterial Highway,Local Road",Divided,"Div,Undiv",Metro,Dry,Clear,1,1,29.0,46.0,2016
526,526,145.37673694090074,-37.81044782269754,T20160006528,2016-03-24,8,No,Collision with vehicle,Thursday,HEAD ON (NOT OVERTAKING),No,Day,Not at intersection,Fatal accident,60,No,Non-Intersection,YARRA RANGES,METROPOLITAN SOUTH EAST REGION,3,3,1,0,2,0,3,0,0,1,2,0,0,0,0,0,0,0,1,0,No,0,2,0,2,0,0,Arterial Other,Arterial Other,Undivided,Undiv,Metro,Wet,Clear,2,0,74.0,,2016
527,527,146.94335585794482,-36.16283578248533,T20160006314,2016-03-21,14,No,Collision with vehicle,Monday,RIGHT NEAR (INTERSECTIONS ONLY),No,Day,T intersection,Fatal accident,100,No,Intersection,WODONGA,NORTH EASTERN REGION,4,2,1,0,1,2,2,2,0,2,2,0,0,0,0,0,0,0,1,1,No,0,2,0,2,0,0,Arterial Other,"Arterial Other,Local Road",Undivided,Undiv,Country,Dry,Clear,1,1,80.0,24.0,2016
528,528,144.77150827551668,-37.867855789297856,T20150016404,2015-08-07,0,Yes,Collision with vehicle,Friday,HEAD ON (NOT OVERTAKING),No,Dark Street lights on,Not at intersection,Fatal accident,100,No,Non-Intersection,HOBSONS BAY,METROPOLITAN NORTH WEST REGION,3,3,1,2,0,0,2,1,0,0,3,0,0,0,0,0,0,0,0,0,No,0,3,0,3,0,0,Freeway,Freeway,Divided,Div,Metro,Wet,Clear,2,1,40.5,55.0,2015
529,529,144.9900465216181,-37.87000959387618,T20150016013,2015-08-01,10,No,Struck Pedestrian,Saturday,PED NEAR SIDE. PED HIT BY VEHICLE FROM THE RIGHT.,No,Day,Not at intersection,Fatal accident,60,No,Non-Intersection,PORT PHILLIP,METROPOLITAN NORTH WEST REGION,2,1,1,0,0,1,2,0,0,0,1,1,0,0,0,0,0,1,0,0,No,0,1,0,1,0,0,Local Road,Local Road,Undivided,Undiv,Metro,Wet,Clear,1,0,28.0,,2015
530,530,142.0242525157865,-37.87618025639188,T20150015013,2015-07-18,16,Yes,Collision with a fixed object,Saturday,LEFT OFF CARRIAGEWAY INTO OBJECT/PARKED VEHICLE,No,Dusk/Dawn,Not at intersection,Fatal accident,Not known,Yes,Non-Intersection,SOUTHERN GRAMPIANS,SOUTH WESTERN REGION,1,1,1,0,0,0,1,0,0,0,0,0,0,1,0,0,0,0,0,0,No,0,1,0,0,1,0,Local Road,Local Road,Undivided,Undiv,Country,Dry,Clear,1,0,20.0,,2015
531,531,144.4950297353823,-37.383699578037316,T20150015821,2015-07-29,12,No,Collision with vehicle,Wednesday,HEAD ON (NOT OVERTAKING),No,Day,Not at intersection,Fatal accident,80,No,Non-Intersection,MACEDON RANGES,NORTHERN REGION,2,2,1,1,0,0,2,0,0,0,2,0,0,0,0,0,0,0,0,0,No,0,2,1,1,0,0,Local Road,Local Road,Undivided,Undiv,Country,Dry,Clear,2,0,48.5,,2015
532,532,144.5564907662951,-37.481209330176355,T20150015118,2015-07-20,9,No,Collision with a fixed object,Monday,OFF RIGHT BEND INTO OBJECT/PARKED VEHICLE,No,Day,Not at intersection,Fatal accident,100,Yes,Non-Intersection,MACEDON RANGES,NORTHERN REGION,1,1,1,0,0,0,0,1,0,0,1,0,0,0,0,0,0,0,0,0,No,0,1,0,1,0,0,Arterial Other,Arterial Other,Undivided,Undiv,Country,Dry,Clear,0,1,,41.0,2015
533,533,142.03439254643732,-36.23440001373447,T20150015889,2015-07-30,15,No,Collision with a fixed object,Thursday,RIGHT OFF CARRIAGEWAY INTO OBJECT/PARKED VEHICLE,No,Day,Not at intersection,Fatal accident,100,Yes,Non-Intersection,HINDMARSH,WESTERN REGION,2,2,2,0,0,0,1,1,0,1,1,0,0,0,0,0,0,0,1,0,No,0,1,0,1,0,0,Arterial Other,Arterial Other,Undivided,Undiv,Country,Dry,Clear,1,0,76.0,,2015
534,534,142.03439254643732,-36.23440001373447,T20150015889,2015-07-30,15,No,Collision with a fixed object,Thursday,RIGHT OFF CARRIAGEWAY INTO OBJECT/PARKED VEHICLE,No,Day,Not at intersection,Fatal accident,100,Yes,Non-Intersection,HINDMARSH,WESTERN REGION,2,2,2,0,0,0,1,1,0,1,1,0,0,0,0,0,0,0,1,0,No,0,1,0,1,0,0,Arterial Other,Arterial Other,Undivided,Undiv,Country,Dry,Clear,1,0,76.0,,2015
535,535,145.06053960631263,-37.70020264592351,T20150015890,2015-07-30,18,Yes,Struck Pedestrian,Thursday,FAR SIDE. PED HIT BY VEHICLE FROM THE LEFT,No,Dark Street lights on,Not at intersection,Fatal accident,60,No,Non-Intersection,BANYULE,METROPOLITAN NORTH WEST REGION,2,1,1,0,0,1,1,1,0,0,1,1,0,0,0,0,0,1,0,0,No,0,1,0,1,0,0,Arterial Other,Arterial Other,Undivided,Undiv,Metro,Dry,Clear,1,0,27.0,,2015
536,536,145.06053960631263,-37.70020264592351,T20150015890,2015-07-30,18,Yes,Struck Pedestrian,Thursday,FAR SIDE. PED HIT BY VEHICLE FROM THE LEFT,No,Dark Street lights on,Not at intersection,Fatal accident,60,No,Non-Intersection,BANYULE,METROPOLITAN NORTH WEST REGION,2,1,1,0,0,1,1,1,0,0,1,1,0,0,0,0,0,1,0,0,No,0,1,0,1,0,0,Arterial Other,Arterial Other,Undivided,Undiv,Metro,Dry,Strong winds,1,0,27.0,,2015
537,537,144.85559049726842,-37.85430005005964,T20150016264,2015-08-05,4,Yes,Collision with vehicle,Wednesday,OTHER ON PATH,No,Dark Street lights on,Not at intersection,Fatal accident,50,No,Non-Intersection,HOBSONS BAY,METROPOLITAN NORTH WEST REGION,2,1,1,0,0,1,2,0,0,1,1,0,0,0,0,0,0,0,0,0,No,0,2,1,1,0,0,Local Road,Local Road,Undivided,Undiv,Metro,Wet,Raining,1,0,32.0,,2015
538,538,146.01343397566197,-36.02608248620893,T20150014033,2015-07-03,15,No,Collision with vehicle,Friday,OTHER ADJACENT (INTERSECTIONS ONLY),No,Day,Multiple intersection,Fatal accident,60,No,Intersection,MOIRA,NORTH EASTERN REGION,6,6,2,2,2,0,4,2,0,4,2,0,0,0,0,0,0,0,0,0,No,0,2,0,2,0,0,Local Road,Local Road,Undivided,Undiv,Country,Dry,Clear,2,0,61.5,,2015
539,539,146.01343397566197,-36.02608248620893,T20150014033,2015-07-03,15,No,Collision with vehicle,Friday,OTHER ADJACENT (INTERSECTIONS ONLY),No,Day,Multiple intersection,Fatal accident,60,No,Intersection,MOIRA,NORTH EASTERN REGION,6,6,2,2,2,0,4,2,0,4,2,0,0,0,0,0,0,0,0,0,No,0,2,0,2,0,0,Local Road,Local Road,Undivided,Undiv,Country,Dry,Clear,2,0,61.5,,2015
540,540,145.0089371094119,-37.70884126381785,T20150013615,2015-06-27,15,Yes,Collision with vehicle,Saturday,HEAD ON (NOT OVERTAKING),No,Day,T intersection,Fatal accident,60,No,Intersection,DAREBIN,METROPOLITAN NORTH WEST REGION,11,7,1,2,4,4,5,6,0,6,5,0,0,0,0,0,0,0,0,1,No,0,5,0,5,0,0,Arterial Other,"Arterial Other,Local Road",Undivided,Undiv,Metro,Dry,Clear,2,3,31.0,44.33333333333334,2015
541,541,145.09143847997453,-37.10450027942467,T20150014077,2015-07-04,12,No,Collision with vehicle,Saturday,LANE SIDE SWIPE (VEHICLES IN PARALLEL LANES),No,Day,Not at intersection,Fatal accident,110,No,Non-Intersection,MITCHELL,NORTHERN REGION,2,2,1,1,0,0,2,0,0,0,0,0,0,2,0,0,0,0,0,0,No,0,2,0,0,2,0,Freeway,Freeway,Divided,Div,Country,Dry,Clear,2,0,46.5,,2015
542,542,149.53433166064949,-37.503881567198405,T20150014842,2015-07-16,16,No,Collision with a fixed object,Thursday,LEFT OFF CARRIAGEWAY INTO OBJECT/PARKED VEHICLE,No,Dusk/Dawn,Not at intersection,Fatal accident,100,Yes,Non-Intersection,EAST GIPPSLAND,EASTERN REGION,1,1,1,0,0,0,1,0,0,0,1,0,0,0,0,0,0,0,0,0,No,0,1,0,1,0,0,Arterial Highway,Arterial Highway,Undivided,Undiv,Country,Wet,Raining,1,0,74.0,,2015
543,543,145.7320490192366,-37.20782971641479,T20150014094,2015-07-05,1,Yes,Collision with a fixed object,Sunday,OFF RIGHT BEND INTO OBJECT/PARKED VEHICLE,No,Dark No street lights,Not at intersection,Fatal accident,100,Yes,Non-Intersection,MURRINDINDI,NORTH EASTERN REGION,1,1,1,0,0,0,1,0,0,0,1,0,0,0,0,0,0,0,0,0,No,0,1,0,1,0,0,Arterial Highway,Arterial Highway,Undivided,Undiv,Country,Dry,Clear,1,0,37.0,,2015