,Unnamed: 0,X,Y,ACCIDENT_NO,ACCIDENT_DATE,ACCIDENT_TIME,ALCOHOLTIME,ACCIDENT_TYPE,DAY_OF_WEEK,DCA_CODE,HIT_RUN_FLAG,LIGHT_CONDITION,ROAD_GEOMETRY,SEVERITY,SPEED_ZONE,RUN_OFFROAD,NODE_TYPE,LGA_NAME,REGION_NAME,TOTAL_PERSONS,INJ_OR_FATAL,FATALITY,SERIOUSINJURY,OTHERINJURY,NONINJURED,MALES,FEMALES,BICYCLIST,PASSENGER,DRIVER,PEDESTRIAN,PILLION,MOTORIST,UNKNOWN,PED_CYCLIST_5_12,PED_CYCLIST_13_18,OLD_PEDESTRIAN,OLD_DRIVER,YOUNG_DRIVER,ALCOHOL_RELATED,UNLICENCSED,NO_OF_VEHICLES,HEAVYVEHICLE,PASSENGERVEHICLE,MOTORCYCLE,PUBLICVEHICLE,RMA,RMA_ALL,DIVIDED,DIVIDED_ALL,STAT_DIV_NAME,Surface Cond Desc,Atmosph Cond Desc,no_male_driver,no_female_driver,avg_age_male,avg_age_female,year
652,652,145.09751398326438,-37.82451049928421,T20160020131,2016-09-14,15,No,Collision with vehicle,Wednesday,STRUCK TRAIN,No,Day,Not at intersection,Fatal accident,60,No,Non-Intersection,BOROONDARA,METROPOLITAN SOUTH EAST REGION,3,2,2,0,0,1,1,2,0,1,2,0,0,0,0,0,0,0,0,0,No,0,2,0,1,0,1,Local Road,Local Road,Undivided,Undiv,Metro,Wet,Raining,1,1,61.0,71.0,2016
653,653,145.09751398326438,-37.82451049928421,T20160020131,2016-09-14,15,No,Collision with vehicle,Wednesday,STRUCK TRAIN,No,Day,Not at intersection,Fatal accident,60,No,Non-Intersection,BOROONDARA,METROPOLITAN SOUTH EAST REGION,3,2,2,0,0,1,1,2,0,1,2,0,0,0,0,0,0,0,0,0,No,0,2,0,1,0,1,Local Road,Local Road,Undivided,Undiv,Metro,Wet,Raining,1,1,61.0,71.0,2016
654,654,147.39105034994395,-38.206948399033436,T20160019758,2016-09-09,10,No,Collision with a fixed object,Friday,OFF LEFT BEND INTO OBJECT/PARKED VEHICLE,No,Day,Not at intersection,Fatal accident,60,Yes,Non-Intersection,WELLINGTON,EASTERN REGION,1,1,1,0,0,0,1,0,0,0,1,0,0,0,0,0,0,0,1,0,No,0,1,0,1,0,0,Local Road,Local Road,Undivided,Undiv,Country,Wet,Raining,1,0,75.0,,2016
655,655,144.67077001882896,-36.48628667581547,T20160019358,2016-09-05,0,Yes,Collision with a fixed object,Monday,LEFT OFF CARRIAGEWAY INTO OBJECT/PARKED VEHICLE,No,Dark No street lights,Not at intersection,Fatal accident,100,Yes,Non-Intersection,CAMPASPE,NORTHERN REGION,1,1,1,0,0,0,1,0,0,0,1,0,0,0,0,0,0,0,0,0,No,0,1,0,1,0,0,Arterial Highway,Arterial Highway,Undivided,Undiv,Country,Wet,Clear,1,0,52.0,,2016
656,656,145.25662724007472,-37.77816968459954,T20160020268,2016-09-16,23,Yes,Collision with vehicle,Friday,HEAD ON (NOT OVERTAKING),No,Dark Street lights on,Not at intersection,Fatal accident,50,No,Non-Intersection,MAROONDAH,METROPOLITAN SOUTH EAST REGION,5,1,1,0,0,4,2,3,0,3,1,0,0,1,0,0,0,0,0,0,No,0,2,0,1,1,0,Local Road,Local Road,Undivided,Undiv,Metro,Dry,Clear,2,0,42.0,,2016
657,657,142.10938999855836,-36.739089970626225,T20160019890,2016-09-11,11,No,Collision with vehicle,Sunday,HEAD ON (NOT OVERTAKING),No,Day,Not at intersection,Fatal accident,100,No,Non-Intersection,HORSHAM,WESTERN REGION,4,4,1,1,2,0,2,2,0,2,2,0,0,0,0,0,0,0,0,0,No,0,2,0,2,0,0,Arterial Highway,Arterial Highway,Undivided,Undiv,Country,Dry,Clear,2,0,48.5,,2016
658,658,144.66198702707084,-37.89003703451469,T20160019495,2016-09-03,11,No,Struck Pedestrian,Saturday,FAR SIDE. PED HIT BY VEHICLE FROM THE LEFT,No,Day,Cross intersection,Fatal accident,70,No,Intersection,WYNDHAM,METROPOLITAN NORTH WEST REGION,2,1,1,0,0,1,2,0,0,0,1,1,0,0,0,0,0,1,0,0,No,0,1,0,1,0,0,Local Road,Local Road,Divided,"Div,Undiv",Metro,Dry,Not known,1,0,40.0,,2016
659,659,144.82973471362672,-37.77160061708285,T20160020393,2016-09-18,19,Yes,Struck Pedestrian,Sunday,PED NEAR SIDE. PED HIT BY VEHICLE FROM THE RIGHT.,No,Dark Street lights on,T intersection,Fatal accident,60,No,Intersection,BRIMBANK,METROPOLITAN NORTH WEST REGION,3,2,1,1,0,1,1,2,0,0,1,2,0,0,0,0,0,2,0,0,No,0,1,0,1,0,0,Arterial Other,"Arterial Other,Local Road",Undivided,Undiv,Metro,Wet,Raining,1,0,40.0,,2016
660,660,145.03739997532006,-37.93330563380198,T20160019601,2016-09-07,18,Yes,Collision with vehicle,Wednesday,RIGHT THROUGH,No,Day,T intersection,Fatal accident,70,No,Intersection,GLEN EIRA,METROPOLITAN SOUTH EAST REGION,2,2,1,0,1,0,2,0,0,0,1,0,0,1,0,0,0,0,0,0,No,0,2,0,1,1,0,Arterial Other,"Arterial Other,Local Road",Divided,"Div,Undiv",Metro,Dry,Clear,2,0,38.0,,2016
661,661,142.629129780288,-36.98193023475619,T20160020463,2016-09-19,15,No,Collision with vehicle,Monday,HEAD ON (NOT OVERTAKING),No,Day,Not at intersection,Fatal accident,100,No,Non-Intersection,NORTHERN GRAMPIANS,WESTERN REGION,2,2,1,0,1,0,2,0,0,0,2,0,0,0,0,0,0,0,0,0,No,0,2,1,1,0,0,Arterial Highway,Arterial Highway,Undivided,Undiv,Country,Dry,Clear,2,0,53.5,,2016
662,662,142.96740271538638,-36.66131234606522,T20160018120,2016-08-18,13,No,Collision with vehicle,Thursday,HEAD ON (NOT OVERTAKING),No,Day,Not at intersection,Fatal accident,100,No,Non-Intersection,NORTHERN GRAMPIANS,WESTERN REGION,3,3,1,2,0,0,2,1,0,1,2,0,0,0,0,0,0,0,0,0,No,0,2,1,1,0,0,Arterial Highway,Arterial Highway,Undivided,Undiv,Country,Dry,Clear,1,1,50.0,63.0,2016
663,663,142.52286155248478,-36.74695235310941,T20160018131,2016-08-18,14,No,Collision with vehicle,Thursday,CROSS TRAFFIC(INTERSECTIONS ONLY),No,Day,Cross intersection,Fatal accident,100,No,Intersection,YARRIAMBIACK,WESTERN REGION,2,2,1,1,0,0,1,1,0,0,2,0,0,0,0,0,0,0,0,0,No,0,2,0,2,0,0,Arterial Other,"Arterial Other,Local Road",Undivided,Undiv,Country,Dry,Clear,1,1,57.0,56.0,2016
664,664,145.08629147622278,-37.924495859870405,T20160018510,2016-08-24,6,No,Collision with vehicle,Wednesday,RIGHT FAR (INTERSECTIONS ONLY),No,Dark Street lights on,T intersection,Fatal accident,60,No,Intersection,KINGSTON,METROPOLITAN SOUTH EAST REGION,2,1,1,0,0,1,2,0,0,0,1,0,0,1,0,0,0,0,0,0,No,1,2,0,1,1,0,Arterial Other,"Arterial Other,Local Road",Undivided,Undiv,Metro,Dry,Clear,2,0,43.0,,2016
665,665,145.65983708869342,-35.98296999825195,T20160011846,2016-05-30,13,No,Collision with a fixed object,Monday,RIGHT OFF CARRIAGEWAY INTO OBJECT/PARKED VEHICLE,No,Day,Not at intersection,Fatal accident,100,Yes,Non-Intersection,MOIRA,NORTH EASTERN REGION,3,3,1,2,0,0,2,1,0,2,1,0,0,0,0,0,0,0,0,0,No,0,1,0,1,0,0,Local Road,Local Road,Undivided,Undiv,Country,Dry,Clear,1,0,47.0,,2016
666,666,144.86990058165355,-37.729528221509106,T20160011411,2016-05-24,8,No,Collision with vehicle,Tuesday,LANE CHANGE RIGHT (NOT OVERTAKING),No,Day,Not at intersection,Fatal accident,100,No,Non-Intersection,MOONEE VALLEY,METROPOLITAN NORTH WEST REGION,13,11,1,1,9,2,8,5,0,2,11,0,0,0,0,0,0,0,0,1,No,0,11,2,9,0,0,Freeway,Freeway,Divided,Div,Metro,Dry,Clear,6,5,44.5,42.8,2016
667,667,145.36957828858772,-37.885550912411524,T20160011438,2016-05-24,20,Yes,Collision with vehicle,Tuesday,HEAD ON (NOT OVERTAKING),No,Dark No street lights,Not at intersection,Fatal accident,50,No,Non-Intersection,YARRA RANGES,METROPOLITAN SOUTH EAST REGION,4,3,2,1,0,1,4,0,0,2,2,0,0,0,0,0,0,0,0,1,No,0,2,0,2,0,0,Arterial Other,Arterial Other,Undivided,Undiv,Metro,Dry,Clear,2,0,40.5,,2016
668,668,145.36957828858772,-37.885550912411524,T20160011438,2016-05-24,20,Yes,Collision with vehicle,Tuesday,HEAD ON (NOT OVERTAKING),No,Dark No street lights,Not at intersection,Fatal accident,50,No,Non-Intersection,YARRA RANGES,METROPOLITAN SOUTH EAST REGION,4,3,2,1,0,1,4,0,0,2,2,0,0,0,0,0,0,0,0,1,No,0,2,0,2,0,0,Arterial Other,Arterial Other,Undivided,Undiv,Metro,Dry,Clear,2,0,40.5,,2016
669,669,143.82331209376673,-36.600283198801286,T20160011876,2016-05-30,20,Yes,Collision with a fixed object,Monday,RIGHT OFF CARRIAGEWAY INTO OBJECT/PARKED VEHICLE,No,Dark No street lights,Not at intersection,Fatal accident,100,Yes,Non-Intersection,LODDON,NORTHERN REGION,1,1,1,0,0,0,0,1,0,0,1,0,0,0,0,0,0,0,0,0,No,1,1,0,1,0,0,Local Road,Local Road,Undivided,Undiv,Country,Dry,Clear,0,1,,45.0,2016
670,670,145.02807814535558,-37.627229803033906,T20160011104,2016-05-20,18,Yes,Collision with vehicle,Friday,HEAD ON (NOT OVERTAKING),No,Dark No street lights,Not at intersection,Fatal accident,60,No,Non-Intersection,WHITTLESEA,METROPOLITAN NORTH WEST REGION,4,4,1,3,0,0,3,1,0,2,2,0,0,0,0,0,0,0,0,0,No,0,2,0,2,0,0,Arterial Other,Arterial Other,Undivided,Undiv,Metro,Dry,Clear,2,0,58.0,,2016
671,671,143.5923676388459,-38.3394777652529,T20160011516,2016-05-26,7,No,Struck Pedestrian,Thursday,FAR SIDE. PED HIT BY VEHICLE FROM THE LEFT,No,Dark Street lights on,Cross intersection,Fatal accident,60,No,Intersection,COLAC OTWAY,SOUTH WESTERN REGION,2,1,1,0,0,1,2,0,0,0,1,1,0,0,0,0,0,0,0,0,No,0,1,0,1,0,0,Arterial Highway,"Arterial Highway,Local Road,Arterial Other",Divided,"Div,Undiv",Country,Wet,Raining,1,0,69.0,,2016
672,672,146.46853399175987,-36.14035049259123,T20160012014,2016-06-01,6,No,Collision with vehicle,Wednesday,HEAD ON (NOT OVERTAKING),No,Dusk/Dawn,Not at intersection,Fatal accident,100,No,Non-Intersection,INDIGO,NORTH EASTERN REGION,3,2,1,1,0,1,1,2,0,0,3,0,0,0,0,0,0,0,0,2,No,0,3,0,3,0,0,Arterial Other,Arterial Other,Undivided,Undiv,Country,Dry,Clear,1,2,19.0,36.5,2016
673,673,141.44158817978519,-38.225350425649935,T20160011603,2016-05-26,22,Yes,Collision with a fixed object,Thursday,OFF RIGHT BEND INTO OBJECT/PARKED VEHICLE,No,Dark No street lights,Not at intersection,Fatal accident,100,Yes,Non-Intersection,GLENELG,SOUTH WESTERN REGION,2,1,1,0,0,1,2,0,0,1,1,0,0,0,0,0,0,0,0,0,No,0,1,0,1,0,0,Arterial Other,Arterial Other,Undivided,Undiv,Country,Wet,Raining,1,0,39.0,,2016
674,674,141.44158817978519,-38.225350425649935,T20160011603,2016-05-26,22,Yes,Collision with a fixed object,Thursday,OFF RIGHT BEND INTO OBJECT/PARKED VEHICLE,No,Dark No street lights,Not at intersection,Fatal accident,100,Yes,Non-Intersection,GLENELG,SOUTH WESTERN REGION,2,1,1,0,0,1,2,0,0,1,1,0,0,0,0,0,0,0,0,0,No,0,1,0,1,0,0,Arterial Other,Arterial Other,Undivided,Undiv,Country,Wet,Fog,1,0,39.0,,2016
675,675,145.27722208777442,-38.083909402177,T20160017353,2016-08-08,13,No,Collision with vehicle,Monday,LEFT NEAR (INTERSECTIONS ONLY),No,Day,T intersection,Fatal accident,80,No,Non-Intersection,CASEY,METROPOLITAN SOUTH EAST REGION,4,2,1,1,0,2,0,4,0,2,2,0,0,0,0,0,0,0,0,1,No,0,2,0,2,0,0,Arterial Highway,Arterial Highway,Divided,Div,Metro,Dry,Clear,0,2,,28.0,2016
676,676,144.83850997158768,-37.15298227802042,T20160016138,2016-07-23,21,Yes,Collision with a fixed object,Saturday,OFF RIGHT BEND INTO OBJECT/PARKED VEHICLE,No,Dark No street lights,Not at intersection,Fatal accident,100,Yes,Non-Intersection,MITCHELL,NORTHERN REGION,1,1,1,0,0,0,0,1,0,0,1,0,0,0,0,0,0,0,0,0,No,1,1,0,1,0,0,Local Road,Local Road,Undivided,Undiv,Country,Wet,Clear,0,1,,46.0,2016
677,677,143.82812841251263,-37.57602980994487,T20160016146,2016-07-23,23,Yes,Collision with a fixed object,Saturday,LEFT OFF CARRIAGEWAY INTO OBJECT/PARKED VEHICLE,No,Dark Street lights on,Not at intersection,Fatal accident,60,Yes,Non-Intersection,BALLARAT,WESTERN REGION,1,1,1,0,0,0,1,0,0,0,0,0,0,1,0,0,0,0,0,0,No,0,1,0,0,1,0,Local Road,Local Road,Undivided,Undiv,Country,Wet,Clear,1,0,22.0,,2016
678,678,143.51620103059994,-36.35334853681655,T20160016565,2016-07-29,15,No,Collision with a fixed object,Friday,LEFT OFF CARRIAGEWAY INTO OBJECT/PARKED VEHICLE,No,Day,Not at intersection,Fatal accident,100,Yes,Non-Intersection,LODDON,NORTHERN REGION,1,1,1,0,0,0,0,1,0,0,1,0,0,0,0,0,0,0,0,0,No,0,1,0,1,0,0,Arterial Highway,Arterial Highway,Undivided,Undiv,Country,Wet,Raining,0,1,,74.0,2016
679,679,143.51620103059994,-36.35334853681655,T20160016565,2016-07-29,15,No,Collision with a fixed object,Friday,LEFT OFF CARRIAGEWAY INTO OBJECT/PARKED VEHICLE,No,Day,Not at intersection,Fatal accident,100,Yes,Non-Intersection,LODDON,NORTHERN REGION,1,1,1,0,0,0,0,1,0,0,1,0,0,0,0,0,0,0,0,0,No,0,1,0,1,0,0,Arterial Highway,Arterial Highway,Undivided,Undiv,Country,Muddy,Raining,0,1,,74.0,2016
680,680,144.376850265837,-38.17968806555915,T20160016158,2016-07-24,9,Yes,Struck Pedestrian,Sunday,PED NEAR SIDE. PED HIT BY VEHICLE FROM THE RIGHT.,No,Day,T intersection,Fatal accident,60,No,Non-Intersection,GEELONG,SOUTH WESTERN REGION,2,1,1,0,0,1,2,0,0,0,1,1,0,0,0,0,0,1,0,1,No,0,1,0,1,0,0,Arterial Other,Arterial Other,Undivided,Undiv,Country,Dry,Clear,1,0,23.0,,2016
681,681,144.26057724259752,-38.335922583165434,T20160016975,2016-08-03,9,No,Collision with vehicle,Wednesday,HEAD ON (NOT OVERTAKING),No,Day,Not at intersection,Fatal accident,100,No,Non-Intersection,SURF COAST,SOUTH WESTERN REGION,3,3,1,2,0,0,0,3,0,1,2,0,0,0,0,0,0,0,0,0,No,0,2,0,2,0,0,Arterial Other,Arterial Other,Undivided,Undiv,Country,Wet,Clear,0,2,,26.0,2016
682,682,145.79530015187237,-38.08088911616633,T20160016189,2016-07-24,17,Yes,Collision with a fixed object,Sunday,RIGHT OFF CARRIAGEWAY INTO OBJECT/PARKED VEHICLE,No,Dusk/Dawn,Not at intersection,Fatal accident,100,Yes,Non-Intersection,BAW BAW,EASTERN REGION,1,1,1,0,0,0,0,1,0,0,1,0,0,0,0,0,0,0,0,1,No,0,1,0,1,0,0,Local Road,Local Road,Undivided,Undiv,Country,Dry,Clear,0,1,,18.0,2016
683,683,145.1589762338906,-36.469521158547934,T20160016195,2016-07-25,4,Yes,Collision with vehicle,Monday,HEAD ON (NOT OVERTAKING),No,Dark No street lights,Cross intersection,Fatal accident,100,No,Intersection,SHEPPARTON,NORTH EASTERN REGION,2,2,1,1,0,0,2,0,0,0,2,0,0,0,0,0,0,0,0,0,Yes,0,2,1,1,0,0,Arterial Other,"Arterial Other,Local Road",Undivided,Undiv,Country,Wet,Clear,2,0,53.0,,2016
684,684,145.2411006952186,-38.002336416938014,T20160016263,2016-07-25,18,Yes,Collision with a fixed object,Monday,LEFT OFF CARRIAGEWAY INTO OBJECT/PARKED VEHICLE,No,Dark Street lights unknown,T intersection,Fatal accident,80,Yes,Non-Intersection,CASEY,METROPOLITAN SOUTH EAST REGION,1,1,1,0,0,0,1,0,0,0,1,0,0,0,0,0,0,0,0,0,No,0,1,0,1,0,0,Arterial Highway,Arterial Highway,Divided,Div,Metro,Wet,Raining,1,0,36.0,,2016
685,685,145.2411006952186,-38.002336416938014,T20160016263,2016-07-25,18,Yes,Collision with a fixed object,Monday,LEFT OFF CARRIAGEWAY INTO OBJECT/PARKED VEHICLE,No,Dark Street lights unknown,T intersection,Fatal accident,80,Yes,Non-Intersection,CASEY,METROPOLITAN SOUTH EAST REGION,1,1,1,0,0,0,1,0,0,0,1,0,0,0,0,0,0,0,0,0,No,0,1,0,1,0,0,Arterial Highway,Arterial Highway,Divided,Div,Metro,Wet,Strong winds,1,0,36.0,,2016
686,686,142.9030401188109,-38.56205927887115,T20160016270,2016-07-25,18,Yes,Collision with a fixed object,Monday,RIGHT OFF CARRIAGEWAY INTO OBJECT/PARKED VEHICLE,No,Dusk/Dawn,Not at intersection,Fatal accident,100,Yes,Non-Intersection,CORANGAMITE,SOUTH WESTERN REGION,1,1,1,0,0,0,1,0,0,0,1,0,0,0,0,0,0,0,0,1,No,0,1,0,1,0,0,Local Road,Local Road,Undivided,Undiv,Country,Wet,Raining,1,0,23.0,,2016
687,687,142.9030401188109,-38.56205927887115,T20160016270,2016-07-25,18,Yes,Collision with a fixed object,Monday,RIGHT OFF CARRIAGEWAY INTO OBJECT/PARKED VEHICLE,No,Dusk/Dawn,Not at intersection,Fatal accident,100,Yes,Non-Intersection,CORANGAMITE,SOUTH WESTERN REGION,1,1,1,0,0,0,1,0,0,0,1,0,0,0,0,0,0,0,0,1,No,0,1,0,1,0,0,Local Road,Local Road,Undivided,Undiv,Country,Muddy,Raining,1,0,23.0,,2016
688,688,144.94865526535915,-37.80550462750878,T20160016677,2016-07-30,2,Yes,Struck Pedestrian,Saturday,FAR SIDE. PED HIT BY VEHICLE FROM THE LEFT,Yes,Dark Street lights on,Cross intersection,Fatal accident,60,No,Intersection,MELBOURNE,METROPOLITAN NORTH WEST REGION,2,1,1,0,0,1,1,1,0,0,1,1,0,0,0,0,0,0,0,1,Yes,0,1,0,1,0,0,Arterial Other,"Arterial Other,Local Road",Divided,Div,Metro,Dry,Clear,1,0,22.0,,2016
689,689,144.34295193486832,-38.131090937477325,T20160017115,2016-08-05,0,Yes,Collision with a fixed object,Friday,OFF RIGHT BEND INTO OBJECT/PARKED VEHICLE,No,Dark Street lights on,T intersection,Fatal accident,60,Yes,Intersection,GEELONG,SOUTH WESTERN REGION,2,2,1,1,0,0,2,0,0,1,1,0,0,0,0,0,0,0,0,1,No,0,1,0,1,0,0,Arterial Highway,"Arterial Highway,Local Road",Divided,"Div,Undiv",Country,Dry,Clear,1,0,24.0,,2016
690,690,142.7823191273593,-38.06207071933493,T20160016737,2016-07-31,18,Yes,Collision with vehicle,Sunday,HEAD ON (NOT OVERTAKING),No,Dark No street lights,Not at intersection,Fatal accident,100,No,Non-Intersection,MOYNE,SOUTH WESTERN REGION,3,3,1,2,0,0,1,2,0,1,2,0,0,0,0,0,0,0,0,0,No,0,2,0,2,0,0,Arterial Highway,Arterial Highway,Undivided,Undiv,Country,Dry,Clear,0,2,,60.0,2016
691,691,144.41842990444633,-37.36416999374343,T20160020781,2016-09-23,23,Yes,Collision with a fixed object,Friday,RIGHT OFF CARRIAGEWAY INTO OBJECT/PARKED VEHICLE,No,Dark No street lights,Not at intersection,Fatal accident,100,Yes,Non-Intersection,HEPBURN,WESTERN REGION,1,1,1,0,0,0,1,0,0,0,1,0,0,0,0,0,0,0,0,0,No,1,1,0,1,0,0,Local Road,Local Road,Undivided,Undiv,Country,Dry,Clear,1,0,39.0,,2016
692,692,145.25919300614026,-37.26559584821021,T20160020878,2016-09-25,13,No,Collision with vehicle,Sunday,HEAD ON(OVERTAKING),No,Day,Not at intersection,Fatal accident,100,No,Non-Intersection,MURRINDINDI,NORTH EASTERN REGION,2,1,1,0,0,1,2,0,0,0,1,0,0,1,0,0,0,0,0,0,No,0,2,0,1,1,0,Arterial Other,Arterial Other,Undivided,Undiv,Country,Dry,Clear,2,0,47.0,,2016
693,693,145.71495943424884,-38.1172294188689,T20160021761,2016-10-07,21,Yes,Vehicle overturned (no collision),Friday,OFF CARRIAGEWAY TO RIGHT,No,Dark No street lights,Not at intersection,Fatal accident,100,Yes,Non-Intersection,CARDINIA,METROPOLITAN SOUTH EAST REGION,2,2,1,0,1,0,2,0,0,1,1,0,0,0,0,0,0,0,0,1,No,1,1,0,1,0,0,Local Road,Local Road,Undivided,Undiv,Metro,Dry,Clear,1,0,22.0,,2016
694,694,146.9372800935994,-36.1485913617014,T20160022172,2016-10-13,11,No,Collision with vehicle,Thursday,HEAD ON (NOT OVERTAKING),No,Day,Not at intersection,Fatal accident,80,No,Non-Intersection,WODONGA,NORTH EASTERN REGION,2,2,1,0,1,0,1,1,0,0,2,0,0,0,0,0,0,0,0,0,No,0,2,1,1,0,0,Arterial Highway,Arterial Highway,Undivided,Undiv,Country,Dry,Clear,1,1,53.0,54.0,2016
695,695,144.80454658327318,-37.74478844484828,T20160020947,2016-09-26,9,No,Struck Pedestrian,Monday,FAR SIDE. PED HIT BY VEHICLE FROM THE LEFT,No,Day,T intersection,Fatal accident,Other speed limit,No,Intersection,BRIMBANK,METROPOLITAN NORTH WEST REGION,2,1,1,0,0,1,1,1,0,0,1,1,0,0,0,0,0,1,0,0,No,0,1,0,1,0,0,Arterial Other,"Arterial Other,Local Road",Undivided,Undiv,Metro,Dry,Clear,1,0,34.0,,2016
696,696,142.63871030624387,-37.19509946572885,T20160021816,2016-10-08,16,Yes,Collision with a fixed object,Saturday,OFF LEFT BEND INTO OBJECT/PARKED VEHICLE,No,Day,Not at intersection,Fatal accident,100,Yes,Non-Intersection,ARARAT,WESTERN REGION,1,1,1,0,0,0,0,1,0,0,1,0,0,0,0,0,0,0,0,0,No,0,1,0,1,0,0,Local Road,Local Road,Undivided,Undiv,Country,Dry,Clear,0,1,,69.0,2016
697,697,144.49823950753168,-37.685831731878686,T20160021836,2016-10-08,22,Yes,Collision with vehicle,Saturday,HEAD ON (NOT OVERTAKING),No,Dark No street lights,Not at intersection,Fatal accident,110,No,Non-Intersection,MOORABOOL,WESTERN REGION,5,5,1,3,1,0,3,2,0,3,2,0,0,0,0,0,0,0,0,0,No,0,2,0,2,0,0,Freeway,Freeway,Divided,Div,Country,Dry,Clear,1,1,32.0,30.0,2016
698,698,145.20077653400912,-38.084119550971174,T20160020983,2016-09-26,23,Yes,Collision with a fixed object,Monday,LEFT OFF CARRIAGEWAY INTO OBJECT/PARKED VEHICLE,No,Dark Street lights on,Not at intersection,Fatal accident,60,Yes,Non-Intersection,FRANKSTON,METROPOLITAN SOUTH EAST REGION,1,1,1,0,0,0,1,0,0,0,1,0,0,0,0,0,0,0,0,1,No,0,1,0,1,0,0,Local Road,Local Road,Undivided,Undiv,Metro,Wet,Raining,1,0,20.0,,2016
699,699,146.44197032271876,-36.66909990791779,T20160026221,2016-12-05,6,No,Collision with a fixed object,Monday,LEFT OFF CARRIAGEWAY INTO OBJECT/PARKED VEHICLE,No,Unk.,Not at intersection,Fatal accident,100,Yes,Non-Intersection,WANGARATTA,NORTH EASTERN REGION,2,2,2,0,0,0,1,1,0,1,1,0,0,0,0,0,0,0,0,0,No,0,1,0,1,0,0,Local Road,Local Road,Undivided,Undiv,Country,Unknown,Not known,1,0,42.0,,2016
700,700,146.44197032271876,-36.66909990791779,T20160026221,2016-12-05,6,No,Collision with a fixed object,Monday,LEFT OFF CARRIAGEWAY INTO OBJECT/PARKED VEHICLE,No,Unk.,Not at intersection,Fatal accident,100,Yes,Non-Intersection,WANGARATTA,NORTH EASTERN REGION,2,2,2,0,0,0,1,1,0,1,1,0,0,0,0,0,0,0,0,0,No,0,1,0,1,0,0,Local Road,Local Road,Undivided,Undiv,Country,Unknown,Not known,1,0,42.0,,2016
701,701,144.6737734356929,-37.89265036944232,T20160026679,2016-12-10,19,Yes,Collision with vehicle,Saturday,U TURN,No,Day,Not at intersection,Fatal accident,50,No,Non-Intersection,WYNDHAM,METROPOLITAN NORTH WEST REGION,2,1,1,0,0,1,2,0,0,0,2,0,0,0,0,0,0,0,0,0,No,0,2,0,2,0,0,Local Road,Local Road,Undivided,Undiv,Metro,Dry,Clear,2,0,39.5,,2016
702,702,145.11851957322597,-37.83834233648701,T20160027087,2016-11-30,13,No,No collision and no object struck,Wednesday,OUT OF CONTROL ON CARRIAGEWAY (ON STRAIGHT),No,Day,Not at intersection,Fatal accident,60,No,Non-Intersection,WHITEHORSE,METROPOLITAN SOUTH EAST REGION,1,1,1,0,0,0,1,0,1,0,0,0,0,0,0,0,0,0,0,0,No,0,1,0,0,0,0,Arterial Other,Arterial Other,Undivided,Undiv,Metro,Dry,Clear,1,0,27.0,,2016
703,703,145.1768291194219,-37.81323751372741,T20160025875,2016-11-30,16,No,Struck Pedestrian,Wednesday,PED NEAR SIDE. PED HIT BY VEHICLE FROM THE RIGHT.,No,Day,Cross intersection,Fatal accident,70,No,Intersection,WHITEHORSE,METROPOLITAN SOUTH EAST REGION,6,2,1,1,0,4,3,3,0,3,1,2,0,0,0,0,0,1,0,0,No,0,1,0,1,0,0,Arterial Highway,"Arterial Highway,Local Road",Divided,"Div,Undiv",Metro,Dry,Clear,0,1,,40.0,2016
704,704,145.13496034565426,-37.67564030426677,T20160026708,2016-12-11,10,Yes,Collision with a fixed object,Sunday,OFF LEFT BEND INTO OBJECT/PARKED VEHICLE,No,Day,Not at intersection,Fatal accident,70,Yes,Non-Intersection,NILLUMBIK,METROPOLITAN NORTH WEST REGION,1,1,1,0,0,0,1,0,0,0,0,0,0,1,0,0,0,0,0,0,No,0,1,0,0,1,0,Arterial Other,Arterial Other,Undivided,Undiv,Metro,Dry,Clear,1,0,45.0,,2016
705,705,146.49484370847082,-36.05114466528964,T20160026749,2016-12-11,18,Yes,Collision with vehicle,Sunday,PULLING OUT (OVERTAKING),No,Day,Cross intersection,Fatal accident,100,No,Intersection,INDIGO,NORTH EASTERN REGION,3,1,1,0,0,2,3,0,0,1,1,0,0,1,0,0,0,0,0,0,No,0,2,0,1,1,0,Arterial Highway,"Arterial Highway,Local Road",Undivided,Undiv,Country,Dry,Clear,2,0,38.5,,2016
706,706,145.87838877612424,-36.19838079367375,T20160025959,2016-12-01,13,No,Vehicle overturned (no collision),Thursday,OFF CARRIAGEWAY ON LEFT BEND,No,Day,Not at intersection,Fatal accident,100,Yes,Non-Intersection,MOIRA,NORTH EASTERN REGION,2,2,1,0,1,0,1,1,0,1,1,0,0,0,0,0,0,0,0,0,No,0,1,0,1,0,0,Local Road,Local Road,Undivided,Undiv,Country,Dry,Clear,1,0,54.0,,2016