,Unnamed: 0,X,Y,ACCIDENT_NO,ACCIDENT_DATE,ACCIDENT_TIME,ALCOHOLTIME,ACCIDENT_TYPE,DAY_OF_WEEK,DCA_CODE,HIT_RUN_FLAG,LIGHT_CONDITION,ROAD_GEOMETRY,SEVERITY,SPEED_ZONE,RUN_OFFROAD,NODE_TYPE,LGA_NAME,REGION_NAME,TOTAL_PERSONS,INJ_OR_FATAL,FATALITY,SERIOUSINJURY,OTHERINJURY,NONINJURED,MALES,FEMALES,BICYCLIST,PASSENGER,DRIVER,PEDESTRIAN,PILLION,MOTORIST,UNKNOWN,PED_CYCLIST_5_12,PED_CYCLIST_13_18,OLD_PEDESTRIAN,OLD_DRIVER,YOUNG_DRIVER,ALCOHOL_RELATED,UNLICENCSED,NO_OF_VEHICLES,HEAVYVEHICLE,PASSENGERVEHICLE,MOTORCYCLE,PUBLICVEHICLE,RMA,RMA_ALL,DIVIDED,DIVIDED_ALL,STAT_DIV_NAME,Surface Cond Desc,Atmosph Cond Desc,no_male_driver,no_female_driver,avg_age_male,avg_age_female,year
707,707,145.17803275784726,-37.80428774385693,T20160025997,2016-12-02,6,No,Collision with vehicle,Friday,RIGHT THROUGH,No,Day,Multiple intersection,Fatal accident,80,No,Intersection,MANNINGHAM,METROPOLITAN SOUTH EAST REGION,2,1,1,0,0,1,2,0,0,0,1,0,0,1,0,0,0,0,0,0,No,0,2,0,1,1,0,Freeway,"Freeway,Arterial Highway",Divided,"Div,Undiv",Metro,Dry,Clear,2,0,52.5,,2016
708,708,145.28644988422388,-37.15762018059915,T20160026814,2016-12-12,15,No,Collision with a fixed object,Monday,LEFT OFF CARRIAGEWAY INTO OBJECT/PARKED VEHICLE,No,Day,Not at intersection,Fatal accident,100,Yes,Non-Intersection,MURRINDINDI,NORTH EASTERN REGION,1,1,1,0,0,0,1,0,0,0,1,0,0,0,0,0,0,0,0,0,No,0,1,0,1,0,0,Arterial Highway,Arterial Highway,Undivided,Undiv,Country,Dry,Clear,1,0,56.0,,2016
709,709,145.23301142024326,-37.87160007014655,T20160025660,2016-11-27,17,Yes,Collision with a fixed object,Sunday,OFF LEFT BEND INTO OBJECT/PARKED VEHICLE,Not known,Day,Not at intersection,Fatal accident,80,Yes,Non-Intersection,KNOX,METROPOLITAN SOUTH EAST REGION,2,2,1,1,0,0,1,1,0,1,1,0,0,0,0,0,0,0,0,0,No,0,1,0,1,0,0,Arterial Highway,Arterial Highway,Divided,Div,Metro,Dry,Clear,1,0,36.0,,2016
710,710,146.9669716883511,-37.87788188771869,T20160026064,2016-12-02,22,Yes,Collision with a fixed object,Friday,OFF LEFT BEND INTO OBJECT/PARKED VEHICLE,No,Dark No street lights,Not at intersection,Fatal accident,100,Yes,Non-Intersection,WELLINGTON,EASTERN REGION,1,1,1,0,0,0,1,0,0,0,1,0,0,0,0,0,0,0,0,0,No,1,1,0,1,0,0,Local Road,Local Road,Undivided,Undiv,Country,Dry,Clear,1,0,34.0,,2016
711,711,144.91488078829985,-37.83209088260704,T20160025697,2016-11-28,7,No,Collision with vehicle,Monday,LANE CHANGE LEFT (NOT OVERTAKING),No,Day,Not at intersection,Fatal accident,60,No,Non-Intersection,MELBOURNE,METROPOLITAN NORTH WEST REGION,2,1,1,0,0,1,2,0,0,0,1,0,0,1,0,0,0,0,0,0,No,0,2,1,0,1,0,Freeway,Freeway,Divided,Div,Metro,Dry,Clear,2,0,28.5,,2016
712,712,144.92331151517084,-37.72699964707058,T20160026083,2016-12-03,1,Yes,Collision with vehicle,Saturday,CUTTING IN (OVERTAKING),No,Dark Street lights on,Not at intersection,Fatal accident,60,No,Non-Intersection,MORELAND,METROPOLITAN NORTH WEST REGION,4,1,1,0,0,3,4,0,0,1,3,0,0,0,0,0,0,0,0,1,No,1,3,0,3,0,0,Arterial Other,Arterial Other,Undivided,Undiv,Metro,Dry,Clear,3,0,24.66666666666667,,2016
713,713,143.5826215276777,-36.963561431901134,T20160023125,2016-10-25,14,No,Collision with a fixed object,Tuesday,LEFT OFF CARRIAGEWAY INTO OBJECT/PARKED VEHICLE,No,Day,Not at intersection,Fatal accident,100,Yes,Non-Intersection,CENTRAL GOLDFIELDS,WESTERN REGION,1,1,1,0,0,0,0,1,0,0,1,0,0,0,0,0,0,0,0,0,No,0,1,0,1,0,0,Local Road,Local Road,Undivided,Undiv,Country,Dry,Clear,0,1,,48.0,2016
714,714,145.77836957437148,-38.08175983446998,T20160023133,2016-10-25,15,No,Collision with vehicle,Tuesday,RIGHT NEAR (INTERSECTIONS ONLY),No,Day,T intersection,Fatal accident,100,No,Intersection,BAW BAW,EASTERN REGION,2,2,1,0,1,0,1,1,0,0,2,0,0,0,0,0,0,0,0,0,No,0,2,1,1,0,0,Local Road,Local Road,Undivided,Undiv,Country,Dry,Clear,1,1,40.0,49.0,2016
715,715,144.03328947241815,-38.480430381682304,T20160022718,2016-10-20,12,No,Collision with vehicle,Thursday,HEAD ON (NOT OVERTAKING),No,Day,Not at intersection,Fatal accident,60,No,Non-Intersection,SURF COAST,SOUTH WESTERN REGION,2,1,1,0,0,1,2,0,0,0,1,0,0,1,0,0,0,0,0,0,No,0,2,1,0,1,0,Arterial Highway,Arterial Highway,Undivided,Undiv,Country,Dry,Clear,2,0,49.5,,2016
716,716,143.9645603740311,-37.407869168982494,T20160022733,2016-10-20,18,Yes,Collision with a fixed object,Thursday,RIGHT OFF CARRIAGEWAY INTO OBJECT/PARKED VEHICLE,No,Day,Not at intersection,Fatal accident,100,Yes,Non-Intersection,HEPBURN,WESTERN REGION,1,1,1,0,0,0,1,0,0,0,1,0,0,0,0,0,0,0,0,0,No,0,1,0,1,0,0,Arterial Highway,Arterial Highway,Undivided,Undiv,Country,Dry,Clear,1,0,30.0,,2016
717,717,143.9645603740311,-37.407869168982494,T20160022733,2016-10-20,18,Yes,Collision with a fixed object,Thursday,RIGHT OFF CARRIAGEWAY INTO OBJECT/PARKED VEHICLE,No,Day,Not at intersection,Fatal accident,100,Yes,Non-Intersection,HEPBURN,WESTERN REGION,1,1,1,0,0,0,1,0,0,0,1,0,0,0,0,0,0,0,0,0,No,0,1,0,1,0,0,Arterial Highway,Arterial Highway,Undivided,Undiv,Country,Dry,Strong winds,1,0,30.0,,2016
718,718,144.3748611957458,-38.07063090571217,T20160023630,2016-10-31,22,Yes,Struck Pedestrian,Monday,PED PLAYING/LYING/WORKING/STANDING ON CARRIAGEWAY.,Yes,Dark No street lights,Not at intersection,Fatal accident,80,No,Non-Intersection,GEELONG,SOUTH WESTERN REGION,3,1,1,0,0,2,2,1,0,1,1,1,0,0,0,0,0,0,0,1,No,0,1,0,1,0,0,Arterial Highway,Arterial Highway,Divided,Div,Country,Dry,Clear,1,0,23.0,,2016
719,719,144.7504324358886,-37.81425019191821,T20160022837,2016-10-21,16,Yes,Collision with vehicle,Friday,REAR END(VEHICLES IN SAME LANE),No,Day,Not at intersection,Fatal accident,80,No,Non-Intersection,WYNDHAM,METROPOLITAN NORTH WEST REGION,4,1,1,0,0,3,3,1,0,1,2,0,0,1,0,0,0,0,0,0,No,0,3,0,2,1,0,Arterial Other,Arterial Other,Undivided,Undiv,Metro,Wet,Raining,3,0,42.0,,2016
720,720,144.97528061040973,-37.75554014518501,T20160022921,2016-10-22,20,Yes,Struck Pedestrian,Saturday,PED EMERGES FROM IN FRONT OF PARKED OR STATIONARY VEHICLE,No,Dark Street lights on,Not at intersection,Fatal accident,60,No,Non-Intersection,MORELAND,METROPOLITAN NORTH WEST REGION,4,1,1,0,0,3,1,3,0,2,1,1,0,0,0,0,0,0,0,0,No,0,1,0,1,0,0,Arterial Other,Arterial Other,Undivided,Undiv,Metro,Wet,Raining,1,0,30.0,,2016
721,721,143.74314894468898,-37.52463157881074,T20160022963,2016-10-23,13,No,Collision with a fixed object,Sunday,RIGHT OFF CARRIAGEWAY INTO OBJECT/PARKED VEHICLE,No,Day,Not at intersection,Fatal accident,100,Yes,Non-Intersection,BALLARAT,WESTERN REGION,1,1,1,0,0,0,1,0,0,0,1,0,0,0,0,0,0,0,0,1,No,0,1,0,1,0,0,Arterial Other,Arterial Other,Undivided,Undiv,Country,Dry,Clear,1,0,18.0,,2016
722,722,145.0421573658433,-37.7452896952822,T20160021028,2016-09-27,7,No,Struck Pedestrian,Tuesday,VEH STRIKES PED ON FOOTPATH/MEDIAN/TRAFFIC ISLAND.,No,Day,Not at intersection,Fatal accident,60,No,Non-Intersection,BANYULE,METROPOLITAN NORTH WEST REGION,4,2,1,0,1,2,4,0,0,2,1,1,0,0,0,0,0,1,0,0,No,0,1,0,1,0,0,Local Road,Local Road,Undivided,Undiv,Metro,Dry,Clear,1,0,54.0,,2016
723,723,143.67912052017098,-36.79285994046081,T20160022314,2016-10-14,20,Yes,Collision with vehicle,Friday,HEAD ON (NOT OVERTAKING),No,Dark No street lights,Not at intersection,Fatal accident,100,No,Non-Intersection,CENTRAL GOLDFIELDS,WESTERN REGION,2,2,1,1,0,0,2,0,0,0,2,0,0,0,0,0,0,0,1,0,No,0,2,1,1,0,0,Arterial Other,Arterial Other,Undivided,Undiv,Country,Dry,Clear,2,0,66.0,,2016
724,724,146.78710980747445,-36.081511800699275,T20160021076,2016-09-28,2,Yes,Struck Pedestrian,Wednesday,VEH STRIKES PED ON FOOTPATH/MEDIAN/TRAFFIC ISLAND.,No,Dark No street lights,Not at intersection,Fatal accident,110,No,Non-Intersection,WODONGA,NORTH EASTERN REGION,9,2,1,0,1,7,9,0,0,3,2,4,0,0,0,0,0,0,0,0,No,0,2,1,1,0,0,Freeway,Freeway,Divided,Div,Country,Dry,Clear,2,0,26.5,,2016
725,725,146.78710980747445,-36.081511800699275,T20160021076,2016-09-28,2,Yes,Struck Pedestrian,Wednesday,VEH STRIKES PED ON FOOTPATH/MEDIAN/TRAFFIC ISLAND.,No,Dark No street lights,Not at intersection,Fatal accident,110,No,Non-Intersection,WODONGA,NORTH EASTERN REGION,9,2,1,0,1,7,9,0,0,3,2,4,0,0,0,0,0,0,0,0,No,0,2,1,1,0,0,Freeway,Freeway,Divided,Div,Country,Wet,Clear,2,0,26.5,,2016
726,726,146.78710980747445,-36.081511800699275,T20160021076,2016-09-28,2,Yes,Struck Pedestrian,Wednesday,VEH STRIKES PED ON FOOTPATH/MEDIAN/TRAFFIC ISLAND.,No,Dark No street lights,Not at intersection,Fatal accident,110,No,Non-Intersection,WODONGA,NORTH EASTERN REGION,9,2,1,0,1,7,9,0,0,3,2,4,0,0,0,0,0,0,0,0,No,0,2,1,1,0,0,Freeway,Freeway,Divided,Div,Country,Muddy,Clear,2,0,26.5,,2016
727,727,145.30036867721554,-36.32500132225001,T20160021936,2016-10-10,5,Yes,Struck animal,Monday,STRUCK ANIMAL,No,Dark No street lights,Not at intersection,Fatal accident,100,No,Non-Intersection,SHEPPARTON,NORTH EASTERN REGION,4,4,1,2,1,0,3,1,0,0,2,2,0,0,0,0,0,1,0,0,No,0,4,0,4,0,0,Arterial Other,Arterial Other,Undivided,Undiv,Country,Dry,Clear,2,0,41.0,,2016
728,728,145.09593053165753,-37.86614705038479,T20160022003,2016-10-11,9,No,Collision with vehicle,Tuesday,LANE CHANGE RIGHT (NOT OVERTAKING),No,Day,Not at intersection,Fatal accident,60,No,Non-Intersection,MONASH,METROPOLITAN SOUTH EAST REGION,3,2,1,1,0,1,2,1,0,0,3,0,0,0,0,0,0,0,0,0,No,0,3,1,2,0,0,Arterial Other,Arterial Other,Undivided,Undiv,Metro,Dry,Clear,2,1,57.0,46.0,2016
729,729,145.41580805297872,-36.36839402291217,T20160021609,2016-10-06,8,No,Collision with vehicle,Thursday,OTHER ADJACENT (INTERSECTIONS ONLY),No,Day,Cross intersection,Fatal accident,60,No,Intersection,SHEPPARTON,NORTH EASTERN REGION,3,2,1,1,0,1,2,1,0,1,2,0,0,0,0,0,0,0,1,0,No,0,2,1,1,0,0,Arterial Other,"Arterial Other,Local Road",Undivided,Undiv,Country,Dry,Clear,2,0,76.0,,2016
730,730,145.1029609180151,-38.028289655729694,T20160021616,2016-10-06,9,No,Collision with vehicle,Thursday,VEHICLE COLLIDES WITH VEHICLE PARKED ON LEFT OF ROAD,No,Day,Not at intersection,Fatal accident,60,No,Non-Intersection,KINGSTON,METROPOLITAN SOUTH EAST REGION,1,1,1,0,0,0,1,0,0,0,1,0,0,0,0,0,0,0,0,0,No,0,4,0,4,0,0,Local Road,Local Road,Undivided,Undiv,Metro,Dry,Clear,1,0,38.0,,2016
731,731,145.42565761158258,-36.309748571097934,T20160020773,2016-09-23,16,Yes,Collision with vehicle,Friday,HEAD ON (NOT OVERTAKING),No,Day,Not at intersection,Fatal accident,80,No,Non-Intersection,SHEPPARTON,NORTH EASTERN REGION,3,2,1,1,0,1,1,2,0,0,3,0,0,0,0,0,0,0,1,1,No,0,3,0,3,0,0,Arterial Highway,Arterial Highway,Undivided,Undiv,Country,Dry,Clear,1,2,85.0,27.5,2016
732,732,145.02474076101396,-38.30386325579768,T20160024610,2016-11-15,7,No,Collision with vehicle,Tuesday,HEAD ON (NOT OVERTAKING),No,Day,Not at intersection,Fatal accident,100,No,Non-Intersection,MORNINGTON PENINSULA,METROPOLITAN SOUTH EAST REGION,2,2,1,1,0,0,2,0,0,0,2,0,0,0,0,0,0,0,0,0,No,0,2,0,2,0,0,Local Road,Local Road,Undivided,Undiv,Metro,Dry,Clear,2,0,36.5,,2016
733,733,145.24603904819838,-37.91689988451639,T20160025394,2016-10-13,17,No,No collision and no object struck,Thursday,OUT OF CONTROL ON CARRIAGEWAY (ON STRAIGHT),No,Day,Not at intersection,Fatal accident,50,No,Non-Intersection,KNOX,METROPOLITAN SOUTH EAST REGION,1,1,1,0,0,0,1,0,1,0,0,0,0,0,0,0,0,0,0,0,No,0,1,0,0,0,0,Local Road,Local Road,Undivided,Undiv,Metro,Dry,Clear,1,0,58.0,,2016
734,734,144.29310577345476,-37.27956610927972,T20160024221,2016-11-09,21,Yes,Collision with a fixed object,Wednesday,RIGHT OFF CARRIAGEWAY INTO OBJECT/PARKED VEHICLE,No,Dark No street lights,Not at intersection,Fatal accident,100,Yes,Non-Intersection,HEPBURN,WESTERN REGION,2,2,2,0,0,0,1,1,0,1,1,0,0,0,0,0,0,0,0,0,No,0,1,0,1,0,0,Arterial Other,Arterial Other,Undivided,Undiv,Country,Dry,Clear,1,0,65.0,,2016
735,735,144.29310577345476,-37.27956610927972,T20160024221,2016-11-09,21,Yes,Collision with a fixed object,Wednesday,RIGHT OFF CARRIAGEWAY INTO OBJECT/PARKED VEHICLE,No,Dark No street lights,Not at intersection,Fatal accident,100,Yes,Non-Intersection,HEPBURN,WESTERN REGION,2,2,2,0,0,0,1,1,0,1,1,0,0,0,0,0,0,0,0,0,No,0,1,0,1,0,0,Arterial Other,Arterial Other,Undivided,Undiv,Country,Dry,Clear,1,0,65.0,,2016
736,736,146.32092981616202,-36.357932586383775,T20170000923,2017-01-16,7,No,Struck Pedestrian,Monday,PED NEAR SIDE. PED HIT BY VEHICLE FROM THE RIGHT.,No,Day,Cross intersection,Fatal accident,60,No,Intersection,WANGARATTA,NORTH EASTERN REGION,2,1,1,0,0,1,1,1,0,0,1,1,0,0,0,0,0,0,0,0,No,0,1,0,0,0,0,Arterial Other,"Arterial Other,Local Road",Divided,"Div,Undiv",Country,Dry,Clear,1,0,26.0,,2017
737,737,145.87986856494493,-38.53019846376206,T20170001348,2017-01-22,16,Yes,Collision with vehicle,Sunday,REAR END(VEHICLES IN SAME LANE),No,Day,Not at intersection,Fatal accident,100,No,Non-Intersection,SOUTH GIPPSLAND,EASTERN REGION,21,5,1,1,3,16,12,8,0,16,5,0,0,0,0,0,0,0,0,2,No,0,5,0,5,0,0,Arterial Highway,Arterial Highway,Undivided,Undiv,Country,Dry,Clear,3,2,38.333333333333336,22.0,2017
738,738,144.56795000054433,-36.198961716815575,T20170002128,2017-02-03,7,No,Collision with a fixed object,Friday,RIGHT OFF CARRIAGEWAY INTO OBJECT/PARKED VEHICLE,No,Dusk/Dawn,Not at intersection,Fatal accident,100,Yes,Non-Intersection,CAMPASPE,NORTHERN REGION,1,1,1,0,0,0,1,0,0,0,1,0,0,0,0,0,0,0,0,1,No,0,1,0,1,0,0,Arterial Other,Arterial Other,Undivided,Undiv,Country,Dry,Clear,1,0,18.0,,2017
739,739,143.3630399974866,-35.18536880404324,T20170001781,2017-01-29,4,Yes,Struck Pedestrian,Sunday,ANY MANOEUVRE INVOLVING PED NOT INCLUDED IN DCAs 100-108.,Not known,Dark No street lights,Not at intersection,Fatal accident,100,No,Non-Intersection,SWAN HILL,NORTHERN REGION,2,1,1,0,0,1,1,0,0,0,0,1,0,0,1,0,0,0,0,0,No,0,1,0,0,0,0,Local Road,Local Road,Undivided,Undiv,Country,Dry,Not known,0,0,,,2017
740,740,146.28457293410833,-38.19227917493411,T20170001017,2017-01-17,16,No,Collision with vehicle,Tuesday,RIGHT TURN SIDESWIPE,No,Day,Not at intersection,Fatal accident,110,No,Non-Intersection,LATROBE,EASTERN REGION,2,1,1,0,0,1,1,1,0,0,2,0,0,0,0,0,0,0,1,0,No,0,2,1,1,0,0,Freeway,Freeway,Divided,Div,Country,Dry,Clear,1,1,42.0,79.0,2017
741,741,144.66763185122747,-37.87594548829252,T20170001490,2017-01-24,16,No,Collision with vehicle,Tuesday,RIGHT THROUGH,No,Day,T intersection,Fatal accident,60,No,Intersection,WYNDHAM,METROPOLITAN NORTH WEST REGION,2,1,1,0,0,1,1,1,0,0,1,0,0,1,0,0,0,0,0,0,No,0,2,0,1,1,0,Arterial Other,"Arterial Other,Local Road",Divided,"Div,Undiv",Metro,Dry,Clear,1,1,41.0,61.0,2017
742,742,144.7589469687611,-36.71126052469079,T20170000778,2017-01-13,16,Yes,Collision with a fixed object,Friday,LEFT OFF CARRIAGEWAY INTO OBJECT/PARKED VEHICLE,No,Day,Not at intersection,Fatal accident,100,Yes,Non-Intersection,CAMPASPE,NORTHERN REGION,4,4,1,3,0,0,0,4,0,3,1,0,0,0,0,0,0,0,0,0,No,0,1,0,1,0,0,Arterial Other,Arterial Other,Undivided,Undiv,Country,Wet,Raining,0,1,,61.0,2017
743,743,145.38891915368532,-37.89126085109977,T20170000786,2017-01-14,0,Yes,Collision with a fixed object,Saturday,LEFT OFF CARRIAGEWAY INTO OBJECT/PARKED VEHICLE,No,Dark No street lights,Not at intersection,Fatal accident,60,Yes,Non-Intersection,YARRA RANGES,METROPOLITAN SOUTH EAST REGION,2,2,1,1,0,0,2,0,0,1,1,0,0,0,0,0,0,0,0,1,Yes,0,1,0,1,0,0,Local Road,Local Road,Undivided,Undiv,Metro,Dry,Clear,1,0,21.0,,2017
744,744,145.22263033750087,-36.41410778939572,T20170001579,2017-01-25,18,Yes,Collision with vehicle,Wednesday,CROSS TRAFFIC(INTERSECTIONS ONLY),No,Day,Cross intersection,Fatal accident,100,No,Intersection,SHEPPARTON,NORTH EASTERN REGION,4,3,1,1,1,1,2,2,0,2,2,0,0,0,0,0,0,0,0,1,No,0,2,0,2,0,0,Arterial Highway,"Arterial Highway,Arterial Other",Divided,"Div,Undiv",Country,Dry,Clear,2,0,28.5,,2017
745,745,143.6668621829063,-37.65381397174213,T20170001662,2017-01-27,3,Yes,Collision with a fixed object,Friday,OFF LEFT BEND INTO OBJECT/PARKED VEHICLE,No,Dark No street lights,T intersection,Fatal accident,100,Yes,Intersection,GOLDEN PLAINS,SOUTH WESTERN REGION,3,2,1,0,1,1,3,0,0,2,1,0,0,0,0,0,0,0,0,1,No,0,1,0,1,0,0,Arterial Highway,"Arterial Highway,Local Road",Undivided,Undiv,Country,Dry,Clear,1,0,18.0,,2017
746,746,142.05721866761587,-38.15410023454636,T20170002071,2017-02-02,11,No,Collision with a fixed object,Thursday,RIGHT OFF CARRIAGEWAY INTO OBJECT/PARKED VEHICLE,No,Day,T intersection,Fatal accident,100,Yes,Non-Intersection,MOYNE,SOUTH WESTERN REGION,1,1,1,0,0,0,1,0,0,0,1,0,0,0,0,0,0,0,1,0,No,0,1,0,1,0,0,Arterial Other,Arterial Other,Undivided,Undiv,Country,Dry,Clear,1,0,76.0,,2017
747,747,144.38042265218354,-36.48718042749022,T20170000904,2017-01-15,16,Yes,Collision with vehicle,Sunday,CROSS TRAFFIC(INTERSECTIONS ONLY),No,Day,Cross intersection,Fatal accident,100,No,Intersection,BENDIGO,NORTHERN REGION,3,3,1,1,1,0,0,3,0,1,2,0,0,0,0,0,0,0,0,0,No,0,2,0,2,0,0,Arterial Other,Arterial Other,Undivided,Undiv,Country,Dry,Clear,0,2,,34.5,2017
748,748,144.35198008503028,-37.95623001006392,T20170000552,2017-01-11,3,Yes,Collision with a fixed object,Wednesday,RIGHT OFF CARRIAGEWAY INTO OBJECT/PARKED VEHICLE,No,Dark No street lights,Not at intersection,Fatal accident,100,Yes,Non-Intersection,GEELONG,SOUTH WESTERN REGION,1,1,1,0,0,0,1,0,0,0,1,0,0,0,0,0,0,0,0,0,No,0,1,0,1,0,0,Arterial Other,Arterial Other,Undivided,Undiv,Country,Dry,Clear,1,0,26.0,,2017
749,749,144.65824048346053,-38.11566758755665,T20160027925,2016-12-27,19,Yes,Collision with vehicle,Tuesday,HEAD ON (NOT OVERTAKING),No,Day,Not at intersection,Fatal accident,50,No,Non-Intersection,GEELONG,SOUTH WESTERN REGION,2,1,1,0,0,1,2,0,0,0,1,0,0,1,0,0,0,0,0,0,No,1,2,0,1,1,0,Local Road,Local Road,Undivided,Undiv,Country,Wet,Raining,2,0,55.5,,2016
750,750,143.22474923671072,-36.17942999898385,T20160027930,2016-12-27,22,Yes,Collision with a fixed object,Tuesday,OFF LEFT BEND INTO OBJECT/PARKED VEHICLE,No,Dark No street lights,Unknown,Fatal accident,100,Yes,Non-Intersection,BULOKE,NORTHERN REGION,1,1,1,0,0,0,1,0,0,0,1,0,0,0,0,0,0,0,0,0,No,1,1,0,1,0,0,Arterial Other,Arterial Other,Undivided,Undiv,Country,Dry,Clear,1,0,36.0,,2016
751,751,143.2473109324843,-34.78103889437345,T20170000610,2017-01-11,14,No,Collision with vehicle,Wednesday,OTHER ADJACENT (INTERSECTIONS ONLY),No,Day,T intersection,Fatal accident,100,No,Intersection,SWAN HILL,NORTHERN REGION,2,1,1,0,0,1,1,1,0,0,2,0,0,0,0,0,0,0,0,0,No,0,2,1,0,0,0,Arterial Highway,"Arterial Highway,Local Road",Undivided,Undiv,Country,Dry,Clear,1,1,51.0,61.0,2017
752,752,145.21770610513641,-37.84636130730944,T20170000641,2017-01-12,8,No,Collision with vehicle,Thursday,REAR END(VEHICLES IN SAME LANE),No,Day,Multiple intersection,Fatal accident,Not known,No,Intersection,KNOX,METROPOLITAN SOUTH EAST REGION,2,1,1,0,0,1,1,1,0,0,1,0,0,1,0,0,0,0,0,0,No,0,2,1,0,1,0,Freeway,"Freeway,Arterial Other",Divided,"Div,Undiv",Metro,Dry,Clear,1,1,26.0,45.0,2017
753,753,143.2942596346283,-34.99397987054905,T20160027995,2016-12-28,16,No,Collision with a fixed object,Wednesday,RIGHT OFF CARRIAGEWAY INTO OBJECT/PARKED VEHICLE,No,Day,Not at intersection,Fatal accident,100,Yes,Non-Intersection,SWAN HILL,NORTHERN REGION,1,1,1,0,0,0,1,0,0,0,1,0,0,0,0,0,0,0,0,0,No,0,1,0,1,0,0,Arterial Highway,Arterial Highway,Undivided,Undiv,Country,Dry,Clear,1,0,48.0,,2016
754,754,146.46988470282724,-38.27127280673365,T20170000258,2017-01-05,17,No,Collision with vehicle,Thursday,CROSS TRAFFIC(INTERSECTIONS ONLY),No,Day,Cross intersection,Fatal accident,100,No,Intersection,LATROBE,EASTERN REGION,2,1,1,0,0,1,1,1,0,0,2,0,0,0,0,0,0,0,0,0,No,0,2,0,2,0,0,Arterial Other,"Arterial Other,Local Road",Undivided,Undiv,Country,Dry,Clear,1,1,44.0,53.0,2017
755,755,144.63707044101997,-36.545779899726156,T20160027156,2016-12-16,15,No,Collision with a fixed object,Friday,OFF LEFT BEND INTO OBJECT/PARKED VEHICLE,No,Day,Not at intersection,Fatal accident,100,Yes,Non-Intersection,CAMPASPE,NORTHERN REGION,9,9,1,8,0,0,3,6,0,7,2,0,0,0,0,0,0,0,0,0,No,0,2,0,2,0,0,Arterial Highway,Arterial Highway,Undivided,Undiv,Country,Dry,Clear,1,1,60.0,31.0,2016
756,756,144.97847046228785,-38.34397815567999,T20160027168,2016-12-16,23,Yes,Collision with a fixed object,Friday,RIGHT OFF CARRIAGEWAY INTO OBJECT/PARKED VEHICLE,No,Dark Street lights on,Not at intersection,Fatal accident,60,Yes,Non-Intersection,MORNINGTON PENINSULA,METROPOLITAN SOUTH EAST REGION,1,1,1,0,0,0,1,0,0,0,1,0,0,0,0,0,0,0,0,1,No,0,1,0,1,0,0,Local Road,Local Road,Undivided,Undiv,Metro,Dry,Clear,1,0,19.0,,2016
757,757,143.63791869303444,-37.679077423779844,T20170000317,2017-01-06,17,Yes,Collision with vehicle,Friday,HEAD ON (NOT OVERTAKING),No,Day,T intersection,Fatal accident,100,No,Intersection,GOLDEN PLAINS,SOUTH WESTERN REGION,5,5,1,4,0,0,3,2,0,3,2,0,0,0,0,0,0,0,0,1,No,1,2,0,2,0,0,Arterial Highway,"Arterial Highway,Local Road",Undivided,Undiv,Country,Dry,Clear,2,0,29.5,,2017
758,758,145.25759576612768,-38.49668708143294,T20160027228,2016-12-17,19,Yes,Collision with vehicle,Saturday,CROSS TRAFFIC(INTERSECTIONS ONLY),No,Day,Cross intersection,Fatal accident,60,No,Intersection,BASS COAST,EASTERN REGION,9,5,1,3,1,4,6,2,0,7,2,0,0,0,0,0,0,0,0,1,Yes,0,2,0,2,0,0,Arterial Other,"Arterial Other,Local Road",Undivided,Undiv,Country,Dry,Clear,2,0,33.0,,2016
759,759,145.03171570871885,-37.45450086034948,T20160027235,2016-12-18,1,Yes,Struck animal,Sunday,STRUCK ANIMAL,No,Dark No street lights,Not at intersection,Fatal accident,100,No,Non-Intersection,WHITTLESEA,METROPOLITAN NORTH WEST REGION,1,1,1,0,0,0,1,0,0,0,0,0,0,1,0,0,0,0,0,0,No,0,1,0,0,1,0,Arterial Other,Arterial Other,Undivided,Undiv,Metro,Dry,Clear,1,0,61.0,,2016
760,760,146.14242334558384,-37.345148622331095,T20160028128,2016-12-30,16,Yes,Collision with vehicle,Friday,HEAD ON (NOT OVERTAKING),No,Day,Not at intersection,Fatal accident,100,No,Non-Intersection,MANSFIELD,NORTH EASTERN REGION,5,3,2,1,0,2,4,1,0,1,1,0,1,2,0,0,0,0,0,0,No,0,3,0,1,2,0,Arterial Other,Arterial Other,Undivided,Undiv,Country,Dry,Clear,3,0,39.333333333333336,,2016