,Unnamed: 0,X,Y,ACCIDENT_NO,ACCIDENT_DATE,ACCIDENT_TIME,ALCOHOLTIME,ACCIDENT_TYPE,DAY_OF_WEEK,DCA_CODE,HIT_RUN_FLAG,LIGHT_CONDITION,ROAD_GEOMETRY,SEVERITY,SPEED_ZONE,RUN_OFFROAD,NODE_TYPE,LGA_NAME,REGION_NAME,TOTAL_PERSONS,INJ_OR_FATAL,FATALITY,SERIOUSINJURY,OTHERINJURY,NONINJURED,MALES,FEMALES,BICYCLIST,PASSENGER,DRIVER,PEDESTRIAN,PILLION,MOTORIST,UNKNOWN,PED_CYCLIST_5_12,PED_CYCLIST_13_18,OLD_PEDESTRIAN,OLD_DRIVER,YOUNG_DRIVER,ALCOHOL_RELATED,UNLICENCSED,NO_OF_VEHICLES,HEAVYVEHICLE,PASSENGERVEHICLE,MOTORCYCLE,PUBLICVEHICLE,RMA,RMA_ALL,DIVIDED,DIVIDED_ALL,STAT_DIV_NAME,Surface Cond Desc,Atmosph Cond Desc,no_male_driver,no_female_driver,avg_age_male,avg_age_female,year
761,761,146.14242334558384,-37.345148622331095,T20160028128,2016-12-30,16,Yes,Collision with vehicle,Friday,HEAD ON (NOT OVERTAKING),No,Day,Not at intersection,Fatal accident,100,No,Non-Intersection,MANSFIELD,NORTH EASTERN REGION,5,3,2,1,0,2,4,1,0,1,1,0,1,2,0,0,0,0,0,0,No,0,3,0,1,2,0,Arterial Other,Arterial Other,Undivided,Undiv,Country,Dry,Clear,3,0,39.333333333333336,,2016
762,762,143.78287755546003,-37.30006895901442,T20160027767,2016-12-25,5,Yes,Collision with a fixed object,Sunday,OFF RIGHT BEND INTO OBJECT/PARKED VEHICLE,No,Dusk/Dawn,Not at intersection,Fatal accident,60,Yes,Non-Intersection,HEPBURN,WESTERN REGION,1,1,1,0,0,0,1,0,0,0,1,0,0,0,0,0,0,0,0,0,No,0,2,0,2,0,0,Arterial Other,Arterial Other,Undivided,Undiv,Country,Dry,Clear,1,0,37.0,,2016
763,763,144.99539255012286,-37.91058226258815,T20170000474,2017-01-09,15,No,Fall from or in moving vehicle,Monday,FELL IN/FROM VEHICLE,No,Day,Not at intersection,Fatal accident,50,No,Non-Intersection,BAYSIDE,METROPOLITAN SOUTH EAST REGION,2,1,1,0,0,1,0,2,0,1,1,0,0,0,0,0,0,0,1,0,No,0,1,0,1,0,0,Local Road,Local Road,Undivided,Undiv,Metro,Dry,Clear,0,1,,75.0,2017
764,764,144.3799581211611,-38.05067187650444,T20160027834,2016-12-26,16,No,Collision with vehicle,Monday,CROSS TRAFFIC(INTERSECTIONS ONLY),No,Day,Cross intersection,Fatal accident,80,No,Intersection,GEELONG,SOUTH WESTERN REGION,3,2,1,1,0,1,2,1,0,1,2,0,0,0,0,0,0,0,0,0,No,0,2,1,1,0,0,Local Road,Local Road,Undivided,Undiv,Country,Dry,Clear,2,0,47.0,,2016
765,765,145.24575131727187,-38.21575086251286,T20160027866,2016-12-27,5,Yes,Collision with a fixed object,Tuesday,RIGHT OFF CARRIAGEWAY INTO OBJECT/PARKED VEHICLE,No,Day,Not at intersection,Fatal accident,100,Yes,Non-Intersection,CASEY,METROPOLITAN SOUTH EAST REGION,3,3,1,2,0,0,3,0,0,2,1,0,0,0,0,0,0,0,0,0,No,0,1,0,1,0,0,Local Road,Local Road,Undivided,Undiv,Metro,Dry,Clear,1,0,27.0,,2016
766,766,144.8997710270608,-37.81466528557823,T20170004917,2017-03-10,17,Yes,Collision with vehicle,Friday,LEFT TURN SIDESWIPE,Yes,Day,Cross intersection,Fatal accident,60,No,Intersection,MARIBYRNONG,METROPOLITAN NORTH WEST REGION,2,1,1,0,0,1,1,1,1,0,1,0,0,0,0,0,0,0,0,0,No,0,2,1,0,0,0,Arterial Highway,"Arterial Highway,Local Road",Divided,"Div,Undiv",Metro,Dry,Clear,1,1,32.0,35.0,2017
767,767,146.32971037563638,-39.02398942304883,T20170004972,2017-03-11,11,No,Vehicle overturned (no collision),Saturday,OFF CARRIAGEWAY ON RIGHT BEND,No,Day,Not at intersection,Fatal accident,80,Yes,Non-Intersection,SOUTH GIPPSLAND,EASTERN REGION,2,2,1,1,0,0,1,1,0,1,1,0,0,0,0,0,0,0,0,0,No,0,1,0,1,0,0,Arterial Other,Arterial Other,Undivided,Undiv,Country,Dry,Clear,0,1,,64.0,2017
768,768,144.74355057892944,-37.87184142526956,T20170005341,2017-03-16,14,No,Collision with vehicle,Thursday,REAR END(VEHICLES IN SAME LANE),No,Day,Not at intersection,Fatal accident,80,No,Non-Intersection,WYNDHAM,METROPOLITAN NORTH WEST REGION,14,2,1,1,0,12,11,2,0,6,7,0,0,0,1,0,0,0,0,1,No,0,7,1,6,0,0,Freeway,Freeway,Divided,Div,Metro,Dry,Clear,7,0,37.0,,2017
769,769,145.34552719846678,-38.04307059435061,T20170007986,2017-04-21,12,No,Collision with vehicle,Friday,OFF LEFT BEND INTO OBJECT/PARKED VEHICLE,No,Day,Not at intersection,Fatal accident,60,Yes,Non-Intersection,CASEY,METROPOLITAN SOUTH EAST REGION,3,3,1,1,1,0,2,1,0,0,1,2,0,0,0,0,0,0,0,0,No,0,10,0,10,0,0,Local Road,Local Road,Divided,Div,Metro,Dry,Clear,1,0,56.0,,2017
770,770,144.49870903517123,-36.61717800732049,T20170007992,2017-04-21,13,No,Collision with vehicle,Friday,HEAD ON (NOT OVERTAKING),No,Day,Not at intersection,Fatal accident,100,No,Non-Intersection,BENDIGO,NORTHERN REGION,3,2,1,1,0,1,3,0,0,0,3,0,0,0,0,0,0,0,0,0,No,0,3,1,2,0,0,Arterial Highway,Arterial Highway,Undivided,Undiv,Country,Wet,Raining,3,0,60.0,,2017
771,771,145.62021517631237,-38.06851010734889,T20170007593,2017-04-15,16,Yes,Collision with vehicle,Saturday,CROSS TRAFFIC(INTERSECTIONS ONLY),No,Day,Cross intersection,Fatal accident,100,No,Intersection,CARDINIA,METROPOLITAN SOUTH EAST REGION,5,5,1,4,0,0,2,2,0,3,2,0,0,0,0,0,0,0,1,0,No,0,2,0,2,0,0,Freeway,"Freeway,Local Road",Divided,"Div,Undiv",Metro,Dry,Clear,2,0,69.5,,2017
772,772,144.15516996825883,-37.95386938409931,T20170006886,2017-04-06,2,Yes,Collision with a fixed object,Thursday,OFF LEFT BEND INTO OBJECT/PARKED VEHICLE,No,Dark No street lights,Not at intersection,Fatal accident,80,Yes,Non-Intersection,GOLDEN PLAINS,SOUTH WESTERN REGION,2,2,1,1,0,0,1,1,0,1,1,0,0,0,0,0,0,0,0,0,No,0,1,1,0,0,0,Local Road,Local Road,Undivided,Undiv,Country,Dry,Clear,1,0,40.0,,2017
773,773,144.60452431527182,-37.69090110207692,T20170005663,2017-03-21,2,Yes,Collision with a fixed object,Tuesday,OTHER ACCIDENTS-OFF STRAIGHT NOT INCLUDED IN DCAs 170-175,No,Dark Street lights on,Cross intersection,Fatal accident,70,No,Intersection,MELTON,METROPOLITAN NORTH WEST REGION,1,1,1,0,0,0,1,0,0,0,0,0,0,1,0,0,0,0,0,0,No,0,1,0,0,1,0,Arterial Other,Arterial Other,Divided,Div,Metro,Wet,Raining,1,0,34.0,,2017
774,774,146.2893380828164,-36.771648031671475,T20170005704,2017-03-21,11,No,Fall from or in moving vehicle,Tuesday,FELL IN/FROM VEHICLE,No,Day,Not at intersection,Fatal accident,100,No,Non-Intersection,WANGARATTA,NORTH EASTERN REGION,4,1,1,0,0,3,4,0,0,0,1,0,0,0,3,0,0,0,0,0,No,0,1,0,0,0,0,Local Road,Local Road,Undivided,Undiv,Country,Muddy,Raining,1,0,32.0,,2017
775,775,144.8149869644994,-37.70438258386251,T20170005368,2017-03-17,6,No,Collision with vehicle,Friday,REAR END(VEHICLES IN SAME LANE),No,Dusk/Dawn,Not at intersection,Fatal accident,100,No,Non-Intersection,BRIMBANK,METROPOLITAN NORTH WEST REGION,7,6,1,0,5,1,4,3,0,2,5,0,0,0,0,0,0,0,0,1,No,0,5,1,4,0,0,Freeway,Freeway,Divided,Div,Metro,Dry,Clear,4,1,33.25,45.0,2017
776,776,144.58445018925744,-36.560000084494995,T20170006648,2017-02-27,7,No,Collision with a fixed object,Monday,LEFT OFF CARRIAGEWAY INTO OBJECT/PARKED VEHICLE,No,Day,Not at intersection,Fatal accident,100,Yes,Non-Intersection,BENDIGO,NORTHERN REGION,1,1,1,0,0,0,1,0,0,0,1,0,0,0,0,0,0,0,0,0,No,0,1,0,1,0,0,Local Road,Local Road,Undivided,Undiv,Country,Dry,Clear,1,0,40.0,,2017
777,777,141.63852751070445,-37.23846017974077,T20170006293,2017-03-28,14,No,Collision with a fixed object,Tuesday,OFF RIGHT BEND INTO OBJECT/PARKED VEHICLE,No,Day,Not at intersection,Fatal accident,100,Yes,Non-Intersection,SOUTHERN GRAMPIANS,SOUTH WESTERN REGION,1,1,1,0,0,0,1,0,0,0,0,0,0,1,0,0,0,0,0,0,No,0,1,0,0,1,0,Arterial Other,Arterial Other,Undivided,Undiv,Country,Dry,Clear,1,0,54.0,,2017
778,778,144.95266102169248,-37.50237047525274,T20170006731,2017-04-03,23,Yes,Collision with a fixed object,Monday,OFF LEFT BEND INTO OBJECT/PARKED VEHICLE,No,Dark No street lights,Not at intersection,Fatal accident,110,Yes,Non-Intersection,MITCHELL,NORTHERN REGION,1,1,1,0,0,0,1,0,0,0,1,0,0,0,0,0,0,0,0,0,No,0,1,0,1,0,0,Arterial Highway,Arterial Highway,Divided,Div,Country,Dry,Clear,1,0,73.0,,2017
779,779,144.45714043458926,-38.28457757420815,T20170006757,2017-04-04,8,No,No collision and no object struck,Tuesday,OUT OF CONTROL ON CARRIAGEWAY (ON STRAIGHT),No,Day,Not at intersection,Fatal accident,80,No,Non-Intersection,GEELONG,SOUTH WESTERN REGION,1,1,1,0,0,0,1,0,1,0,0,0,0,0,0,0,0,0,0,0,No,0,1,0,0,0,0,Local Road,Local Road,Undivided,Undiv,Country,Dry,Clear,1,0,64.0,,2017
780,780,144.53982419852372,-38.23638051742136,T20170005514,2017-03-19,0,Yes,Collision with vehicle,Sunday,HEAD ON (NOT OVERTAKING),No,Dark Street lights on,T intersection,Fatal accident,80,No,Non-Intersection,GEELONG,SOUTH WESTERN REGION,2,2,1,1,0,0,1,1,0,0,2,0,0,0,0,0,0,0,0,1,Yes,0,2,0,2,0,0,Arterial Other,Arterial Other,Undivided,Undiv,Country,Dry,Clear,1,1,18.0,35.0,2017
781,781,145.3224508614058,-38.02458947869175,T20170005902,2017-03-24,3,Yes,Collision with a fixed object,Friday,OFF LEFT BEND INTO OBJECT/PARKED VEHICLE,No,Dark Street lights on,Not at intersection,Fatal accident,60,Yes,Non-Intersection,CASEY,METROPOLITAN SOUTH EAST REGION,1,1,1,0,0,0,1,0,0,0,1,0,0,0,0,0,0,0,0,0,No,1,1,0,1,0,0,Local Road,Local Road,Divided,Div,Metro,Dry,Clear,1,0,27.0,,2017
782,782,141.27074086823615,-37.44145906736759,T20170005942,2017-03-24,0,Yes,Collision with a fixed object,Friday,OFF RIGHT BEND INTO OBJECT/PARKED VEHICLE,No,Dark No street lights,Not at intersection,Fatal accident,100,Yes,Non-Intersection,GLENELG,SOUTH WESTERN REGION,1,1,1,0,0,0,1,0,0,0,1,0,0,0,0,0,0,0,0,0,No,0,1,0,1,0,0,Arterial Other,Arterial Other,Undivided,Undiv,Country,Unknown,Clear,1,0,39.0,,2017
783,783,143.3801958979747,-37.448806916049364,T20170005946,2017-03-24,8,No,Collision with vehicle,Friday,U TURN,No,Day,T intersection,Fatal accident,100,No,Intersection,PYRENEES,WESTERN REGION,3,2,1,1,0,1,3,0,0,1,2,0,0,0,0,0,0,0,0,0,No,0,2,1,1,0,0,Arterial Other,"Arterial Other,Local Road",Undivided,Undiv,Country,Dry,Clear,2,0,29.0,,2017
784,784,146.00077069274022,-36.467309718089616,T20170005979,2017-03-24,16,Yes,Collision with vehicle,Friday,PULLING OUT -REAR END,No,Day,Not at intersection,Fatal accident,100,No,Non-Intersection,BENALLA,NORTH EASTERN REGION,2,1,1,0,0,1,2,0,1,0,1,0,0,0,0,0,0,0,0,0,No,0,2,0,1,0,0,Arterial Other,Arterial Other,Undivided,Undiv,Country,Dry,Clear,2,0,49.0,,2017
785,785,144.476921048004,-37.68779124267496,T20170006000,2017-03-25,2,Yes,Collision with a fixed object,Saturday,OFF LEFT BEND INTO OBJECT/PARKED VEHICLE,No,Dark No street lights,Not at intersection,Fatal accident,60,Yes,Non-Intersection,MOORABOOL,WESTERN REGION,2,2,1,1,0,0,2,0,0,1,1,0,0,0,0,0,0,0,0,1,Yes,0,1,0,1,0,0,Arterial Other,Arterial Other,Undivided,Undiv,Country,Dry,Clear,1,0,25.0,,2017
786,786,145.33347826028157,-38.52099460789983,T20170006007,2017-03-25,4,Yes,Collision with a fixed object,Saturday,OFF RIGHT BEND INTO OBJECT/PARKED VEHICLE,No,Dark Street lights on,Not at intersection,Fatal accident,80,Yes,Non-Intersection,BASS COAST,EASTERN REGION,1,1,1,0,0,0,1,0,0,0,1,0,0,0,0,0,0,0,0,1,No,0,1,0,1,0,0,Arterial Highway,Arterial Highway,Undivided,Undiv,Country,Dry,Clear,1,0,24.0,,2017
787,787,142.74312013023268,-36.07112925631996,T20170006433,2017-03-30,11,No,Collision with a fixed object,Thursday,RIGHT OFF CARRIAGEWAY INTO OBJECT/PARKED VEHICLE,No,Day,Not at intersection,Fatal accident,100,Yes,Non-Intersection,BULOKE,NORTHERN REGION,2,1,1,0,0,1,2,0,0,1,1,0,0,0,0,0,0,0,1,0,No,0,1,0,1,0,0,Local Road,Local Road,Undivided,Undiv,Country,Dry,Clear,1,0,85.0,,2017
788,788,141.72540189820438,-37.60299703583685,T20170006452,2017-03-30,6,No,Collision with vehicle,Thursday,HEAD ON (NOT OVERTAKING),No,Dark No street lights,Not at intersection,Fatal accident,100,No,Non-Intersection,SOUTHERN GRAMPIANS,SOUTH WESTERN REGION,2,1,1,0,0,1,2,0,0,0,2,0,0,0,0,0,0,0,0,0,No,0,2,1,1,0,0,Arterial Highway,Arterial Highway,Undivided,Undiv,Country,Dry,Clear,2,0,42.0,,2017
789,789,142.08310023803148,-36.660667762137926,T20170005032,2017-03-12,1,Yes,Vehicle overturned (no collision),Sunday,OFF CARRIAGEWAY TO LEFT,No,Dark No street lights,Not at intersection,Fatal accident,100,Yes,Non-Intersection,HORSHAM,WESTERN REGION,1,1,1,0,0,0,1,0,0,0,1,0,0,0,0,0,0,0,0,1,No,0,1,0,1,0,0,Local Road,Local Road,Undivided,Undiv,Country,Dry,Clear,1,0,19.0,,2017
790,790,144.4552754163971,-37.58203034549588,T20170003905,2017-02-26,14,No,Collision with vehicle,Sunday,HEAD ON (NOT OVERTAKING),No,Day,Not at intersection,Fatal accident,100,No,Non-Intersection,MOORABOOL,WESTERN REGION,5,5,1,3,1,0,3,2,0,3,2,0,0,0,0,0,0,0,0,1,No,0,2,0,2,0,0,Arterial Other,Arterial Other,Undivided,Undiv,Country,Dry,Clear,0,2,,29.0,2017
791,791,143.5165275375897,-37.23182935651876,T20170004679,2017-03-07,16,No,Collision with a fixed object,Tuesday,OFF RIGHT BEND INTO OBJECT/PARKED VEHICLE,No,Day,Not at intersection,Fatal accident,100,Yes,Non-Intersection,PYRENEES,WESTERN REGION,1,1,1,0,0,0,0,1,0,0,1,0,0,0,0,0,0,0,0,1,No,0,1,0,1,0,0,Arterial Highway,Arterial Highway,Undivided,Undiv,Country,Dry,Clear,0,1,,20.0,2017
792,792,144.79721151218553,-37.692778452018814,T20170005097,2017-03-13,23,Yes,Collision with vehicle,Monday,REAR END(VEHICLES IN SAME LANE),No,Dark No street lights,Not at intersection,Fatal accident,100,No,Non-Intersection,BRIMBANK,METROPOLITAN NORTH WEST REGION,7,1,1,0,0,6,3,4,0,3,3,0,0,1,0,0,0,0,0,0,No,0,5,0,4,1,0,Freeway,Freeway,Divided,Div,Metro,Dry,Clear,2,2,39.5,32.5,2017
793,793,145.59266924349663,-36.73968928676194,T20170003977,2017-02-27,12,No,Collision with vehicle,Monday,RIGHT TURN SIDESWIPE,No,Day,Not at intersection,Fatal accident,110,No,Non-Intersection,STRATHBOGIE,NORTH EASTERN REGION,2,1,1,0,0,1,2,0,0,0,2,0,0,0,0,0,0,0,1,0,No,0,2,0,2,0,0,Freeway,Freeway,Divided,Div,Country,Dry,Clear,2,0,69.0,,2017
794,794,144.95529955506143,-37.79953901400902,T20170004362,2017-03-03,13,No,Struck Pedestrian,Friday,PED EMERGES FROM IN FRONT OF PARKED OR STATIONARY VEHICLE,No,Day,Not at intersection,Fatal accident,60,No,Non-Intersection,MELBOURNE,METROPOLITAN NORTH WEST REGION,2,1,1,0,0,1,1,1,1,0,0,1,0,0,0,0,0,0,0,0,No,0,1,0,0,0,0,Local Road,Local Road,Undivided,Undiv,Metro,Dry,Clear,1,0,24.0,,2017
795,795,144.55366069543075,-37.69138609668177,T20170005140,2017-03-14,8,No,Struck Pedestrian,Tuesday,PED WALKING WITH TRAFFIC,No,Day,Not at intersection,Fatal accident,50,No,Non-Intersection,MELTON,METROPOLITAN NORTH WEST REGION,4,1,1,0,0,3,1,3,0,2,1,1,0,0,0,0,1,0,0,0,No,1,1,0,1,0,0,Local Road,Local Road,Undivided,Undiv,Metro,Dry,Clear,0,1,,34.0,2017
796,796,144.70202749182968,-37.92096025472952,T20170004423,2017-03-04,12,No,Collision with a fixed object,Saturday,OUT OF CONTROL (OVERTAKING),No,Day,Not at intersection,Fatal accident,Not known,Yes,Non-Intersection,WYNDHAM,METROPOLITAN NORTH WEST REGION,1,1,1,0,0,0,1,0,0,0,1,0,0,0,0,0,0,0,0,0,No,0,1,0,1,0,0,Local Road,Local Road,Undivided,Undiv,Metro,Dry,Clear,1,0,26.0,,2017
797,797,145.2664302757976,-37.95863724875786,T20170003395,2017-02-20,8,No,Collision with vehicle,Monday,HEAD ON (NOT OVERTAKING),No,Day,Not at intersection,Fatal accident,70,No,Non-Intersection,CASEY,METROPOLITAN SOUTH EAST REGION,2,2,1,1,0,0,2,0,0,0,2,0,0,0,0,0,0,0,0,1,No,0,2,0,2,0,0,Local Road,Local Road,Undivided,Undiv,Metro,Wet,Raining,2,0,30.5,,2017
798,798,143.99573092424455,-37.399400341806256,T20170003779,2017-02-24,17,Yes,Collision with vehicle,Friday,HEAD ON (NOT OVERTAKING),No,Day,Not at intersection,Fatal accident,80,No,Non-Intersection,HEPBURN,WESTERN REGION,3,2,1,1,0,1,3,0,0,1,2,0,0,0,0,0,0,0,0,0,No,0,2,1,1,0,0,Arterial Highway,Arterial Highway,Undivided,Undiv,Country,Dry,Clear,2,0,44.5,,2017
799,799,144.53511133639387,-37.47640569355217,T20170002598,2017-02-09,14,No,collision with some other object,Thursday,OTHER ACCIDENTS NOT CLASSIFIABLE ELSEWHERE,No,Day,Not at intersection,Fatal accident,100,No,Non-Intersection,MACEDON RANGES,NORTHERN REGION,1,1,1,0,0,0,1,0,0,0,1,0,0,0,0,0,0,0,0,0,No,0,1,0,1,0,0,Arterial Other,Arterial Other,Undivided,Undiv,Country,Dry,Clear,1,0,62.0,,2017
800,800,144.69557777938982,-37.69732978084693,T20170003074,2017-02-15,18,Yes,Collision with a fixed object,Wednesday,LEFT OFF CARRIAGEWAY INTO OBJECT/PARKED VEHICLE,No,Day,Not at intersection,Fatal accident,100,Yes,Non-Intersection,MELTON,METROPOLITAN NORTH WEST REGION,1,1,1,0,0,0,1,0,0,0,1,0,0,0,0,0,0,0,0,0,No,0,1,0,1,0,0,Local Road,Local Road,Undivided,Undiv,Metro,Dry,Clear,1,0,70.0,,2017
801,801,144.34038044066443,-38.16657722832253,T20170010438,2017-05-28,11,No,Collision with vehicle,Sunday,PULLING OUT (OVERTAKING),No,Day,Not at intersection,Fatal accident,60,No,Non-Intersection,GEELONG,SOUTH WESTERN REGION,6,6,1,4,1,0,4,2,0,3,3,0,0,0,0,0,0,0,0,0,No,0,3,0,3,0,0,Local Road,Local Road,Undivided,Undiv,Country,Dry,Clear,2,1,50.5,72.0,2017
802,802,145.14896536955513,-38.37660202475192,T20170010442,2017-05-28,18,Yes,Collision with a fixed object,Sunday,OUT OF CONTROL (OVERTAKING),No,Dark No street lights,T intersection,Fatal accident,100,Yes,Intersection,MORNINGTON PENINSULA,METROPOLITAN SOUTH EAST REGION,2,2,1,1,0,0,1,1,0,1,1,0,0,0,0,0,0,0,1,0,No,0,1,0,1,0,0,Local Road,Local Road,Undivided,Undiv,Metro,Dry,Clear,1,0,89.0,,2017
803,803,146.1206046604232,-36.495521861528026,T20170010457,2017-05-28,16,Yes,Collision with vehicle,Sunday,CROSS TRAFFIC(INTERSECTIONS ONLY),No,Day,Cross intersection,Fatal accident,110,No,Intersection,BENALLA,NORTH EASTERN REGION,4,3,2,1,0,1,2,2,0,2,2,0,0,0,0,0,0,0,1,1,No,0,2,0,2,0,0,Freeway,"Freeway,Local Road",Divided,"Div,Undiv",Country,Wet,Raining,2,0,57.0,,2017
804,804,146.1206046604232,-36.495521861528026,T20170010457,2017-05-28,16,Yes,Collision with vehicle,Sunday,CROSS TRAFFIC(INTERSECTIONS ONLY),No,Day,Cross intersection,Fatal accident,110,No,Intersection,BENALLA,NORTH EASTERN REGION,4,3,2,1,0,1,2,2,0,2,2,0,0,0,0,0,0,0,1,1,No,0,2,0,2,0,0,Freeway,"Freeway,Local Road",Divided,"Div,Undiv",Country,Wet,Raining,2,0,57.0,,2017
805,805,145.1624073309011,-38.18947959240784,T20170011432,2017-06-11,11,No,Collision with vehicle,Sunday,PULLING OUT (OVERTAKING),No,Day,Not at intersection,Fatal accident,80,No,Non-Intersection,MORNINGTON PENINSULA,METROPOLITAN SOUTH EAST REGION,7,2,1,1,0,5,5,2,0,2,4,0,0,1,0,0,0,0,0,0,No,0,5,0,4,1,0,Local Road,Local Road,Undivided,Undiv,Metro,Dry,Clear,5,0,51.8,,2017
806,806,145.04625640651838,-37.76542900764296,T20170010240,2017-05-25,15,No,Collision with vehicle,Thursday,RIGHT THROUGH,No,Day,T intersection,Fatal accident,40,No,Intersection,BANYULE,METROPOLITAN NORTH WEST REGION,2,2,1,0,1,0,1,1,0,0,1,0,0,1,0,0,0,0,1,0,No,0,2,0,1,1,0,Arterial Other,"Arterial Other,Local Road",Undivided,Undiv,Metro,Dry,Clear,1,1,22.0,78.0,2017
807,807,145.180215142406,-38.01908928978035,T20170011129,2017-06-07,7,No,Collision with vehicle,Wednesday,HEAD ON (NOT OVERTAKING),No,Day,Not at intersection,Fatal accident,60,No,Non-Intersection,DANDENONG,METROPOLITAN SOUTH EAST REGION,2,1,1,0,0,1,2,0,0,0,2,0,0,0,0,0,0,0,0,0,No,0,2,0,2,0,0,Local Road,Local Road,Undivided,Undiv,Metro,Dry,Clear,2,0,49.5,,2017
808,808,145.00213127009116,-37.939512912967466,T20170011161,2017-06-07,13,No,Struck Pedestrian,Wednesday,PED NEAR SIDE. PED HIT BY VEHICLE FROM THE RIGHT.,No,Day,Cross intersection,Fatal accident,50,No,Intersection,BAYSIDE,METROPOLITAN SOUTH EAST REGION,2,1,1,0,0,1,1,1,0,0,1,1,0,0,0,0,0,1,0,0,No,0,1,0,1,0,0,Arterial Other,"Arterial Other,Local Road",Undivided,Undiv,Metro,Dry,Clear,1,0,32.0,,2017
809,809,145.23802144960996,-38.18719842079168,T20170010366,2017-05-27,15,Yes,Collision with a fixed object,Saturday,LEFT OFF CARRIAGEWAY INTO OBJECT/PARKED VEHICLE,No,Day,Cross intersection,Fatal accident,80,Yes,Intersection,CASEY,METROPOLITAN SOUTH EAST REGION,1,1,1,0,0,0,1,0,0,0,0,0,0,1,0,0,0,0,0,0,No,0,1,0,0,1,0,Local Road,Local Road,Undivided,Undiv,Metro,Dry,Clear,1,0,42.0,,2017
810,810,145.30111380918746,-36.32548931725797,T20170011640,2017-06-14,10,No,Collision with vehicle,Wednesday,RIGHT NEAR (INTERSECTIONS ONLY),No,Day,T intersection,Fatal accident,100,No,Intersection,SHEPPARTON,NORTH EASTERN REGION,4,3,1,1,1,1,2,2,0,2,2,0,0,0,0,0,0,0,1,0,No,0,2,0,2,0,0,Arterial Other,"Arterial Other,Local Road",Undivided,Undiv,Country,Dry,Clear,2,0,71.5,,2017
811,811,145.81379913807862,-36.60610832538282,T20170011240,2017-06-08,15,No,Collision with a fixed object,Thursday,RIGHT OFF CARRIAGEWAY INTO OBJECT/PARKED VEHICLE,No,Day,Not at intersection,Fatal accident,110,Yes,Non-Intersection,STRATHBOGIE,NORTH EASTERN REGION,1,1,1,0,0,0,1,0,0,0,1,0,0,0,0,0,0,0,0,0,No,0,1,0,1,0,0,Freeway,Freeway,Divided,Div,Country,Dry,Clear,1,0,36.0,,2017
812,812,144.2228489345317,-37.59897583942421,T20170009219,2017-05-10,15,No,No collision and no object struck,Wednesday,UNKNOWN-NO DETAILS ON MANOEUVRES OF ROAD-USERS IN ACCIDENT,No,Day,Cross intersection,Fatal accident,Not known,No,Intersection,MOORABOOL,WESTERN REGION,1,1,1,0,0,0,1,0,0,0,1,0,0,0,0,0,0,0,1,0,No,1,1,0,0,0,0,Local Road,Local Road,Undivided,Undiv,Country,Dry,Clear,1,0,92.0,,2017
813,813,144.9453537476674,-37.79252388488766,T20170009734,2017-04-18,11,No,Vehicle overturned (no collision),Tuesday,OFF CARRIAGEWAY TO LEFT,Not known,Day,T intersection,Fatal accident,40,Yes,Intersection,MELBOURNE,METROPOLITAN NORTH WEST REGION,1,1,1,0,0,0,1,0,1,0,0,0,0,0,0,0,0,0,0,0,No,0,1,0,0,0,0,Local Road,Local Road,Divided,"Div,Undiv",Metro,Dry,Not known,1,0,77.0,,2017
814,814,145.3483702120867,-37.7572183022829,T20170008897,2017-05-05,13,No,Collision with vehicle,Friday,VEHICLE STRIKES ANOTHER VEH WHILE EMERGING FROM DRIVEWAY,No,Day,T intersection,Fatal accident,50,No,Intersection,YARRA RANGES,METROPOLITAN SOUTH EAST REGION,2,1,1,0,0,1,2,0,0,0,1,0,0,1,0,0,0,0,0,0,No,0,2,0,1,1,0,Arterial Highway,"Arterial Highway,Local Road",Undivided,Undiv,Metro,Dry,Clear,2,0,39.5,,2017
815,815,145.1633290693326,-37.89395357759471,T20170003172,2017-02-16,21,Yes,Collision with a fixed object,Thursday,RIGHT OFF CARRIAGEWAY INTO OBJECT/PARKED VEHICLE,No,Dark Street lights on,T intersection,Fatal accident,80,Yes,Intersection,MONASH,METROPOLITAN SOUTH EAST REGION,1,1,1,0,0,0,1,0,0,0,1,0,0,0,0,0,0,0,0,0,No,0,1,0,1,0,0,Arterial Highway,"Arterial Highway,Local Road",Divided,"Div,Undiv",Metro,Dry,Clear,1,0,38.0,,2017