,Unnamed: 0,X,Y,ACCIDENT_NO,ACCIDENT_DATE,ACCIDENT_TIME,ALCOHOLTIME,ACCIDENT_TYPE,DAY_OF_WEEK,DCA_CODE,HIT_RUN_FLAG,LIGHT_CONDITION,ROAD_GEOMETRY,SEVERITY,SPEED_ZONE,RUN_OFFROAD,NODE_TYPE,LGA_NAME,REGION_NAME,TOTAL_PERSONS,INJ_OR_FATAL,FATALITY,SERIOUSINJURY,OTHERINJURY,NONINJURED,MALES,FEMALES,BICYCLIST,PASSENGER,DRIVER,PEDESTRIAN,PILLION,MOTORIST,UNKNOWN,PED_CYCLIST_5_12,PED_CYCLIST_13_18,OLD_PEDESTRIAN,OLD_DRIVER,YOUNG_DRIVER,ALCOHOL_RELATED,UNLICENCSED,NO_OF_VEHICLES,HEAVYVEHICLE,PASSENGERVEHICLE,MOTORCYCLE,PUBLICVEHICLE,RMA,RMA_ALL,DIVIDED,DIVIDED_ALL,STAT_DIV_NAME,Surface Cond Desc,Atmosph Cond Desc,no_male_driver,no_female_driver,avg_age_male,avg_age_female,year
816,816,146.00779001773915,-36.269942965786726,T20170003609,2017-02-22,16,No,Collision with a fixed object,Wednesday,RIGHT OFF CARRIAGEWAY INTO OBJECT/PARKED VEHICLE,No,Day,Not at intersection,Fatal accident,100,Yes,Non-Intersection,MOIRA,NORTH EASTERN REGION,2,1,1,0,0,1,0,2,0,0,2,0,0,0,0,0,0,0,0,0,No,0,2,0,2,0,0,Local Road,Local Road,Undivided,Undiv,Country,Dry,Clear,0,2,,52.0,2017
817,817,146.74722750571237,-38.41658962585075,T20170002444,2017-02-07,14,No,Collision with a fixed object,Tuesday,OFF RIGHT BEND INTO OBJECT/PARKED VEHICLE,No,Day,Not at intersection,Fatal accident,100,Yes,Non-Intersection,WELLINGTON,EASTERN REGION,1,1,1,0,0,0,1,0,0,0,1,0,0,0,0,0,0,0,0,0,No,0,1,1,0,0,0,Arterial Other,Arterial Other,Undivided,Undiv,Country,Wet,Raining,1,0,59.0,,2017
818,818,145.65989087405873,-35.95026060305468,T20170003249,2017-02-17,20,Yes,Vehicle overturned (no collision),Friday,OFF CARRIAGEWAY TO RIGHT,No,Dusk/Dawn,Not at intersection,Fatal accident,100,Yes,Non-Intersection,MOIRA,NORTH EASTERN REGION,1,1,1,0,0,0,1,0,0,0,1,0,0,0,0,0,0,0,0,0,No,0,1,0,1,0,0,Local Road,Local Road,Undivided,Undiv,Country,Dry,Clear,1,0,55.0,,2017
819,819,145.10363082351117,-37.94462608133821,T20170003252,2017-02-17,22,Yes,Collision with a fixed object,Friday,RIGHT OFF CARRIAGEWAY INTO OBJECT/PARKED VEHICLE,No,Dark Street lights on,Not at intersection,Fatal accident,50,Yes,Non-Intersection,KINGSTON,METROPOLITAN SOUTH EAST REGION,2,2,1,0,1,0,2,0,0,1,1,0,0,0,0,0,0,0,0,0,No,0,1,0,1,0,0,Local Road,Local Road,Undivided,Undiv,Metro,Dry,Clear,1,0,37.0,,2017
820,820,148.87198428216837,-37.11936720539465,T20170003668,2017-02-23,7,No,Collision with a fixed object,Thursday,OFF LEFT BEND INTO OBJECT/PARKED VEHICLE,No,Day,Not at intersection,Fatal accident,100,Yes,Non-Intersection,EAST GIPPSLAND,EASTERN REGION,1,1,1,0,0,0,1,0,0,0,1,0,0,0,0,0,0,0,0,1,No,0,1,1,0,0,0,Local Road,Local Road,Undivided,Undiv,Country,Dry,Clear,1,0,25.0,,2017
821,821,142.58856026985399,-37.05514992908922,T20170003283,2017-02-18,15,Yes,Collision with a fixed object,Saturday,OFF LEFT BEND INTO OBJECT/PARKED VEHICLE,No,Day,Not at intersection,Fatal accident,100,Yes,Non-Intersection,NORTHERN GRAMPIANS,WESTERN REGION,1,1,1,0,0,0,1,0,0,0,0,0,0,1,0,0,0,0,0,0,No,0,1,0,0,1,0,Local Road,Local Road,Undivided,Undiv,Country,Dry,Clear,1,0,43.0,,2017
822,822,145.96758493081043,-36.63311937007533,T20170002491,2017-02-08,10,No,Collision with a fixed object,Wednesday,LEFT OFF CARRIAGEWAY INTO OBJECT/PARKED VEHICLE,No,Day,Not at intersection,Fatal accident,100,Yes,Non-Intersection,BENALLA,NORTH EASTERN REGION,1,1,1,0,0,0,0,1,0,0,1,0,0,0,0,0,0,0,0,0,No,0,1,0,1,0,0,Arterial Highway,Arterial Highway,Undivided,Undiv,Country,Dry,Clear,0,1,,53.0,2017
823,823,145.19257181169837,-37.94106412014916,T20170002884,2017-02-13,15,No,Collision with vehicle,Monday,RIGHT NEAR (INTERSECTIONS ONLY),No,Day,T intersection,Fatal accident,60,No,Intersection,DANDENONG,METROPOLITAN SOUTH EAST REGION,4,1,1,0,0,3,2,2,0,2,1,0,0,1,0,0,0,0,0,0,No,0,2,0,1,1,0,Arterial Other,"Arterial Other,Local Road",Undivided,Undiv,Metro,Dry,Clear,1,1,33.0,42.0,2017
824,824,145.6926206328681,-37.195551745940826,T20170008019,2017-04-21,19,Yes,Collision with a fixed object,Friday,RIGHT OFF CARRIAGEWAY INTO OBJECT/PARKED VEHICLE,No,Dark No street lights,Not at intersection,Fatal accident,100,Yes,Non-Intersection,MURRINDINDI,NORTH EASTERN REGION,1,1,1,0,0,0,1,0,0,0,1,0,0,0,0,0,0,0,0,0,No,0,1,0,1,0,0,Arterial Highway,Arterial Highway,Undivided,Undiv,Country,Wet,Raining,1,0,54.0,,2017
825,825,145.41626209109742,-36.38085693967687,T20170008024,2017-04-21,21,Yes,Struck Pedestrian,Friday,FAR SIDE. PED HIT BY VEHICLE FROM THE LEFT,No,Dark Street lights on,Cross intersection,Fatal accident,50,No,Intersection,SHEPPARTON,NORTH EASTERN REGION,2,1,1,0,0,1,2,0,0,0,1,1,0,0,0,0,0,0,0,0,No,0,1,0,1,0,0,Local Road,Local Road,Undivided,Undiv,Country,Wet,Raining,1,0,39.0,,2017
826,826,143.55312905232148,-38.75114003314642,T20170007280,2017-04-10,17,No,Collision with a fixed object,Monday,OFF LEFT BEND INTO OBJECT/PARKED VEHICLE,No,Day,Not at intersection,Fatal accident,100,Yes,Non-Intersection,COLAC OTWAY,SOUTH WESTERN REGION,4,3,1,2,0,1,2,2,0,3,1,0,0,0,0,0,0,0,0,0,No,0,1,0,0,0,1,Arterial Highway,Arterial Highway,Undivided,Undiv,Country,Wet,Raining,1,0,49.0,,2017
827,827,145.70248658851628,-37.3111712448266,T20170007347,2017-04-11,7,No,Collision with a fixed object,Tuesday,OFF RIGHT BEND INTO OBJECT/PARKED VEHICLE,No,Day,Not at intersection,Fatal accident,100,Yes,Non-Intersection,MURRINDINDI,NORTH EASTERN REGION,1,1,1,0,0,0,1,0,0,0,1,0,0,0,0,0,0,0,0,0,No,1,1,0,1,0,0,Arterial Highway,Arterial Highway,Undivided,Undiv,Country,Dry,Clear,1,0,33.0,,2017
828,828,145.28404984873046,-38.382381959499305,T20170008131,2017-04-23,16,Yes,Collision with vehicle,Sunday,HEAD ON (NOT OVERTAKING),No,Day,Not at intersection,Fatal accident,100,No,Non-Intersection,(FRENCH ISLAND),EASTERN REGION,2,1,1,0,0,1,2,0,0,0,1,0,0,1,0,0,0,0,0,0,No,0,2,0,1,1,0,Local Road,Local Road,Undivided,Undiv,Country,Dry,Clear,2,0,26.5,,2017
829,829,145.4989595778637,-38.026753715161206,T20170008549,2017-04-30,9,Yes,Vehicle overturned (no collision),Sunday,OUT OF CONTROL ON CARRIAGEWAY (ON BEND),No,Day,Not at intersection,Fatal accident,70,No,Non-Intersection,CARDINIA,METROPOLITAN SOUTH EAST REGION,3,1,1,0,0,2,1,2,0,1,1,0,0,1,0,0,0,0,0,0,No,0,2,0,1,1,0,Arterial Other,Arterial Other,Undivided,Undiv,Metro,Dry,Clear,1,1,46.0,34.0,2017
830,830,144.86313360321685,-37.77885551314488,T20170007013,2017-04-07,13,No,Collision with vehicle,Friday,CROSS TRAFFIC(INTERSECTIONS ONLY),No,Day,Cross intersection,Fatal accident,50,No,Intersection,MARIBYRNONG,METROPOLITAN NORTH WEST REGION,2,1,1,0,0,1,2,0,0,0,2,0,0,0,0,0,0,0,1,0,No,0,2,1,1,0,0,Local Road,Local Road,Undivided,Undiv,Metro,Dry,Clear,2,0,70.5,,2017
831,831,145.14601022474127,-38.14848334765253,T20170007019,2017-04-07,18,Yes,Collision with vehicle,Friday,RIGHT NEAR (INTERSECTIONS ONLY),No,Dark Street lights on,T intersection,Fatal accident,70,No,Intersection,FRANKSTON,METROPOLITAN SOUTH EAST REGION,2,1,1,0,0,1,2,0,0,0,2,0,0,0,0,0,0,0,1,0,No,0,2,0,2,0,0,Arterial Other,"Arterial Other,Local Road",Divided,"Div,Undiv",Metro,Dry,Clear,2,0,59.0,,2017
832,832,145.21803451413308,-38.00085056780708,T20170007027,2017-04-07,17,Yes,Collision with vehicle,Friday,VEHICLE COLLIDES WITH VEHICLE PARKED ON LEFT OF ROAD,No,Day,Not at intersection,Fatal accident,60,No,Non-Intersection,DANDENONG,METROPOLITAN SOUTH EAST REGION,2,1,1,0,0,1,2,0,0,0,1,1,0,0,0,0,0,0,0,0,Yes,0,2,1,1,0,0,Arterial Highway,Arterial Highway,Divided,Div,Metro,Dry,Clear,1,0,31.0,,2017
833,833,143.40964797461692,-36.282742973814734,T20170007028,2017-04-07,14,No,Collision with vehicle,Friday,HEAD ON (NOT OVERTAKING),No,Day,Not at intersection,Fatal accident,100,No,Non-Intersection,BULOKE,NORTHERN REGION,3,3,1,2,0,0,2,1,0,1,2,0,0,0,0,0,0,0,0,0,No,0,2,0,2,0,0,Arterial Highway,Arterial Highway,Undivided,Undiv,Country,Dry,Clear,2,0,40.0,,2017
834,834,147.21171886585162,-36.380560770192155,T20170007789,2017-04-18,16,No,Collision with a fixed object,Tuesday,OUT OF CONTROL (OVERTAKING),No,Day,Not at intersection,Fatal accident,100,Yes,Non-Intersection,TOWONG,NORTH EASTERN REGION,2,1,1,0,0,1,2,0,0,0,2,0,0,0,0,0,0,0,0,1,No,0,2,0,2,0,0,Arterial Other,Arterial Other,Undivided,Undiv,Country,Dry,Clear,2,0,45.0,,2017
835,835,146.2574179837706,-36.425819809485695,T20170007408,2017-04-12,17,No,Collision with a fixed object,Wednesday,OFF END OF ROAD/T-INTERSECTION.,No,Day,T intersection,Fatal accident,100,No,Intersection,WANGARATTA,NORTH EASTERN REGION,1,1,1,0,0,0,1,0,0,0,1,0,0,0,0,0,0,0,0,0,No,0,1,0,1,0,0,Arterial Other,"Arterial Other,Local Road",Undivided,Undiv,Country,Dry,Clear,1,0,69.0,,2017
836,836,144.1745545295064,-38.02823830838168,T20170007426,2017-04-12,16,No,Collision with vehicle,Wednesday,CROSS TRAFFIC(INTERSECTIONS ONLY),No,Day,Cross intersection,Fatal accident,100,No,Intersection,GOLDEN PLAINS,SOUTH WESTERN REGION,5,4,2,0,2,1,3,2,0,3,2,0,0,0,0,0,0,0,1,0,No,0,2,0,2,0,0,Arterial Highway,"Arterial Highway,Local Road",Undivided,Undiv,Country,Dry,Clear,2,0,57.0,,2017
837,837,144.1745545295064,-38.02823830838168,T20170007426,2017-04-12,16,No,Collision with vehicle,Wednesday,CROSS TRAFFIC(INTERSECTIONS ONLY),No,Day,Cross intersection,Fatal accident,100,No,Intersection,GOLDEN PLAINS,SOUTH WESTERN REGION,5,4,2,0,2,1,3,2,0,3,2,0,0,0,0,0,0,0,1,0,No,0,2,0,2,0,0,Arterial Highway,"Arterial Highway,Local Road",Undivided,Undiv,Country,Dry,Clear,2,0,57.0,,2017
838,838,146.36202482847284,-36.310969197591106,T20170007436,2017-04-13,2,Yes,Collision with a fixed object,Thursday,OFF LEFT BEND INTO OBJECT/PARKED VEHICLE,No,Dark No street lights,T intersection,Fatal accident,80,Yes,Intersection,WANGARATTA,NORTH EASTERN REGION,2,2,1,1,0,0,2,0,0,1,1,0,0,0,0,0,0,0,0,1,No,0,1,0,1,0,0,Arterial Other,"Arterial Other,Local Road",Undivided,Undiv,Country,Dry,Clear,1,0,19.0,,2017
839,839,144.97358983808547,-37.865790102394655,T20170007840,2017-04-18,17,No,Struck Pedestrian,Tuesday,FAR SIDE. PED HIT BY VEHICLE FROM THE LEFT,No,Day,Not at intersection,Fatal accident,60,No,Non-Intersection,PORT PHILLIP,METROPOLITAN NORTH WEST REGION,2,2,1,0,1,0,2,0,1,0,0,1,0,0,0,0,0,1,0,0,No,0,1,0,0,0,0,Arterial Other,Arterial Other,Divided,Div,Metro,Dry,Clear,1,0,30.0,,2017
840,840,149.13362124134787,-37.57046677735853,T20170007861,2017-04-19,14,No,Collision with vehicle,Wednesday,HEAD ON (NOT OVERTAKING),No,Day,Not at intersection,Fatal accident,100,No,Non-Intersection,EAST GIPPSLAND,EASTERN REGION,4,4,1,1,2,0,3,1,0,2,2,0,0,0,0,0,0,0,0,0,No,0,2,0,2,0,0,Arterial Highway,Arterial Highway,Undivided,Undiv,Country,Dry,Clear,2,0,69.5,,2017
841,841,144.8290941794909,-37.74609487368791,T20170008250,2017-04-25,18,Yes,Collision with vehicle,Tuesday,RIGHT THROUGH,No,Dark Street lights on,T intersection,Fatal accident,60,No,Intersection,BRIMBANK,METROPOLITAN NORTH WEST REGION,2,1,1,0,0,1,2,0,0,0,1,0,0,1,0,0,0,0,0,0,No,0,2,0,1,1,0,Arterial Other,"Arterial Other,Local Road",Divided,"Div,Undiv",Metro,Dry,Clear,2,0,55.0,,2017
842,842,145.52528037927362,-37.74247976024776,T20170007177,2017-04-09,14,No,Collision with a fixed object,Sunday,OFF LEFT BEND INTO OBJECT/PARKED VEHICLE,No,Day,Not at intersection,Fatal accident,80,Yes,Non-Intersection,YARRA RANGES,METROPOLITAN SOUTH EAST REGION,5,5,2,3,0,0,3,2,0,4,1,0,0,0,0,0,0,0,0,0,No,0,1,0,1,0,0,Arterial Other,Arterial Other,Undivided,Undiv,Metro,Wet,Clear,0,1,,50.0,2017
843,843,145.52528037927362,-37.74247976024776,T20170007177,2017-04-09,14,No,Collision with a fixed object,Sunday,OFF LEFT BEND INTO OBJECT/PARKED VEHICLE,No,Day,Not at intersection,Fatal accident,80,Yes,Non-Intersection,YARRA RANGES,METROPOLITAN SOUTH EAST REGION,5,5,2,3,0,0,3,2,0,4,1,0,0,0,0,0,0,0,0,0,No,0,1,0,1,0,0,Arterial Other,Arterial Other,Undivided,Undiv,Metro,Wet,Clear,0,1,,50.0,2017
844,844,145.5269707569287,-38.06417323192921,T20170007523,2017-04-14,8,No,Collision with vehicle,Friday,REAR END(VEHICLES IN SAME LANE),No,Day,Not at intersection,Fatal accident,100,No,Non-Intersection,CARDINIA,METROPOLITAN SOUTH EAST REGION,2,1,1,0,0,1,2,0,1,0,1,0,0,0,0,0,0,0,0,0,No,0,2,0,1,0,0,Arterial Other,Arterial Other,Divided,Div,Metro,Dry,Clear,2,0,56.5,,2017
845,845,144.71701650974654,-38.16695105464966,T20160025729,2016-11-28,15,No,Struck Pedestrian,Monday,PARKED CAR RUN AWAY,No,Day,Not at intersection,Fatal accident,60,No,Non-Intersection,GEELONG,SOUTH WESTERN REGION,1,1,1,0,0,0,1,0,0,0,0,1,0,0,0,0,0,1,0,0,No,0,1,0,1,0,0,Arterial Other,Arterial Other,Undivided,Undiv,Country,Dry,Clear,0,0,,,2016
846,846,144.5741575438832,-37.65360970381301,T20160026128,2016-12-03,23,Yes,Collision with a fixed object,Saturday,LEFT OFF CARRIAGEWAY INTO OBJECT/PARKED VEHICLE,No,Dark Street lights on,Not at intersection,Fatal accident,80,Yes,Non-Intersection,MELTON,METROPOLITAN NORTH WEST REGION,3,3,1,2,0,0,2,1,0,2,1,0,0,0,0,0,0,0,0,1,No,0,1,0,1,0,0,Local Road,Local Road,Undivided,Undiv,Metro,Dry,Clear,1,0,21.0,,2016
847,847,145.01718010124486,-37.82723724268439,T20160026589,2016-12-09,15,No,Collision with vehicle,Friday,RIGHT THROUGH,No,Day,T intersection,Fatal accident,60,No,Intersection,YARRA,METROPOLITAN NORTH WEST REGION,2,1,1,0,0,1,2,0,0,0,1,0,0,1,0,0,0,0,0,1,No,1,2,0,1,1,0,Arterial Other,Arterial Other,Undivided,Undiv,Metro,Dry,Clear,2,0,24.0,,2016
848,848,142.24900700040985,-36.71293999480323,T20160027004,2016-12-14,23,Yes,Collision with a fixed object,Wednesday,RIGHT OFF CARRIAGEWAY INTO OBJECT/PARKED VEHICLE,No,Dark No street lights,Not at intersection,Fatal accident,100,Yes,Non-Intersection,HORSHAM,WESTERN REGION,2,2,1,0,1,0,0,2,0,1,1,0,0,0,0,0,0,0,0,0,No,0,1,0,1,0,0,Local Road,Local Road,Undivided,Undiv,Country,Dry,Clear,0,1,,26.0,2016
849,849,146.83482969829845,-38.50205014167581,T20160025049,2016-11-20,16,Yes,Collision with a fixed object,Sunday,OFF RIGHT BEND INTO OBJECT/PARKED VEHICLE,No,Day,Not at intersection,Fatal accident,100,Yes,Non-Intersection,WELLINGTON,EASTERN REGION,1,1,1,0,0,0,0,1,0,0,1,0,0,0,0,0,0,0,0,0,No,0,1,0,1,0,0,Arterial Other,Arterial Other,Undivided,Undiv,Country,Dry,Clear,0,1,,29.0,2016
850,850,144.3607496990436,-38.14959067192717,T20160024699,2016-11-16,8,No,Collision with vehicle,Wednesday,OTHER MANOEUVRING NOT INCLUDED IN DCAs 140-148,No,Day,T intersection,Fatal accident,50,No,Non-Intersection,GEELONG,SOUTH WESTERN REGION,2,1,1,0,0,1,2,0,1,0,1,0,0,0,0,0,0,0,0,0,No,0,2,1,0,0,0,Arterial Other,Arterial Other,Divided,Div,Country,Dry,Clear,2,0,50.0,,2016
851,851,145.13726103481898,-37.77128612728128,T20160025156,2016-11-21,22,Yes,Collision with a fixed object,Monday,OFF LEFT BEND INTO OBJECT/PARKED VEHICLE,No,Dark No street lights,Not at intersection,Fatal accident,60,Yes,Non-Intersection,MANNINGHAM,METROPOLITAN SOUTH EAST REGION,1,1,1,0,0,0,0,1,0,0,1,0,0,0,0,0,0,0,1,0,No,0,1,0,1,0,0,Arterial Other,Arterial Other,Undivided,Undiv,Metro,Wet,Raining,0,1,,88.0,2016
852,852,146.44433423649153,-38.23557599006461,T20160024401,2016-11-12,0,Yes,Collision with a fixed object,Saturday,OFF RIGHT BEND INTO OBJECT/PARKED VEHICLE,No,Dark Street lights on,T intersection,Fatal accident,50,Yes,Intersection,LATROBE,EASTERN REGION,2,2,1,1,0,0,2,0,0,1,1,0,0,0,0,0,0,0,0,0,No,0,1,0,1,0,0,Local Road,Local Road,Undivided,Undiv,Country,Dry,Clear,1,0,28.0,,2016
853,853,145.02471209977972,-37.87267383083395,T20160025198,2016-11-22,11,No,Struck Pedestrian,Tuesday,FAR SIDE. PED HIT BY VEHICLE FROM THE LEFT,No,Day,Cross intersection,Fatal accident,60,No,Intersection,GLEN EIRA,METROPOLITAN SOUTH EAST REGION,2,1,1,0,0,1,1,1,0,0,1,1,0,0,0,0,0,1,0,0,No,0,1,0,1,0,0,Arterial Other,Arterial Other,Undivided,Undiv,Metro,Wet,Raining,1,0,27.0,,2016
854,854,144.92525626474216,-37.750858213470956,T20160025208,2016-11-22,11,No,Collision with a fixed object,Tuesday,OFF END OF ROAD/T-INTERSECTION.,No,Day,T intersection,Fatal accident,60,No,Intersection,MOONEE VALLEY,METROPOLITAN NORTH WEST REGION,2,2,1,1,0,0,1,1,0,1,1,0,0,0,0,0,0,0,1,0,No,0,1,0,1,0,0,Arterial Other,Arterial Other,Undivided,Undiv,Metro,Wet,Raining,1,0,87.0,,2016
855,855,145.3561292937778,-37.87191812686199,T20160024856,2016-11-17,22,Yes,Collision with a fixed object,Thursday,OFF LEFT BEND INTO OBJECT/PARKED VEHICLE,No,Dark No street lights,T intersection,Fatal accident,60,Yes,Non-Intersection,YARRA RANGES,METROPOLITAN SOUTH EAST REGION,1,1,1,0,0,0,1,0,0,0,1,0,0,0,0,0,0,0,0,0,No,0,1,0,1,0,0,Local Road,Local Road,Undivided,Undiv,Metro,Dry,Clear,1,0,26.0,,2016
856,856,145.83002316077983,-38.44745876541959,T20160025244,2016-11-22,13,No,Collision with vehicle,Tuesday,HEAD ON (NOT OVERTAKING),No,Day,Not at intersection,Fatal accident,80,No,Non-Intersection,SOUTH GIPPSLAND,EASTERN REGION,2,2,1,1,0,0,2,0,0,0,2,0,0,0,0,0,0,0,0,0,No,0,2,0,2,0,0,Arterial Highway,Arterial Highway,Undivided,Undiv,Country,Wet,Raining,2,0,38.0,,2016
857,857,144.19159900861524,-37.56060036664797,T20160025249,2016-11-22,14,No,Collision with vehicle,Tuesday,HEAD ON(OVERTAKING),No,Day,Not at intersection,Fatal accident,100,No,Non-Intersection,MOORABOOL,WESTERN REGION,2,2,1,0,1,0,2,0,0,0,2,0,0,0,0,0,0,0,0,1,No,1,2,1,1,0,0,Arterial Other,Arterial Other,Undivided,Undiv,Country,Wet,Raining,2,0,39.5,,2016
858,858,145.42994000636475,-37.92868003962613,T20160025258,2016-11-22,15,No,Collision with a fixed object,Tuesday,OFF LEFT BEND INTO OBJECT/PARKED VEHICLE,No,Day,Not at intersection,Fatal accident,60,Yes,Non-Intersection,CARDINIA,METROPOLITAN SOUTH EAST REGION,5,4,1,3,0,1,1,4,0,3,2,0,0,0,0,0,0,0,0,1,No,0,2,0,2,0,0,Arterial Other,Arterial Other,Undivided,Undiv,Metro,Wet,Raining,0,2,,36.0,2016
859,859,145.04469017465928,-37.90052424692957,T20160024521,2016-11-13,19,Yes,Collision with vehicle,Sunday,CROSS TRAFFIC(INTERSECTIONS ONLY),No,Day,Cross intersection,Fatal accident,60,No,Intersection,GLEN EIRA,METROPOLITAN SOUTH EAST REGION,2,1,1,0,0,1,2,0,0,0,1,0,0,1,0,0,0,0,0,0,No,0,2,0,0,1,1,Arterial Other,"Arterial Other,Local Road",Undivided,Undiv,Metro,Dry,Clear,2,0,45.0,,2016
860,860,144.77936173154626,-37.74195716172133,T20160025351,2016-11-23,20,Yes,Struck Pedestrian,Wednesday,PED NEAR SIDE. PED HIT BY VEHICLE FROM THE RIGHT.,No,Dark Street lights on,Cross intersection,Fatal accident,70,No,Intersection,BRIMBANK,METROPOLITAN NORTH WEST REGION,2,1,1,0,0,1,2,0,0,0,1,1,0,0,0,0,0,0,0,1,No,0,1,0,1,0,0,Arterial Other,"Arterial Other,Local Road",Divided,"Div,Undiv",Metro,Dry,Clear,1,0,23.0,,2016
861,861,145.166945437949,-38.27318001001709,T20160024171,2016-11-09,6,Yes,Collision with vehicle,Wednesday,RIGHT THROUGH,No,Day,Not at intersection,Fatal accident,80,No,Non-Intersection,MORNINGTON PENINSULA,METROPOLITAN SOUTH EAST REGION,2,1,1,0,0,1,2,0,0,0,1,0,0,1,0,0,0,0,0,1,No,1,2,0,1,1,0,Local Road,Local Road,Undivided,Undiv,Metro,Dry,Clear,2,0,23.0,,2016
862,862,142.1153556417148,-34.223905851303556,T20160024173,2016-11-09,9,No,Collision with vehicle,Wednesday,CROSS TRAFFIC(INTERSECTIONS ONLY),No,Day,Cross intersection,Fatal accident,80,No,Intersection,MILDURA,WESTERN REGION,3,1,1,0,0,2,1,2,0,0,3,0,0,0,0,0,0,0,1,0,No,0,3,1,2,0,0,Arterial Highway,"Arterial Highway,Local Road",Undivided,Undiv,Country,Dry,Clear,1,2,59.0,66.0,2016
863,863,144.1689703693651,-36.73187252175921,T20160024189,2016-11-09,12,No,Collision with a fixed object,Wednesday,LEFT OFF CARRIAGEWAY INTO OBJECT/PARKED VEHICLE,No,Day,Not at intersection,Fatal accident,100,Yes,Non-Intersection,BENDIGO,NORTHERN REGION,1,1,1,0,0,0,0,1,0,0,1,0,0,0,0,0,0,0,1,0,No,0,1,0,1,0,0,Local Road,Local Road,Undivided,Undiv,Country,Dry,Clear,0,1,,79.0,2016
864,864,144.95189521105834,-37.78777962545871,T20170014068,2017-07-20,6,No,Collision with vehicle,Thursday,RIGHT NEAR (INTERSECTIONS ONLY),No,Dark Street lights on,T intersection,Fatal accident,60,No,Intersection,MELBOURNE,METROPOLITAN NORTH WEST REGION,2,1,1,0,0,1,1,1,0,0,1,0,0,1,0,0,0,0,0,0,No,0,2,0,1,1,0,Arterial Other,"Arterial Other,Local Road",Divided,"Div,Undiv",Metro,Wet,Raining,1,1,45.0,51.0,2017
865,865,145.1357299387379,-38.146676011145146,T20170013679,2017-07-13,21,Yes,Collision with a fixed object,Thursday,RIGHT OFF CARRIAGEWAY INTO OBJECT/PARKED VEHICLE,No,Dark Street lights on,Cross intersection,Fatal accident,60,Yes,Intersection,FRANKSTON,METROPOLITAN SOUTH EAST REGION,2,2,1,1,0,0,0,2,0,1,1,0,0,0,0,0,0,0,0,1,No,0,1,0,1,0,0,Arterial Highway,"Arterial Highway,Arterial Other",Divided,Div,Metro,Dry,Clear,0,1,,18.0,2017
866,866,144.35980608055132,-37.93455909385917,T20170014075,2017-07-20,7,No,Collision with vehicle,Thursday,HEAD ON (NOT OVERTAKING),No,Day,Not at intersection,Fatal accident,100,No,Non-Intersection,GEELONG,SOUTH WESTERN REGION,3,2,1,1,0,1,2,1,0,1,2,0,0,0,0,0,0,0,0,1,No,1,2,1,1,0,0,Arterial Other,Arterial Other,Undivided,Undiv,Country,Wet,Clear,1,1,51.0,25.0,2017
867,867,145.03483180301833,-37.82540937108705,T20170013693,2017-07-14,6,No,Struck Pedestrian,Friday,PED NEAR SIDE. PED HIT BY VEHICLE FROM THE RIGHT.,No,Dark Street lights unknown,T intersection,Fatal accident,50,No,Intersection,BOROONDARA,METROPOLITAN SOUTH EAST REGION,2,1,1,0,0,1,1,1,0,0,1,1,0,0,0,0,0,1,0,0,No,0,1,0,1,0,0,Arterial Other,"Arterial Other,Local Road",Undivided,Undiv,Metro,Wet,Raining,1,0,55.0,,2017
868,868,145.04963852799537,-37.75250241949466,T20170013739,2017-07-14,22,Yes,Struck Pedestrian,Friday,FAR SIDE. PED HIT BY VEHICLE FROM THE LEFT,No,Dark Street lights on,Not at intersection,Fatal accident,60,No,Non-Intersection,BANYULE,METROPOLITAN NORTH WEST REGION,2,1,1,0,0,1,2,0,0,0,1,1,0,0,0,0,0,0,1,0,No,0,1,0,1,0,0,Arterial Highway,Arterial Highway,Divided,Div,Metro,Dry,Clear,1,0,82.0,,2017
869,869,144.62976402901978,-36.18255896794809,T20170013748,2017-07-15,1,Yes,Collision with a fixed object,Saturday,OFF LEFT BEND INTO OBJECT/PARKED VEHICLE,No,Dark No street lights,Not at intersection,Fatal accident,100,Yes,Non-Intersection,CAMPASPE,NORTHERN REGION,1,1,1,0,0,0,1,0,0,0,1,0,0,0,0,0,0,0,0,1,No,0,1,0,1,0,0,Local Road,Local Road,Undivided,Undiv,Country,Dry,Fog,1,0,25.0,,2017