,Unnamed: 0,X,Y,ACCIDENT_NO,ACCIDENT_DATE,ACCIDENT_TIME,ALCOHOLTIME,ACCIDENT_TYPE,DAY_OF_WEEK,DCA_CODE,HIT_RUN_FLAG,LIGHT_CONDITION,ROAD_GEOMETRY,SEVERITY,SPEED_ZONE,RUN_OFFROAD,NODE_TYPE,LGA_NAME,REGION_NAME,TOTAL_PERSONS,INJ_OR_FATAL,FATALITY,SERIOUSINJURY,OTHERINJURY,NONINJURED,MALES,FEMALES,BICYCLIST,PASSENGER,DRIVER,PEDESTRIAN,PILLION,MOTORIST,UNKNOWN,PED_CYCLIST_5_12,PED_CYCLIST_13_18,OLD_PEDESTRIAN,OLD_DRIVER,YOUNG_DRIVER,ALCOHOL_RELATED,UNLICENCSED,NO_OF_VEHICLES,HEAVYVEHICLE,PASSENGERVEHICLE,MOTORCYCLE,PUBLICVEHICLE,RMA,RMA_ALL,DIVIDED,DIVIDED_ALL,STAT_DIV_NAME,Surface Cond Desc,Atmosph Cond Desc,no_male_driver,no_female_driver,avg_age_male,avg_age_female,year
870,870,147.65207340411126,-37.152988599076096,T20170014249,2017-07-22,15,Yes,Collision with a fixed object,Saturday,OFF RIGHT BEND INTO OBJECT/PARKED VEHICLE,No,Day,Not at intersection,Fatal accident,100,Yes,Non-Intersection,EAST GIPPSLAND,EASTERN REGION,1,1,1,0,0,0,1,0,0,0,1,0,0,0,0,0,0,0,0,0,No,0,1,0,1,0,0,Arterial Highway,Arterial Highway,Undivided,Undiv,Country,Dry,Clear,1,0,31.0,,2017
871,871,145.02039820126308,-37.72714825658645,T20170015098,2017-08-04,18,Yes,Collision with vehicle,Friday,RIGHT THROUGH,No,Dark Street lights on,Not at intersection,Fatal accident,60,No,Non-Intersection,DAREBIN,METROPOLITAN NORTH WEST REGION,4,3,1,2,0,1,2,2,0,2,2,0,0,0,0,0,0,0,0,0,Yes,1,2,0,2,0,0,Arterial Other,Arterial Other,Undivided,Undiv,Metro,Dry,Clear,1,1,43.0,52.0,2017
872,872,145.47480705640163,-38.472200661789046,T20170013835,2017-07-16,16,Yes,Collision with vehicle,Sunday,RIGHT NEAR (INTERSECTIONS ONLY),No,Day,T intersection,Fatal accident,100,No,Intersection,BASS COAST,EASTERN REGION,5,3,1,1,1,2,2,3,0,2,3,0,0,0,0,0,0,0,1,0,No,0,3,0,3,0,0,Arterial Highway,"Arterial Highway,Local Road",Divided,"Div,Undiv",Country,Dry,Clear,2,1,31.0,75.0,2017
873,873,146.1360970231914,-37.966792170671475,T20170012729,2017-06-29,17,No,Collision with a fixed object,Thursday,OFF RIGHT BEND INTO OBJECT/PARKED VEHICLE,No,Dusk/Dawn,Not at intersection,Fatal accident,100,Yes,Non-Intersection,BAW BAW,EASTERN REGION,1,1,1,0,0,0,0,1,0,0,1,0,0,0,0,0,0,0,0,1,No,0,1,0,1,0,0,Arterial Other,Arterial Other,Undivided,Undiv,Country,Wet,Raining,0,1,,19.0,2017
874,874,145.65987100893102,-35.96987802424221,T20170012320,2017-06-23,16,Yes,Collision with vehicle,Friday,CROSS TRAFFIC(INTERSECTIONS ONLY),No,Day,Cross intersection,Fatal accident,100,No,Intersection,MOIRA,NORTH EASTERN REGION,2,2,1,1,0,0,2,0,0,0,2,0,0,0,0,0,0,0,1,0,No,0,2,0,2,0,0,Local Road,Local Road,Undivided,Undiv,Country,Dry,Clear,2,0,63.0,,2017
875,875,145.4883602007214,-37.5487497800232,T20170012322,2017-06-23,17,Yes,Collision with a fixed object,Friday,OFF RIGHT BEND INTO OBJECT/PARKED VEHICLE,No,Dusk/Dawn,Not at intersection,Fatal accident,80,Yes,Non-Intersection,MURRINDINDI,NORTH EASTERN REGION,1,1,1,0,0,0,1,0,0,0,0,0,0,1,0,0,0,0,0,0,No,0,1,0,0,1,0,Local Road,Local Road,Undivided,Undiv,Country,Dry,Clear,1,0,37.0,,2017
876,876,144.88472205441127,-37.80296245110681,T20170012788,2017-06-30,14,No,Struck Pedestrian,Friday,PED NEAR SIDE. PED HIT BY VEHICLE FROM THE RIGHT.,No,Day,Not at intersection,Fatal accident,50,No,Non-Intersection,MARIBYRNONG,METROPOLITAN NORTH WEST REGION,2,1,1,0,0,1,1,1,0,0,1,1,0,0,0,0,0,0,0,0,No,0,1,1,0,0,0,Arterial Highway,Arterial Highway,Divided,Div,Metro,Dry,Clear,1,0,40.0,,2017
877,877,144.95860934901526,-37.69190141807089,T20170013190,2017-07-06,14,No,Collision with vehicle,Thursday,REAR END(VEHICLES IN SAME LANE),No,Day,Not at intersection,Fatal accident,100,No,Intersection,HUME,METROPOLITAN NORTH WEST REGION,5,1,1,0,0,4,5,0,0,1,4,0,0,0,0,0,0,0,0,1,No,0,4,2,1,0,0,Freeway,"Freeway,Arterial Other",Divided,Div,Metro,Dry,Clear,4,0,36.5,,2017
878,878,146.95406021311163,-38.10110136822411,T20170011957,2017-06-18,17,Yes,Struck Pedestrian,Sunday,FAR SIDE. PED HIT BY VEHICLE FROM THE LEFT,No,Dark No street lights,Not at intersection,Fatal accident,80,No,Non-Intersection,WELLINGTON,EASTERN REGION,8,1,1,0,0,7,7,1,0,3,4,1,0,0,0,0,0,0,0,0,No,0,4,0,3,0,0,Arterial Highway,Arterial Highway,Undivided,Undiv,Country,Dry,Clear,3,1,40.333333333333336,40.0,2017
879,879,144.8259255001172,-37.74234706985326,T20170009331,2017-05-12,1,Yes,Collision with a fixed object,Friday,LEFT OFF CARRIAGEWAY INTO OBJECT/PARKED VEHICLE,No,Dark Street lights on,Not at intersection,Fatal accident,70,Yes,Non-Intersection,BRIMBANK,METROPOLITAN NORTH WEST REGION,2,2,1,1,0,0,2,0,0,1,1,0,0,0,0,0,0,0,0,1,No,0,1,0,1,0,0,Arterial Other,Arterial Other,Divided,Div,Metro,Dry,Clear,1,0,22.0,,2017
880,880,145.1172375697745,-37.71075652034988,T20170009353,2017-05-12,11,No,Collision with vehicle,Friday,VEHICLE STRIKES ANOTHER VEH WHILE EMERGING FROM DRIVEWAY,No,Day,Not at intersection,Fatal accident,60,No,Non-Intersection,BANYULE,METROPOLITAN NORTH WEST REGION,3,1,1,0,0,2,1,2,0,1,2,0,0,0,0,0,0,0,1,0,No,0,2,0,2,0,0,Local Road,Local Road,Undivided,Undiv,Metro,Dry,Clear,1,1,83.0,69.0,2017
881,881,145.4883500464481,-37.92499996127192,T20170009360,2017-05-10,22,Yes,Collision with a fixed object,Wednesday,OFF RIGHT BEND INTO OBJECT/PARKED VEHICLE,No,Dark No street lights,Not at intersection,Fatal accident,60,Yes,Non-Intersection,CARDINIA,METROPOLITAN SOUTH EAST REGION,1,1,1,0,0,0,0,1,0,0,1,0,0,0,0,0,0,0,0,0,No,0,1,0,1,0,0,Arterial Other,Arterial Other,Undivided,Undiv,Metro,Unknown,Not known,0,1,,27.0,2017
882,882,146.55359425379558,-38.15764921395058,T20170009840,2017-05-19,23,Yes,Collision with a fixed object,Friday,OFF LEFT BEND INTO OBJECT/PARKED VEHICLE,No,Dark No street lights,Not at intersection,Fatal accident,100,Yes,Non-Intersection,LATROBE,EASTERN REGION,1,1,1,0,0,0,1,0,0,0,1,0,0,0,0,0,0,0,0,0,No,1,1,0,1,0,0,Arterial Other,Arterial Other,Undivided,Undiv,Country,Wet,Clear,1,0,36.0,,2017
883,883,143.8366305287053,-37.57275161305363,T20170008613,2017-05-01,13,No,Collision with a fixed object,Monday,LEFT OFF CARRIAGEWAY INTO OBJECT/PARKED VEHICLE,No,Day,Cross intersection,Fatal accident,60,Yes,Intersection,BALLARAT,WESTERN REGION,1,1,1,0,0,0,0,1,0,0,1,0,0,0,0,0,0,0,0,0,No,0,1,0,1,0,0,Arterial Other,"Arterial Other,Local Road",Undivided,Undiv,Country,Dry,Clear,0,1,,30.0,2017
884,884,146.69155784886266,-38.26652060734907,T20170008678,2017-05-02,9,No,Collision with a fixed object,Tuesday,OFF LEFT BEND INTO OBJECT/PARKED VEHICLE,No,Day,Not at intersection,Fatal accident,100,Yes,Non-Intersection,WELLINGTON,EASTERN REGION,1,1,1,0,0,0,0,1,0,0,1,0,0,0,0,0,0,0,0,1,No,0,1,0,1,0,0,Arterial Other,Arterial Other,Undivided,Undiv,Country,Wet,Raining,0,1,,18.0,2017
885,885,142.16101050435634,-34.227308469927785,T20170009061,2017-05-08,10,No,Collision with vehicle,Monday,RIGHT/LEFT. ONE VEH TURNING RIGHT THE OTHER LEFT.,No,Day,Cross intersection,Fatal accident,60,No,Intersection,MILDURA,WESTERN REGION,3,1,1,0,0,2,2,1,0,1,1,0,0,1,0,0,0,0,1,0,No,0,2,0,1,1,0,Arterial Highway,"Arterial Highway,Local Road",Divided,"Div,Undiv",Country,Dry,Clear,2,0,74.5,,2017
886,886,143.7767772022458,-36.95248906361289,T20170009096,2017-05-08,14,No,Collision with a fixed object,Monday,OFF LEFT BEND INTO OBJECT/PARKED VEHICLE,No,Day,Not at intersection,Fatal accident,100,Yes,Non-Intersection,CENTRAL GOLDFIELDS,WESTERN REGION,1,1,1,0,0,0,0,1,0,0,1,0,0,0,0,0,0,0,0,0,No,0,1,0,1,0,0,Arterial Other,Arterial Other,Undivided,Undiv,Country,Dry,Clear,0,1,,26.0,2017
887,887,145.1195224405127,-37.85292663452804,T20170009103,2017-05-08,17,No,Struck Pedestrian,Monday,PED NEAR SIDE. PED HIT BY VEHICLE FROM THE RIGHT.,No,Dark Street lights on,T intersection,Fatal accident,60,No,Intersection,WHITEHORSE,METROPOLITAN SOUTH EAST REGION,2,1,1,0,0,1,1,1,0,0,1,1,0,0,0,0,0,1,0,0,No,0,1,0,1,0,0,Arterial Other,"Arterial Other,Local Road",Undivided,Undiv,Metro,Dry,Clear,1,0,52.0,,2017
888,888,145.95698050726617,-37.89745286984381,T20170009539,2017-05-15,8,No,Vehicle overturned (no collision),Monday,OFF CARRIAGEWAY ON RIGHT BEND,No,Day,Not at intersection,Fatal accident,100,Yes,Non-Intersection,BAW BAW,EASTERN REGION,1,1,1,0,0,0,1,0,0,0,1,0,0,0,0,0,0,0,0,1,No,0,1,1,0,0,0,Arterial Other,Arterial Other,Undivided,Undiv,Country,Dry,Clear,1,0,21.0,,2017
889,889,141.54683281861,-38.32028136090807,T20170009588,2017-05-16,6,No,Collision with a fixed object,Tuesday,OFF END OF ROAD/T-INTERSECTION.,No,Dark No street lights,T intersection,Fatal accident,80,No,Intersection,GLENELG,SOUTH WESTERN REGION,1,1,1,0,0,0,1,0,0,0,1,0,0,0,0,0,0,0,0,0,No,0,1,0,1,0,0,Local Road,Local Road,Undivided,Undiv,Country,Wet,Fog,1,0,32.0,,2017
890,890,141.54683281861,-38.32028136090807,T20170009588,2017-05-16,6,No,Collision with a fixed object,Tuesday,OFF END OF ROAD/T-INTERSECTION.,No,Dark No street lights,T intersection,Fatal accident,80,No,Intersection,GLENELG,SOUTH WESTERN REGION,1,1,1,0,0,0,1,0,0,0,1,0,0,0,0,0,0,0,0,0,No,0,1,0,1,0,0,Local Road,Local Road,Undivided,Undiv,Country,Icy,Fog,1,0,32.0,,2017
891,891,143.94819023024843,-37.541040195970936,T20170010048,2017-05-22,18,Yes,Collision with vehicle,Monday,U TURN,No,Dark No street lights,Not at intersection,Fatal accident,100,No,Non-Intersection,MOORABOOL,WESTERN REGION,3,1,1,0,0,2,3,0,0,1,1,0,0,1,0,0,0,0,0,0,No,0,2,0,1,1,0,Arterial Other,Arterial Other,Undivided,Undiv,Country,Dry,Clear,2,0,47.0,,2017
892,892,144.97717389474883,-37.877539680750324,T20170008811,2017-05-04,7,No,Collision with vehicle,Thursday,VEHICLE COLLIDES WITH VEHICLE PARKED ON LEFT OF ROAD,No,Day,Not at intersection,Fatal accident,60,No,Non-Intersection,PORT PHILLIP,METROPOLITAN NORTH WEST REGION,1,1,1,0,0,0,1,0,1,0,0,0,0,0,0,0,0,0,0,0,No,0,2,0,1,0,0,Arterial Other,Arterial Other,Divided,Div,Metro,Dry,Clear,1,0,51.0,,2017
893,893,146.38536766189446,-38.233164719823186,T20170015139,2017-08-05,15,Yes,Collision with a fixed object,Saturday,LEFT OFF CARRIAGEWAY INTO OBJECT/PARKED VEHICLE,No,Day,Not at intersection,Fatal accident,60,Yes,Non-Intersection,LATROBE,EASTERN REGION,1,1,1,0,0,0,1,0,0,0,1,0,0,0,0,0,0,0,0,0,No,0,1,0,1,0,0,Arterial Other,Arterial Other,Divided,Div,Country,Dry,Clear,1,0,28.0,,2017
894,894,147.08772442853774,-37.92395051510356,T20170015162,2017-08-05,20,Yes,Collision with a fixed object,Saturday,LEFT OFF CARRIAGEWAY INTO OBJECT/PARKED VEHICLE,No,Dark No street lights,Not at intersection,Fatal accident,100,Yes,Non-Intersection,WELLINGTON,EASTERN REGION,1,1,1,0,0,0,1,0,0,0,1,0,0,0,0,0,0,0,0,0,No,0,1,0,1,0,0,Arterial Other,Arterial Other,Undivided,Undiv,Country,Dry,Clear,1,0,27.0,,2017
895,895,144.89798326631455,-38.367676087294114,T20170013904,2017-07-17,10,No,Collision with a fixed object,Monday,LEFT OFF CARRIAGEWAY INTO OBJECT/PARKED VEHICLE,No,Day,T intersection,Fatal accident,40,Yes,Intersection,MORNINGTON PENINSULA,METROPOLITAN SOUTH EAST REGION,1,1,1,0,0,0,1,0,0,0,1,0,0,0,0,0,0,0,1,0,No,0,1,0,1,0,0,Local Road,Local Road,Undivided,Undiv,Metro,Dry,Not known,1,0,83.0,,2017
896,896,144.5743356180503,-37.54868969929193,T20170014368,2017-07-24,17,No,Collision with vehicle,Monday,HEAD ON(OVERTAKING),No,Day,Not at intersection,Fatal accident,100,No,Non-Intersection,MACEDON RANGES,NORTHERN REGION,3,1,1,0,0,2,3,0,0,0,3,0,0,0,0,0,0,0,0,0,No,0,3,1,2,0,0,Arterial Other,Arterial Other,Undivided,Undiv,Country,Dry,Clear,3,0,35.333333333333336,,2017
897,897,145.2071094263546,-37.95780993865478,T20170015199,2017-08-06,5,Yes,Collision with a fixed object,Sunday,RIGHT OFF CARRIAGEWAY INTO OBJECT/PARKED VEHICLE,No,Dark Street lights on,Not at intersection,Fatal accident,60,Yes,Non-Intersection,DANDENONG,METROPOLITAN SOUTH EAST REGION,1,1,1,0,0,0,1,0,0,0,1,0,0,0,0,0,0,0,0,1,No,0,1,0,1,0,0,Local Road,Local Road,Undivided,Undiv,Metro,Dry,Clear,1,0,23.0,,2017
898,898,145.13784002359438,-36.145425787425495,T20170013947,2017-07-18,15,No,Collision with a fixed object,Tuesday,LEFT OFF CARRIAGEWAY INTO OBJECT/PARKED VEHICLE,No,Day,Not at intersection,Fatal accident,100,Yes,Non-Intersection,MOIRA,NORTH EASTERN REGION,2,2,1,1,0,0,1,1,0,1,1,0,0,0,0,0,0,0,0,0,No,0,1,0,1,0,0,Arterial Highway,Arterial Highway,Undivided,Undiv,Country,Wet,Raining,1,0,61.0,,2017
899,899,145.07329481553117,-37.97213059566553,T20170013968,2017-07-18,17,No,Struck Pedestrian,Tuesday,FAR SIDE. PED HIT BY VEHICLE FROM THE LEFT,No,Dusk/Dawn,Not at intersection,Fatal accident,60,No,Non-Intersection,KINGSTON,METROPOLITAN SOUTH EAST REGION,2,2,1,1,0,0,1,1,0,0,0,1,0,1,0,0,0,1,0,0,No,0,1,0,0,1,0,Arterial Highway,Arterial Highway,Undivided,Undiv,Metro,Wet,Raining,1,0,23.0,,2017
900,900,144.74297001731003,-37.4532394825879,T20170013970,2017-07-18,19,Yes,Collision with vehicle,Tuesday,CROSS TRAFFIC(INTERSECTIONS ONLY),No,Dark No street lights,Cross intersection,Fatal accident,100,No,Intersection,MACEDON RANGES,NORTHERN REGION,2,2,1,1,0,0,2,0,0,0,2,0,0,0,0,0,0,0,0,1,No,0,2,0,2,0,0,Arterial Other,"Arterial Other,Local Road",Undivided,Undiv,Country,Dry,Clear,2,0,36.0,,2017
901,901,145.33582122877118,-38.03003690456071,T20170012395,2017-06-24,21,Yes,Struck Pedestrian,Saturday,PED NEAR SIDE. PED HIT BY VEHICLE FROM THE RIGHT.,No,Dark No street lights,Cross intersection,Fatal accident,80,No,Intersection,CASEY,METROPOLITAN SOUTH EAST REGION,4,1,1,0,0,3,3,1,0,2,1,1,0,0,0,0,0,1,0,1,No,0,1,0,1,0,0,Arterial Other,"Arterial Other,Local Road",Divided,"Div,Undiv",Metro,Dry,Clear,1,0,20.0,,2017
902,902,145.01087837168038,-37.9086310125273,T20170013288,2017-07-07,20,Yes,Collision with vehicle,Friday,LANE CHANGE RIGHT (NOT OVERTAKING),No,Dark Street lights on,Not at intersection,Fatal accident,80,No,Non-Intersection,BAYSIDE,METROPOLITAN SOUTH EAST REGION,3,1,1,0,0,2,2,1,0,1,1,0,0,1,0,0,0,0,0,0,No,1,2,0,1,1,0,Arterial Highway,Arterial Highway,Divided,Div,Metro,Dry,Clear,2,0,24.5,,2017
903,903,145.20803967816502,-37.99121195458889,T20170012887,2017-07-02,7,Yes,Collision with a fixed object,Sunday,OFF LEFT BEND INTO OBJECT/PARKED VEHICLE,No,Day,Not at intersection,Fatal accident,60,Yes,Non-Intersection,DANDENONG,METROPOLITAN SOUTH EAST REGION,1,1,1,0,0,0,1,0,0,0,0,0,0,1,0,0,0,0,0,0,No,0,1,0,0,1,0,Arterial Highway,Arterial Highway,Divided,Div,Metro,Dry,Clear,1,0,29.0,,2017
904,904,146.00179849390372,-36.92479999140285,T20170013290,2017-07-07,22,Yes,Collision with vehicle,Friday,HEAD ON (NOT OVERTAKING),No,Dark No street lights,Not at intersection,Fatal accident,100,No,Non-Intersection,MANSFIELD,NORTH EASTERN REGION,2,2,1,1,0,0,1,1,0,0,2,0,0,0,0,0,0,0,0,1,No,0,2,0,2,0,0,Arterial Highway,Arterial Highway,Undivided,Undiv,Country,Dry,Clear,1,1,23.0,58.0,2017
905,905,145.01251974215836,-37.688119976646654,T20170013293,2017-07-07,20,Yes,Collision with vehicle,Friday,VEHICLE COLLIDES WITH VEHICLE PARKED ON LEFT OF ROAD,No,Dark Street lights on,Not at intersection,Fatal accident,60,No,Non-Intersection,WHITTLESEA,METROPOLITAN NORTH WEST REGION,2,1,1,0,0,1,2,0,0,0,2,0,0,0,0,0,0,0,0,0,No,0,2,0,1,0,1,Arterial Other,Arterial Other,Undivided,Undiv,Metro,Dry,Clear,2,0,59.5,,2017
906,906,145.0085753165529,-37.81787539506632,T20170012923,2017-07-02,19,Yes,Struck Pedestrian,Sunday,FAR SIDE. PED HIT BY VEHICLE FROM THE LEFT,No,Dark No street lights,T intersection,Fatal accident,60,No,Intersection,YARRA,METROPOLITAN NORTH WEST REGION,2,1,1,0,0,1,1,1,0,0,1,1,0,0,0,0,0,1,0,0,No,0,1,0,1,0,0,Arterial Other,"Arterial Other,Local Road",Divided,"Div,Undiv",Metro,Dry,Clear,1,0,53.0,,2017
907,907,145.0117741840908,-37.76758179182071,T20170012462,2017-06-25,23,Yes,Collision with vehicle,Sunday,LEFT OFF CARRIAGEWAY INTO OBJECT/PARKED VEHICLE,No,Dark Street lights on,Cross intersection,Fatal accident,60,Yes,Intersection,DAREBIN,METROPOLITAN NORTH WEST REGION,2,2,1,0,1,0,2,0,0,0,2,0,0,0,0,0,0,0,0,1,No,0,4,0,4,0,0,Local Road,Local Road,Undivided,Undiv,Metro,Wet,Clear,2,0,26.0,,2017
908,908,144.9895373972578,-37.89778509585678,T20170012939,2017-07-03,9,No,Collision with vehicle,Monday,LEFT TURN SIDESWIPE,No,Day,Cross intersection,Fatal accident,50,No,Intersection,BAYSIDE,METROPOLITAN SOUTH EAST REGION,2,1,1,0,0,1,1,1,1,0,1,0,0,0,0,0,0,0,0,0,No,0,2,1,0,0,0,Arterial Other,"Arterial Other,Local Road",Undivided,Undiv,Metro,Dry,Clear,1,1,59.0,42.0,2017
909,909,145.49361013014834,-37.91083968404882,T20170013383,2017-07-09,13,No,Collision with vehicle,Sunday,HEAD ON (NOT OVERTAKING),No,Day,Not at intersection,Fatal accident,70,No,Non-Intersection,CARDINIA,METROPOLITAN SOUTH EAST REGION,4,4,1,3,0,0,2,2,0,2,2,0,0,0,0,0,0,0,0,0,No,0,2,0,2,0,0,Local Road,Local Road,Undivided,Undiv,Metro,Wet,Clear,2,0,45.0,,2017
910,910,145.31349856679404,-36.425514178325614,T20170012107,2017-06-20,15,No,Collision with vehicle,Tuesday,CROSS TRAFFIC(INTERSECTIONS ONLY),No,Day,Cross intersection,Fatal accident,100,No,Intersection,SHEPPARTON,NORTH EASTERN REGION,15,14,3,10,1,1,2,13,0,13,2,0,0,0,0,0,0,0,0,0,No,0,2,0,1,0,0,Local Road,Local Road,Undivided,Undiv,Country,Dry,Clear,2,0,50.0,,2017
911,911,145.31349856679404,-36.425514178325614,T20170012107,2017-06-20,15,No,Collision with vehicle,Tuesday,CROSS TRAFFIC(INTERSECTIONS ONLY),No,Day,Cross intersection,Fatal accident,100,No,Intersection,SHEPPARTON,NORTH EASTERN REGION,15,14,3,10,1,1,2,13,0,13,2,0,0,0,0,0,0,0,0,0,No,0,2,0,1,0,0,Local Road,Local Road,Undivided,Undiv,Country,Dry,Clear,2,0,50.0,,2017
912,912,145.31349856679404,-36.425514178325614,T20170012107,2017-06-20,15,No,Collision with vehicle,Tuesday,CROSS TRAFFIC(INTERSECTIONS ONLY),No,Day,Cross intersection,Fatal accident,100,No,Intersection,SHEPPARTON,NORTH EASTERN REGION,15,14,3,10,1,1,2,13,0,13,2,0,0,0,0,0,0,0,0,0,No,0,2,0,1,0,0,Local Road,Local Road,Undivided,Undiv,Country,Dry,Clear,2,0,50.0,,2017
913,913,145.00556071308657,-36.19910078797717,T20170017362,2017-09-09,8,No,Collision with vehicle,Saturday,CROSS TRAFFIC(INTERSECTIONS ONLY),No,Day,Cross intersection,Fatal accident,100,No,Intersection,CAMPASPE,NORTHERN REGION,7,7,2,1,4,0,3,4,0,5,2,0,0,0,0,0,0,0,0,0,No,0,2,0,2,0,0,Arterial Highway,"Arterial Highway,Local Road",Undivided,Undiv,Country,Dry,Clear,2,0,54.5,,2017
914,914,145.00556071308657,-36.19910078797717,T20170017362,2017-09-09,8,No,Collision with vehicle,Saturday,CROSS TRAFFIC(INTERSECTIONS ONLY),No,Day,Cross intersection,Fatal accident,100,No,Intersection,CAMPASPE,NORTHERN REGION,7,7,2,1,4,0,3,4,0,5,2,0,0,0,0,0,0,0,0,0,No,0,2,0,2,0,0,Arterial Highway,"Arterial Highway,Local Road",Undivided,Undiv,Country,Dry,Clear,2,0,54.5,,2017
915,915,145.2596540055246,-38.00456185539257,T20170017433,2017-09-10,12,No,Collision with vehicle,Sunday,HEAD ON (NOT OVERTAKING),No,Day,Not at intersection,Fatal accident,80,No,Non-Intersection,CASEY,METROPOLITAN SOUTH EAST REGION,5,3,1,2,0,2,2,3,0,2,3,0,0,0,0,0,0,0,0,1,No,0,3,0,3,0,0,Arterial Highway,Arterial Highway,Divided,Div,Metro,Dry,Clear,1,2,32.0,32.0,2017
916,916,145.13298281713796,-38.114453337579754,T20170018702,2017-10-01,1,Yes,Collision with a fixed object,Sunday,OFF RIGHT BEND INTO OBJECT/PARKED VEHICLE,No,Dark No street lights,Not at intersection,Fatal accident,60,Yes,Non-Intersection,FRANKSTON,METROPOLITAN SOUTH EAST REGION,3,3,1,0,2,0,2,1,0,2,1,0,0,0,0,0,0,0,0,0,No,1,1,0,1,0,0,Local Road,Local Road,Undivided,Undiv,Metro,Dry,Clear,1,0,28.0,,2017
917,917,145.11293286897518,-37.77958079686544,T20170017890,2017-09-17,13,No,Collision with a fixed object,Sunday,OFF RIGHT BEND INTO OBJECT/PARKED VEHICLE,No,Day,Not at intersection,Fatal accident,60,Yes,Non-Intersection,MANNINGHAM,METROPOLITAN SOUTH EAST REGION,4,2,1,1,0,2,3,1,0,1,1,1,0,1,0,0,0,0,0,1,No,0,2,0,1,1,0,Arterial Other,Arterial Other,Undivided,Undiv,Metro,Dry,Clear,2,0,26.5,,2017
918,918,147.6035781255462,-37.070740647038065,T20170018346,2017-09-24,16,Yes,Collision with vehicle,Sunday,HEAD ON (NOT OVERTAKING),No,Day,Not at intersection,Fatal accident,80,No,Non-Intersection,EAST GIPPSLAND,EASTERN REGION,3,3,2,1,0,0,1,2,0,1,2,0,0,0,0,0,0,0,0,1,Yes,0,2,0,2,0,0,Arterial Other,Arterial Other,Undivided,Undiv,Country,Dry,Clear,1,1,68.0,18.0,2017
919,919,147.6035781255462,-37.070740647038065,T20170018346,2017-09-24,16,Yes,Collision with vehicle,Sunday,HEAD ON (NOT OVERTAKING),No,Day,Not at intersection,Fatal accident,80,No,Non-Intersection,EAST GIPPSLAND,EASTERN REGION,3,3,2,1,0,0,1,2,0,1,2,0,0,0,0,0,0,0,0,1,Yes,0,2,0,2,0,0,Arterial Other,Arterial Other,Undivided,Undiv,Country,Dry,Clear,1,1,68.0,18.0,2017
920,920,144.82426454905044,-37.07560947727684,T20170017080,2017-09-04,16,No,Collision with vehicle,Monday,HEAD ON (NOT OVERTAKING),No,Day,Not at intersection,Fatal accident,100,No,Non-Intersection,MITCHELL,NORTHERN REGION,2,2,1,1,0,0,1,1,0,0,2,0,0,0,0,0,0,0,0,0,No,0,2,0,2,0,0,Arterial Highway,Arterial Highway,Undivided,Undiv,Country,Icy,Raining,1,1,60.0,40.0,2017
921,921,143.7288817163746,-38.05515609442895,T20170018400,2017-09-25,17,No,Collision with vehicle,Monday,HEAD ON (NOT OVERTAKING),No,Dark No street lights,Not at intersection,Fatal accident,100,No,Non-Intersection,COLAC OTWAY,SOUTH WESTERN REGION,2,2,1,1,0,0,2,0,0,0,2,0,0,0,0,0,0,0,0,0,No,0,2,1,1,0,0,Arterial Highway,Arterial Highway,Undivided,Undiv,Country,Dry,Clear,2,0,42.0,,2017
922,922,145.0202664000858,-36.59838926516211,T20170017595,2017-09-13,7,No,Collision with a fixed object,Wednesday,LEFT OFF CARRIAGEWAY INTO OBJECT/PARKED VEHICLE,No,Day,Not at intersection,Fatal accident,100,Yes,Non-Intersection,CAMPASPE,NORTHERN REGION,1,1,1,0,0,0,1,0,0,0,1,0,0,0,0,0,0,0,0,1,No,0,1,0,1,0,0,Local Road,Local Road,Undivided,Undiv,Country,Dry,Clear,1,0,21.0,,2017
923,923,144.17906381188368,-37.591367016296104,T20170018004,2017-09-19,14,No,Collision with vehicle,Tuesday,LANE CHANGE LEFT (NOT OVERTAKING),Yes,Day,Not at intersection,Fatal accident,110,No,Non-Intersection,MOORABOOL,WESTERN REGION,3,1,1,0,0,2,2,1,0,1,2,0,0,0,0,0,0,0,0,0,No,0,3,2,1,0,0,Freeway,Freeway,Divided,Div,Country,Dry,Clear,2,0,29.0,,2017
924,924,144.23541614776687,-38.077907769690455,T20170018051,2017-09-20,11,No,Collision with a fixed object,Wednesday,LEFT OFF CARRIAGEWAY INTO OBJECT/PARKED VEHICLE,No,Day,Not at intersection,Fatal accident,100,Yes,Non-Intersection,GOLDEN PLAINS,SOUTH WESTERN REGION,1,1,1,0,0,0,0,1,0,0,1,0,0,0,0,0,0,0,0,1,No,0,1,0,1,0,0,Arterial Highway,Arterial Highway,Undivided,Undiv,Country,Dry,Clear,0,1,,18.0,2017