,Unnamed: 0,X,Y,ACCIDENT_NO,ACCIDENT_DATE,ACCIDENT_TIME,ALCOHOLTIME,ACCIDENT_TYPE,DAY_OF_WEEK,DCA_CODE,HIT_RUN_FLAG,LIGHT_CONDITION,ROAD_GEOMETRY,SEVERITY,SPEED_ZONE,RUN_OFFROAD,NODE_TYPE,LGA_NAME,REGION_NAME,TOTAL_PERSONS,INJ_OR_FATAL,FATALITY,SERIOUSINJURY,OTHERINJURY,NONINJURED,MALES,FEMALES,BICYCLIST,PASSENGER,DRIVER,PEDESTRIAN,PILLION,MOTORIST,UNKNOWN,PED_CYCLIST_5_12,PED_CYCLIST_13_18,OLD_PEDESTRIAN,OLD_DRIVER,YOUNG_DRIVER,ALCOHOL_RELATED,UNLICENCSED,NO_OF_VEHICLES,HEAVYVEHICLE,PASSENGERVEHICLE,MOTORCYCLE,PUBLICVEHICLE,RMA,RMA_ALL,DIVIDED,DIVIDED_ALL,STAT_DIV_NAME,Surface Cond Desc,Atmosph Cond Desc,no_male_driver,no_female_driver,avg_age_male,avg_age_female,year
925,925,145.08502635344703,-38.00806863829917,T20170017264,2017-09-07,16,No,Struck Pedestrian,Thursday,FAR SIDE. PED HIT BY VEHICLE FROM THE LEFT,No,Day,Cross intersection,Fatal accident,60,No,Intersection,KINGSTON,METROPOLITAN SOUTH EAST REGION,2,1,1,0,0,1,2,0,0,0,1,1,0,0,0,0,0,1,0,0,No,0,1,0,0,0,1,Arterial Other,"Arterial Other,Local Road",Undivided,Undiv,Metro,Wet,Clear,1,0,41.0,,2017
926,926,144.44246868003503,-37.66306398944598,T20170017339,2017-09-08,19,Yes,Collision with vehicle,Friday,HEAD ON (NOT OVERTAKING),No,Dark Street lights on,Not at intersection,Fatal accident,50,No,Non-Intersection,MOORABOOL,WESTERN REGION,2,1,1,0,0,1,2,0,0,0,1,0,0,1,0,0,0,0,0,0,No,0,2,0,1,1,0,Local Road,Local Road,Undivided,Undiv,Country,Dry,Clear,2,0,50.0,,2017
927,927,144.89180250032138,-37.791878742615815,T20170016029,2017-08-18,15,No,Collision with a fixed object,Friday,LEFT OFF CARRIAGEWAY INTO OBJECT/PARKED VEHICLE,No,Day,Not at intersection,Fatal accident,60,Yes,Non-Intersection,MARIBYRNONG,METROPOLITAN NORTH WEST REGION,3,2,1,1,0,1,2,1,0,0,1,0,1,1,0,0,0,0,0,0,No,0,2,0,1,1,0,Arterial Other,Arterial Other,Undivided,Undiv,Metro,Wet,Raining,2,0,34.5,,2017
928,928,143.1486816923064,-38.627896156553,T20170016971,2017-09-02,19,Yes,Collision with a fixed object,Saturday,OFF RIGHT BEND INTO OBJECT/PARKED VEHICLE,No,Dark No street lights,Not at intersection,Fatal accident,100,Yes,Non-Intersection,CORANGAMITE,SOUTH WESTERN REGION,1,1,1,0,0,0,1,0,0,0,0,0,0,1,0,0,0,0,0,0,No,0,1,0,0,1,0,Arterial Other,Arterial Other,Undivided,Undiv,Country,Dry,Clear,1,0,46.0,,2017
929,929,144.5863165057111,-37.67303648371928,T20170016979,2017-09-03,4,Yes,Collision with a fixed object,Sunday,OFF RIGHT BEND INTO OBJECT/PARKED VEHICLE,No,Dark Street lights on,Not at intersection,Fatal accident,50,Yes,Non-Intersection,MELTON,METROPOLITAN NORTH WEST REGION,1,1,1,0,0,0,1,0,0,0,0,0,0,1,0,0,0,0,0,0,No,0,1,0,0,1,0,Local Road,Local Road,Undivided,Undiv,Metro,Dry,Clear,1,0,20.0,,2017
930,930,143.8294427315459,-35.81545458615808,T20170016549,2017-08-27,0,Yes,Collision with a fixed object,Sunday,OFF LEFT BEND INTO OBJECT/PARKED VEHICLE,No,Dark No street lights,Not at intersection,Fatal accident,100,Yes,Non-Intersection,GANNAWARRA,NORTHERN REGION,5,5,3,2,0,0,5,0,0,1,1,0,0,0,3,0,0,0,0,1,No,0,1,0,1,0,0,Arterial Other,Arterial Other,Undivided,Undiv,Country,Dry,Clear,1,0,21.0,,2017
931,931,143.8294427315459,-35.81545458615808,T20170016549,2017-08-27,0,Yes,Collision with a fixed object,Sunday,OFF LEFT BEND INTO OBJECT/PARKED VEHICLE,No,Dark No street lights,Not at intersection,Fatal accident,100,Yes,Non-Intersection,GANNAWARRA,NORTHERN REGION,5,5,3,2,0,0,5,0,0,1,1,0,0,0,3,0,0,0,0,1,No,0,1,0,1,0,0,Arterial Other,Arterial Other,Undivided,Undiv,Country,Dry,Clear,1,0,21.0,,2017
932,932,143.8294427315459,-35.81545458615808,T20170016549,2017-08-27,0,Yes,Collision with a fixed object,Sunday,OFF LEFT BEND INTO OBJECT/PARKED VEHICLE,No,Dark No street lights,Not at intersection,Fatal accident,100,Yes,Non-Intersection,GANNAWARRA,NORTHERN REGION,5,5,3,2,0,0,5,0,0,1,1,0,0,0,3,0,0,0,0,1,No,0,1,0,1,0,0,Arterial Other,Arterial Other,Undivided,Undiv,Country,Dry,Clear,1,0,21.0,,2017
933,933,145.58214190465142,-38.31273571582266,T20170017006,2017-09-03,14,No,Collision with vehicle,Sunday,HEAD ON (NOT OVERTAKING),No,Day,Not at intersection,Fatal accident,100,No,Non-Intersection,BASS COAST,EASTERN REGION,4,2,1,0,1,2,2,2,0,1,3,0,0,0,0,0,0,0,1,0,No,0,3,0,3,0,0,Arterial Highway,Arterial Highway,Undivided,Undiv,Metro,Dry,Clear,2,1,51.5,77.0,2017
934,934,145.2436412807297,-38.02666574807455,T20170016587,2017-08-27,17,Yes,Collision with vehicle,Sunday,RIGHT NEAR (INTERSECTIONS ONLY),No,Dark Street lights on,Cross intersection,Fatal accident,80,No,Intersection,DANDENONG,METROPOLITAN SOUTH EAST REGION,6,2,1,1,0,4,3,3,0,4,2,0,0,0,0,0,0,0,0,0,No,0,2,0,2,0,0,Arterial Highway,"Arterial Highway,Local Road,Arterial Other",Divided,Div,Metro,Dry,Clear,1,1,55.0,50.0,2017
935,935,144.90398621175154,-37.79669372376932,T20170016596,2017-08-28,0,Yes,Struck Pedestrian,Monday,FAR SIDE. PED HIT BY VEHICLE FROM THE LEFT,No,Dark Street lights on,Cross intersection,Fatal accident,60,No,Intersection,MARIBYRNONG,METROPOLITAN NORTH WEST REGION,2,2,1,1,0,0,2,0,0,0,0,1,0,1,0,0,0,0,0,0,No,0,3,0,2,1,0,Arterial Other,"Arterial Other,Local Road",Undivided,Undiv,Metro,Wet,Raining,1,0,29.0,,2017
936,936,145.52496380070963,-37.74147731140079,T20170017015,2017-09-03,16,Yes,Collision with vehicle,Sunday,HEAD ON (NOT OVERTAKING),No,Day,Not at intersection,Fatal accident,80,No,Non-Intersection,YARRA RANGES,METROPOLITAN SOUTH EAST REGION,3,3,1,0,2,0,3,0,0,1,2,0,0,0,0,0,0,0,0,0,No,0,2,0,2,0,0,Arterial Other,Arterial Other,Undivided,Undiv,Metro,Dry,Clear,2,0,32.5,,2017
937,937,144.27554163047228,-37.05284843868029,T20170015693,2017-08-09,11,No,Collision with a fixed object,Wednesday,OFF RIGHT BEND INTO OBJECT/PARKED VEHICLE,No,Day,Not at intersection,Fatal accident,100,Yes,Non-Intersection,MOUNT ALEXANDER,NORTHERN REGION,1,1,1,0,0,0,1,0,0,0,0,0,0,1,0,0,0,0,0,0,No,0,1,0,0,1,0,Local Road,Local Road,Undivided,Undiv,Country,Dry,Clear,1,0,65.0,,2017
938,938,145.67358118190197,-38.22394278102719,T20170015698,2017-08-13,13,No,Collision with vehicle,Sunday,OTHER SAME DIRECTION-MANOUEVRES NOT INCLUDED IN DCAs 130-137,No,Day,Not at intersection,Fatal accident,100,No,Non-Intersection,CARDINIA,METROPOLITAN SOUTH EAST REGION,4,2,1,0,1,2,4,0,2,1,1,0,0,0,0,0,0,0,0,0,No,0,3,0,1,0,0,Local Road,Local Road,Undivided,Undiv,Metro,Dry,Clear,3,0,56.33333333333334,,2017
939,939,144.8832857216888,-37.81376948074744,T20170016683,2017-08-29,6,No,Collision with vehicle,Tuesday,VEHICLE COLLIDES WITH VEHICLE PARKED ON LEFT OF ROAD,No,Dusk/Dawn,Not at intersection,Fatal accident,60,No,Non-Intersection,MARIBYRNONG,METROPOLITAN NORTH WEST REGION,2,1,1,0,0,1,2,0,0,0,1,0,0,1,0,0,0,0,0,0,No,0,2,1,0,1,0,Arterial Other,Arterial Other,Undivided,Undiv,Metro,Dry,Clear,2,0,38.5,,2017
940,940,142.26501696387862,-37.663063280720046,T20170015835,2017-08-15,18,Yes,Collision with vehicle,Tuesday,HEAD ON (NOT OVERTAKING),No,Dusk/Dawn,Not at intersection,Fatal accident,100,No,Non-Intersection,SOUTHERN GRAMPIANS,SOUTH WESTERN REGION,2,2,1,1,0,0,1,1,0,0,2,0,0,0,0,0,0,0,1,0,No,0,2,0,2,0,0,Arterial Highway,Arterial Highway,Undivided,Undiv,Country,Wet,Raining,1,1,61.0,80.0,2017
941,941,142.26501696387862,-37.663063280720046,T20170015835,2017-08-15,18,Yes,Collision with vehicle,Tuesday,HEAD ON (NOT OVERTAKING),No,Dusk/Dawn,Not at intersection,Fatal accident,100,No,Non-Intersection,SOUTHERN GRAMPIANS,SOUTH WESTERN REGION,2,2,1,1,0,0,1,1,0,0,2,0,0,0,0,0,0,0,1,0,No,0,2,0,2,0,0,Arterial Highway,Arterial Highway,Undivided,Undiv,Country,Wet,Strong winds,1,1,61.0,80.0,2017
942,942,145.0291520818791,-37.684526930514046,T20170015845,2017-08-15,18,Yes,Collision with vehicle,Tuesday,RIGHT THROUGH,No,Dark Street lights on,T intersection,Fatal accident,60,No,Intersection,WHITTLESEA,METROPOLITAN NORTH WEST REGION,6,6,1,4,1,0,5,1,0,4,2,0,0,0,0,0,0,0,0,1,No,0,2,0,2,0,0,Arterial Other,"Arterial Other,Local Road",Divided,"Div,Undiv",Metro,Dry,Clear,2,0,34.5,,2017
943,943,145.30705334764508,-38.1408504287037,T20170015437,2017-08-09,19,Yes,Collision with vehicle,Wednesday,VEHICLE STRIKES ANOTHER VEH WHILE EMERGING FROM DRIVEWAY,No,Dark Street lights on,T intersection,Fatal accident,100,No,Intersection,CASEY,METROPOLITAN SOUTH EAST REGION,3,3,2,1,0,0,1,2,0,1,2,0,0,0,0,0,0,0,0,0,Yes,1,2,0,2,0,0,Arterial Highway,"Arterial Highway,Local Road",Divided,"Div,Undiv",Metro,Dry,Clear,1,1,26.0,44.0,2017
944,944,145.30705334764508,-38.1408504287037,T20170015437,2017-08-09,19,Yes,Collision with vehicle,Wednesday,VEHICLE STRIKES ANOTHER VEH WHILE EMERGING FROM DRIVEWAY,No,Dark Street lights on,T intersection,Fatal accident,100,No,Intersection,CASEY,METROPOLITAN SOUTH EAST REGION,3,3,2,1,0,0,1,2,0,1,2,0,0,0,0,0,0,0,0,0,Yes,1,2,0,2,0,0,Arterial Highway,"Arterial Highway,Local Road",Divided,"Div,Undiv",Metro,Dry,Clear,1,1,26.0,44.0,2017
945,945,145.92367213030252,-36.57619767206274,T20170015876,2017-08-16,10,No,Collision with vehicle,Wednesday,REAR END(VEHICLES IN SAME LANE),No,Day,Not at intersection,Fatal accident,110,No,Non-Intersection,BENALLA,NORTH EASTERN REGION,2,1,1,0,0,1,2,0,0,0,2,0,0,0,0,0,0,0,1,0,No,0,2,1,1,0,0,Freeway,Freeway,Divided,Div,Country,Dry,Clear,2,0,59.0,,2017
946,946,145.6192356317162,-35.96984841840549,T20170015877,2017-08-16,12,No,Collision with vehicle,Wednesday,CROSS TRAFFIC(INTERSECTIONS ONLY),No,Day,Cross intersection,Fatal accident,100,No,Intersection,MOIRA,NORTH EASTERN REGION,2,2,1,1,0,0,2,0,0,0,2,0,0,0,0,0,0,0,0,0,No,0,2,1,1,0,0,Arterial Other,"Arterial Other,Local Road",Undivided,Undiv,Country,Dry,Clear,2,0,62.5,,2017
947,947,143.86085368341054,-37.55768245606817,T20170016433,2017-08-25,1,Yes,Collision with a fixed object,Friday,OFF LEFT BEND INTO OBJECT/PARKED VEHICLE,No,Dark Street lights on,Not at intersection,Fatal accident,50,Yes,Non-Intersection,BALLARAT,WESTERN REGION,2,2,2,0,0,0,2,0,0,1,1,0,0,0,0,0,0,0,0,1,No,0,1,0,1,0,0,Local Road,Local Road,Undivided,Undiv,Country,Dry,Clear,1,0,21.0,,2017
948,948,143.86085368341054,-37.55768245606817,T20170016433,2017-08-25,1,Yes,Collision with a fixed object,Friday,OFF LEFT BEND INTO OBJECT/PARKED VEHICLE,No,Dark Street lights on,Not at intersection,Fatal accident,50,Yes,Non-Intersection,BALLARAT,WESTERN REGION,2,2,2,0,0,0,2,0,0,1,1,0,0,0,0,0,0,0,0,1,No,0,1,0,1,0,0,Local Road,Local Road,Undivided,Undiv,Country,Dry,Clear,1,0,21.0,,2017
949,949,146.534497017788,-36.13205080836838,T20170015504,2017-08-10,15,No,Collision with a fixed object,Thursday,LEFT OFF CARRIAGEWAY INTO OBJECT/PARKED VEHICLE,No,Day,Not at intersection,Fatal accident,100,Yes,Non-Intersection,INDIGO,NORTH EASTERN REGION,1,1,1,0,0,0,1,0,0,0,1,0,0,0,0,0,0,0,0,0,No,1,1,0,1,0,0,Local Road,Local Road,Undivided,Undiv,Country,Dry,Clear,1,0,35.0,,2017
950,950,145.11759041223405,-38.001193814017405,T20170015514,2017-08-11,5,Yes,Collision with vehicle,Friday,VEHICLE STRIKES ANOTHER VEH WHILE EMERGING FROM DRIVEWAY,No,Dark Street lights on,Not at intersection,Fatal accident,60,No,Non-Intersection,KINGSTON,METROPOLITAN SOUTH EAST REGION,3,1,1,0,0,2,1,2,0,1,2,0,0,0,0,0,0,0,0,0,No,0,2,0,1,0,0,Local Road,Local Road,Undivided,Undiv,Metro,Dry,Clear,0,1,,70.0,2017
951,951,145.43179753004284,-36.038528280727405,T20170015965,2017-08-17,21,Yes,Struck Pedestrian,Thursday,PED PLAYING/LYING/WORKING/STANDING ON CARRIAGEWAY.,No,Dark No street lights,T intersection,Fatal accident,100,No,Intersection,MOIRA,NORTH EASTERN REGION,3,2,1,0,1,1,3,0,0,0,1,1,0,0,1,0,0,0,0,0,No,0,2,0,2,0,0,Arterial Highway,"Arterial Highway,Local Road",Undivided,Undiv,Country,Dry,Clear,1,0,53.0,,2017
952,952,145.32437900914172,-36.34002918036428,T20170016875,2017-09-01,10,No,Collision with vehicle,Friday,LEFT REAR,No,Day,Not at intersection,Fatal accident,100,No,Non-Intersection,SHEPPARTON,NORTH EASTERN REGION,4,3,1,0,2,1,2,2,0,1,3,0,0,0,0,0,0,0,0,1,No,0,3,0,3,0,0,Arterial Other,Arterial Other,Undivided,Undiv,Country,Dry,Clear,2,1,47.5,20.0,2017
953,953,145.15437826209498,-35.929603837598854,T20170015532,2017-08-11,6,No,Collision with a fixed object,Friday,LEFT OFF CARRIAGEWAY INTO OBJECT/PARKED VEHICLE,No,Day,Not at intersection,Fatal accident,100,Yes,Non-Intersection,MOIRA,NORTH EASTERN REGION,1,1,1,0,0,0,1,0,0,0,1,0,0,0,0,0,0,0,0,0,No,0,1,0,1,0,0,Local Road,Local Road,Undivided,Undiv,Country,Dry,Clear,1,0,52.0,,2017
954,954,147.98164093582588,-36.1636874682936,T20170021132,2017-11-05,17,Yes,Collision with vehicle,Sunday,HEAD ON (NOT OVERTAKING),No,Day,Not at intersection,Fatal accident,100,No,Non-Intersection,TOWONG,NORTH EASTERN REGION,2,1,1,0,0,1,1,1,0,0,1,0,0,1,0,0,0,0,0,0,No,0,2,0,1,1,0,Arterial Highway,Arterial Highway,Undivided,Undiv,Country,Dry,Clear,1,1,32.0,58.0,2017
955,955,143.84475865087126,-37.51746966776757,T20170021160,2017-11-06,12,No,Collision with vehicle,Monday,RIGHT NEAR (INTERSECTIONS ONLY),No,Day,Multiple intersection,Fatal accident,80,No,Non-Intersection,BALLARAT,WESTERN REGION,3,1,1,0,0,2,3,0,0,1,2,0,0,0,0,0,0,0,1,0,No,0,2,0,1,0,0,Arterial Highway,Arterial Highway,Undivided,Undiv,Country,Dry,Clear,2,0,58.0,,2017
956,956,145.16357923755862,-37.88882432499792,T20170021968,2017-11-18,1,Yes,Collision with vehicle,Saturday,REAR END(VEHICLES IN SAME LANE),No,Dark Street lights on,Not at intersection,Fatal accident,60,No,Non-Intersection,MONASH,METROPOLITAN SOUTH EAST REGION,2,2,1,1,0,0,2,0,0,0,2,0,0,0,0,0,0,0,0,0,No,0,4,0,4,0,0,Arterial Other,Arterial Other,Divided,Div,Metro,Wet,Raining,2,0,41.0,,2017
957,957,145.15976047484205,-37.24046913193828,T20170021187,2017-11-06,13,No,Collision with a fixed object,Monday,OFF LEFT BEND INTO OBJECT/PARKED VEHICLE,No,Day,Not at intersection,Fatal accident,100,Yes,Non-Intersection,MITCHELL,NORTHERN REGION,4,4,1,1,2,0,2,2,0,3,1,0,0,0,0,0,0,0,0,0,No,0,1,0,1,0,0,Arterial Other,Arterial Other,Undivided,Undiv,Country,Dry,Clear,1,0,36.0,,2017
958,958,145.01161382006532,-37.769530121523964,T20170021612,2017-11-13,8,No,Collision with vehicle,Monday,LEFT TURN SIDESWIPE,Not known,Day,Not at intersection,Fatal accident,50,No,Non-Intersection,DAREBIN,METROPOLITAN NORTH WEST REGION,2,1,1,0,0,1,2,0,1,0,1,0,0,0,0,0,0,0,0,0,No,0,2,1,0,0,0,Local Road,Local Road,Undivided,Undiv,Metro,Dry,Not known,2,0,31.5,,2017
959,959,145.89546045350357,-38.732369825245684,T20170022040,2017-11-18,22,Yes,Collision with a fixed object,Saturday,OFF LEFT BEND INTO OBJECT/PARKED VEHICLE,No,Dark No street lights,Not at intersection,Fatal accident,100,Yes,Non-Intersection,SOUTH GIPPSLAND,EASTERN REGION,1,1,1,0,0,0,1,0,0,0,1,0,0,0,0,0,0,0,0,0,No,0,1,0,1,0,0,Local Road,Local Road,Undivided,Undiv,Country,Dry,Clear,1,0,66.0,,2017
960,960,145.20073579222887,-37.82698504917017,T20170021306,2017-11-08,16,No,Collision with vehicle,Wednesday,CROSS TRAFFIC(INTERSECTIONS ONLY),Yes,Day,Cross intersection,Fatal accident,50,No,Intersection,WHITEHORSE,METROPOLITAN SOUTH EAST REGION,5,1,1,0,0,4,5,0,0,3,1,0,0,1,0,0,0,0,0,0,No,0,2,0,1,1,0,Local Road,Local Road,Undivided,Undiv,Metro,Dry,Clear,2,0,25.0,,2017
961,961,145.17532099540017,-38.145450268042886,T20170020902,2017-11-01,21,Yes,Struck Pedestrian,Wednesday,FAR SIDE. PED HIT BY VEHICLE FROM THE LEFT,No,Dark Street lights on,Not at intersection,Fatal accident,70,No,Non-Intersection,FRANKSTON,METROPOLITAN SOUTH EAST REGION,2,1,1,0,0,1,2,0,0,0,1,1,0,0,0,0,0,0,0,0,No,0,1,0,1,0,0,Local Road,Local Road,Undivided,Undiv,Metro,Dry,Clear,1,0,61.0,,2017
962,962,145.1003904565007,-37.91126733219958,T20170020913,2017-11-02,2,Yes,Collision with a fixed object,Thursday,LEFT OFF CARRIAGEWAY INTO OBJECT/PARKED VEHICLE,No,Dark Street lights on,T intersection,Fatal accident,80,Yes,Non-Intersection,MONASH,METROPOLITAN SOUTH EAST REGION,1,1,1,0,0,0,1,0,0,0,1,0,0,0,0,0,0,0,0,0,No,0,1,0,1,0,0,Arterial Highway,Arterial Highway,Divided,Div,Metro,Dry,Clear,1,0,38.0,,2017
963,963,144.95665943437794,-37.296492899619935,T20170021756,2017-11-15,9,No,Collision with vehicle,Wednesday,REAR END(VEHICLES IN SAME LANE),No,Day,Not at intersection,Fatal accident,50,No,Non-Intersection,MITCHELL,NORTHERN REGION,2,1,1,0,0,1,2,0,0,0,2,0,0,0,0,0,0,0,1,0,No,0,2,1,1,0,0,Local Road,Local Road,Undivided,Undiv,Country,Dry,Clear,1,0,84.0,,2017
964,964,144.21142773429276,-36.810666002237156,T20170021393,2017-11-10,2,Yes,Collision with vehicle,Friday,HEAD ON (NOT OVERTAKING),No,Dark No street lights,Not at intersection,Fatal accident,100,No,Non-Intersection,BENDIGO,NORTHERN REGION,2,1,1,0,0,1,2,0,0,0,2,0,0,0,0,0,0,0,0,0,No,0,2,0,2,0,0,Arterial Other,Arterial Other,Undivided,Undiv,Country,Dry,Clear,2,0,44.5,,2017
965,965,143.6070904274438,-38.0245702179764,T20170021021,2017-11-03,16,Yes,Collision with vehicle,Friday,STRUCK TRAIN,No,Day,Not at intersection,Fatal accident,100,No,Non-Intersection,CORANGAMITE,SOUTH WESTERN REGION,3,1,1,0,0,2,2,1,0,0,2,0,0,0,1,0,0,0,0,0,No,0,2,0,1,0,0,Local Road,Local Road,Undivided,Undiv,Country,Dry,Clear,0,1,,46.0,2017
966,966,145.645979132156,-36.72999085835982,T20170021090,2017-11-05,2,Yes,Vehicle overturned (no collision),Sunday,OUT OF CONTROL ON CARRIAGEWAY (ON BEND),No,Dark No street lights,Not at intersection,Fatal accident,80,No,Non-Intersection,STRATHBOGIE,NORTH EASTERN REGION,5,5,1,1,3,0,5,0,0,4,1,0,0,0,0,0,0,0,0,1,Yes,0,1,0,1,0,0,Local Road,Local Road,Undivided,Undiv,Country,Dry,Clear,1,0,19.0,,2017
967,967,143.55135053009673,-38.51016975039832,T20170021508,2017-11-11,14,Yes,Collision with a fixed object,Saturday,OFF RIGHT BEND INTO OBJECT/PARKED VEHICLE,No,Day,Not at intersection,Fatal accident,Camping grounds or off road,Yes,Non-Intersection,COLAC OTWAY,SOUTH WESTERN REGION,3,3,1,0,2,0,1,2,0,2,1,0,0,0,0,0,0,0,0,1,No,0,1,0,1,0,0,Local Road,Local Road,Undivided,Undiv,Country,Dry,Clear,1,0,20.0,,2017
968,968,145.06009081517414,-37.86818102277449,T20170021881,2017-11-17,1,Yes,Collision with a fixed object,Friday,LEFT OFF CARRIAGEWAY INTO OBJECT/PARKED VEHICLE,No,Dark Street lights on,Not at intersection,Fatal accident,50,Yes,Non-Intersection,STONNINGTON,METROPOLITAN SOUTH EAST REGION,2,2,1,1,0,0,2,0,0,1,1,0,0,0,0,0,0,0,0,1,No,0,1,0,1,0,0,Local Road,Local Road,Undivided,Undiv,Metro,Dry,Clear,1,0,18.0,,2017
969,969,144.38929239238854,-37.134609556583854,T20170021096,2017-11-05,9,Yes,Struck animal,Sunday,STRUCK ANIMAL,No,Day,Not at intersection,Fatal accident,100,No,Non-Intersection,MOUNT ALEXANDER,NORTHERN REGION,1,1,1,0,0,0,1,0,0,0,0,0,0,1,0,0,0,0,0,0,No,0,1,0,0,1,0,Freeway,Freeway,Divided,Div,Country,Dry,Clear,1,0,60.0,,2017
970,970,146.9098686307461,-37.906238886310476,T20170021109,2017-11-05,13,No,Collision with vehicle,Sunday,CROSS TRAFFIC(INTERSECTIONS ONLY),No,Day,Cross intersection,Fatal accident,100,No,Intersection,WELLINGTON,EASTERN REGION,4,2,2,0,0,2,3,1,0,2,2,0,0,0,0,0,0,0,0,0,No,0,2,0,2,0,0,Local Road,Local Road,Undivided,Undiv,Country,Dry,Clear,2,0,57.5,,2017
971,971,146.9098686307461,-37.906238886310476,T20170021109,2017-11-05,13,No,Collision with vehicle,Sunday,CROSS TRAFFIC(INTERSECTIONS ONLY),No,Day,Cross intersection,Fatal accident,100,No,Intersection,WELLINGTON,EASTERN REGION,4,2,2,0,0,2,3,1,0,2,2,0,0,0,0,0,0,0,0,0,No,0,2,0,2,0,0,Local Road,Local Road,Undivided,Undiv,Country,Dry,Clear,2,0,57.5,,2017
972,972,145.45670999951147,-37.6834481993594,T20170021111,2017-11-05,14,No,Collision with vehicle,Sunday,RIGHT REAR.,No,Day,Not at intersection,Fatal accident,80,No,Non-Intersection,YARRA RANGES,METROPOLITAN SOUTH EAST REGION,5,4,1,1,2,1,2,3,0,2,3,0,0,0,0,0,0,0,1,0,No,0,3,0,3,0,0,Arterial Highway,Arterial Highway,Undivided,Undiv,Metro,Dry,Clear,2,1,74.5,58.0,2017
973,973,144.3581978726633,-38.16512760305078,T20170021516,2017-11-11,14,Yes,Collision with vehicle,Saturday,RIGHT THROUGH,No,Day,T intersection,Fatal accident,60,No,Intersection,GEELONG,SOUTH WESTERN REGION,4,1,1,0,0,3,4,0,0,2,2,0,0,0,0,0,0,0,0,0,No,0,2,0,1,0,0,Local Road,Local Road,Undivided,Undiv,Country,Dry,Clear,2,0,37.5,,2017
974,974,146.94684886571002,-36.16642071522447,T20170019467,2017-10-13,3,Yes,Collision with a fixed object,Friday,LEFT OFF CARRIAGEWAY INTO OBJECT/PARKED VEHICLE,No,Dark No street lights,Not at intersection,Fatal accident,80,Yes,Non-Intersection,WODONGA,NORTH EASTERN REGION,1,1,1,0,0,0,1,0,0,0,1,0,0,0,0,0,0,0,0,1,No,0,1,0,1,0,0,Arterial Other,Arterial Other,Undivided,Undiv,Country,Dry,Clear,1,0,18.0,,2017
975,975,145.12858864658608,-37.81866106000192,T20170019087,2017-10-07,8,No,Struck Pedestrian,Saturday,PED NEAR SIDE. PED HIT BY VEHICLE FROM THE RIGHT.,No,Day,T intersection,Fatal accident,60,No,Intersection,WHITEHORSE,METROPOLITAN SOUTH EAST REGION,2,1,1,0,0,1,2,0,0,0,1,1,0,0,0,0,0,1,0,0,Yes,0,1,0,1,0,0,Arterial Highway,"Arterial Highway,Local Road",Divided,"Div,Undiv",Metro,Dry,Clear,1,0,30.0,,2017
976,976,143.3844218509517,-36.997009324783505,T20170019583,2017-10-14,15,Yes,Vehicle overturned (no collision),Saturday,OFF CARRIAGEWAY ON RIGHT BEND,No,Day,Not at intersection,Fatal accident,100,Yes,Non-Intersection,PYRENEES,WESTERN REGION,29,19,2,17,0,10,1,19,0,28,1,0,0,0,0,0,0,0,0,0,No,0,1,0,0,0,1,Arterial Highway,Arterial Highway,Undivided,Undiv,Country,Dry,Clear,1,0,69.0,,2017
977,977,143.3844218509517,-36.997009324783505,T20170019583,2017-10-14,15,Yes,Vehicle overturned (no collision),Saturday,OFF CARRIAGEWAY ON RIGHT BEND,No,Day,Not at intersection,Fatal accident,100,Yes,Non-Intersection,PYRENEES,WESTERN REGION,29,19,2,17,0,10,1,19,0,28,1,0,0,0,0,0,0,0,0,0,No,0,1,0,0,0,1,Arterial Highway,Arterial Highway,Undivided,Undiv,Country,Dry,Clear,1,0,69.0,,2017
978,978,145.6593133062626,-36.69408196087551,T20170019168,2017-10-08,13,No,Collision with a fixed object,Sunday,LEFT OFF CARRIAGEWAY INTO OBJECT/PARKED VEHICLE,No,Day,Not at intersection,Fatal accident,110,Yes,Non-Intersection,STRATHBOGIE,NORTH EASTERN REGION,5,5,1,1,3,0,3,2,0,4,1,0,0,0,0,0,0,0,0,0,No,0,1,0,1,0,0,Freeway,Freeway,Divided,Div,Country,Wet,Raining,1,0,48.0,,2017