,Unnamed: 0,X,Y,ACCIDENT_NO,ACCIDENT_DATE,ACCIDENT_TIME,ALCOHOLTIME,ACCIDENT_TYPE,DAY_OF_WEEK,DCA_CODE,HIT_RUN_FLAG,LIGHT_CONDITION,ROAD_GEOMETRY,SEVERITY,SPEED_ZONE,RUN_OFFROAD,NODE_TYPE,LGA_NAME,REGION_NAME,TOTAL_PERSONS,INJ_OR_FATAL,FATALITY,SERIOUSINJURY,OTHERINJURY,NONINJURED,MALES,FEMALES,BICYCLIST,PASSENGER,DRIVER,PEDESTRIAN,PILLION,MOTORIST,UNKNOWN,PED_CYCLIST_5_12,PED_CYCLIST_13_18,OLD_PEDESTRIAN,OLD_DRIVER,YOUNG_DRIVER,ALCOHOL_RELATED,UNLICENCSED,NO_OF_VEHICLES,HEAVYVEHICLE,PASSENGERVEHICLE,MOTORCYCLE,PUBLICVEHICLE,RMA,RMA_ALL,DIVIDED,DIVIDED_ALL,STAT_DIV_NAME,Surface Cond Desc,Atmosph Cond Desc,no_male_driver,no_female_driver,avg_age_male,avg_age_female,year
979,979,144.98639205356062,-37.68896060011439,T20160008128,2016-04-14,2,Yes,Collision with a fixed object,Thursday,OFF RIGHT BEND INTO OBJECT/PARKED VEHICLE,No,Dark Street lights on,Not at intersection,Fatal accident,100,Yes,Non-Intersection,WHITTLESEA,METROPOLITAN NORTH WEST REGION,1,1,1,0,0,0,0,1,0,0,1,0,0,0,0,0,0,0,0,0,No,1,1,0,1,0,0,Freeway,Freeway,Divided,Div,Metro,Dry,Clear,0,1,,28.0,2016
980,980,145.33072099126855,-37.55891964677666,T20160008952,2016-04-24,13,No,Collision with vehicle,Sunday,HEAD ON(OVERTAKING),No,Day,Not at intersection,Fatal accident,60,No,Non-Intersection,NILLUMBIK,METROPOLITAN NORTH WEST REGION,4,2,1,1,0,2,3,1,0,1,1,0,0,2,0,0,0,0,0,0,No,0,3,0,1,2,0,Arterial Other,Arterial Other,Undivided,Undiv,Metro,Dry,Clear,3,0,37.66666666666666,,2016
981,981,144.8893798686819,-37.2890265256501,T20160009375,2016-04-29,16,Yes,Collision with vehicle,Friday,HEAD ON (NOT OVERTAKING),No,Day,T intersection,Fatal accident,100,No,Non-Intersection,MITCHELL,NORTHERN REGION,2,2,1,1,0,0,1,1,0,0,2,0,0,0,0,0,0,0,0,0,No,0,2,0,2,0,0,Arterial Other,Arterial Other,Undivided,Undiv,Country,Wet,Raining,1,1,55.0,35.0,2016
982,982,145.2910617107781,-38.10706020670089,T20160009390,2016-04-30,0,Yes,Collision with vehicle,Saturday,HEAD ON (NOT OVERTAKING),No,Dark Street lights on,Not at intersection,Fatal accident,60,No,Non-Intersection,CASEY,METROPOLITAN SOUTH EAST REGION,2,2,1,1,0,0,1,1,0,0,2,0,0,0,0,0,0,0,0,0,No,0,2,0,2,0,0,Arterial Other,Arterial Other,Undivided,Undiv,Metro,Dry,Clear,1,1,37.0,33.0,2016
983,983,144.9282997954549,-37.788031191248116,T20160008636,2016-04-20,15,No,Collision with vehicle,Wednesday,RIGHT TURN SIDESWIPE,No,Day,Not at intersection,Fatal accident,60,No,Non-Intersection,MELBOURNE,METROPOLITAN NORTH WEST REGION,5,5,1,0,4,0,2,3,0,2,2,1,0,0,0,0,0,0,0,1,No,0,2,0,2,0,0,Arterial Highway,Arterial Highway,Undivided,Undiv,Metro,Dry,Clear,1,1,56.0,25.0,2016
984,984,144.9056842005231,-37.784025558278344,T20160008647,2016-04-20,15,No,Collision with vehicle,Wednesday,HEAD ON (NOT OVERTAKING),No,Day,T intersection,Fatal accident,60,No,Intersection,MOONEE VALLEY,METROPOLITAN NORTH WEST REGION,3,1,1,0,0,2,2,1,0,1,1,0,0,1,0,0,0,0,0,0,No,0,2,0,1,1,0,Arterial Other,"Arterial Other,Local Road",Undivided,Undiv,Metro,Dry,Clear,1,1,26.0,41.0,2016
985,985,145.0021748621896,-37.690600361271365,T20160009058,2016-04-26,6,No,Collision with vehicle,Tuesday,VEHICLE COLLIDES WITH VEHICLE PARKED ON LEFT OF ROAD,No,Day,Not at intersection,Fatal accident,70,No,Non-Intersection,WHITTLESEA,METROPOLITAN NORTH WEST REGION,1,1,1,0,0,0,1,0,0,0,1,0,0,0,0,0,0,0,0,0,No,0,2,1,1,0,0,Arterial Other,Arterial Other,Divided,Div,Metro,Dry,Clear,1,0,53.0,,2016
986,986,142.3811671269366,-35.74763206961301,T20160008280,2016-04-15,20,Yes,Collision with a fixed object,Friday,OFF RIGHT BEND INTO OBJECT/PARKED VEHICLE,No,Dark No street lights,Not at intersection,Fatal accident,100,Yes,Non-Intersection,YARRIAMBIACK,WESTERN REGION,1,1,1,0,0,0,1,0,0,0,1,0,0,0,0,0,0,0,0,1,No,0,1,0,1,0,0,Arterial Highway,Arterial Highway,Undivided,Undiv,Country,Dry,Clear,1,0,23.0,,2016
987,987,143.65841063162338,-37.47356667399913,T20160008298,2016-04-16,0,Yes,Collision with vehicle,Saturday,RIGHT NEAR (INTERSECTIONS ONLY),No,Dark Street lights on,T intersection,Fatal accident,110,No,Non-Intersection,BALLARAT,WESTERN REGION,5,4,3,1,0,1,3,2,0,3,2,0,0,0,0,0,0,0,1,0,No,0,2,1,1,0,0,Freeway,Freeway,Divided,Div,Country,Dry,Clear,2,0,68.0,,2016
988,988,143.65841063162338,-37.47356667399913,T20160008298,2016-04-16,0,Yes,Collision with vehicle,Saturday,RIGHT NEAR (INTERSECTIONS ONLY),No,Dark Street lights on,T intersection,Fatal accident,110,No,Non-Intersection,BALLARAT,WESTERN REGION,5,4,3,1,0,1,3,2,0,3,2,0,0,0,0,0,0,0,1,0,No,0,2,1,1,0,0,Freeway,Freeway,Divided,Div,Country,Dry,Clear,2,0,68.0,,2016
989,989,143.65841063162338,-37.47356667399913,T20160008298,2016-04-16,0,Yes,Collision with vehicle,Saturday,RIGHT NEAR (INTERSECTIONS ONLY),No,Dark Street lights on,T intersection,Fatal accident,110,No,Non-Intersection,BALLARAT,WESTERN REGION,5,4,3,1,0,1,3,2,0,3,2,0,0,0,0,0,0,0,1,0,No,0,2,1,1,0,0,Freeway,Freeway,Divided,Div,Country,Dry,Clear,2,0,68.0,,2016
990,990,145.0838708802679,-37.82434537493312,T20160008015,2016-04-12,17,No,Collision with vehicle,Tuesday,VEHICLE STRIKES ANOTHER VEH WHILE EMERGING FROM DRIVEWAY,No,Day,Not at intersection,Fatal accident,60,No,Non-Intersection,BOROONDARA,METROPOLITAN SOUTH EAST REGION,2,2,1,0,1,0,1,1,0,0,1,0,0,1,0,0,0,0,0,0,No,0,2,0,1,1,0,Arterial Other,Arterial Other,Undivided,Undiv,Metro,Dry,Clear,1,1,28.0,26.0,2016
991,991,143.74425069869196,-37.52509894908113,T20160008879,2016-04-23,14,Yes,Collision with a fixed object,Saturday,LEFT OFF CARRIAGEWAY INTO OBJECT/PARKED VEHICLE,No,Day,Not at intersection,Fatal accident,100,Yes,Non-Intersection,BALLARAT,WESTERN REGION,2,2,1,1,0,0,1,1,0,1,1,0,0,0,0,0,0,0,0,1,No,0,1,0,1,0,0,Arterial Other,Arterial Other,Undivided,Undiv,Country,Dry,Clear,1,0,24.0,,2016
992,992,144.26391047233818,-37.59857882023138,T20160009292,2016-04-29,6,No,Collision with vehicle,Friday,HEAD ON (NOT OVERTAKING),No,Dusk/Dawn,Not at intersection,Fatal accident,110,No,Non-Intersection,MOORABOOL,WESTERN REGION,3,2,1,0,1,1,3,0,0,1,2,0,0,0,0,0,0,0,0,0,No,0,2,0,1,0,0,Freeway,Freeway,Divided,Div,Country,Wet,Clear,2,0,44.0,,2016
993,993,143.668115777954,-38.7432095338689,T20160008067,2016-04-13,8,No,Struck Pedestrian,Wednesday,PARKED CAR RUN AWAY,No,Day,Not at intersection,Fatal accident,50,No,Non-Intersection,COLAC OTWAY,SOUTH WESTERN REGION,1,1,1,0,0,0,1,0,0,0,0,1,0,0,0,0,0,0,0,0,No,0,1,0,0,0,0,Local Road,Local Road,Undivided,Undiv,Country,Dry,Clear,0,0,,,2016
994,994,144.80812145240563,-37.8124495199493,T20160013231,2016-06-16,6,No,Collision with vehicle,Thursday,REAR END(VEHICLES IN SAME LANE),No,Dark Street lights on,Not at intersection,Fatal accident,100,No,Non-Intersection,BRIMBANK,METROPOLITAN NORTH WEST REGION,7,1,1,0,0,6,4,3,0,1,6,0,0,0,0,0,0,0,0,0,No,0,6,1,5,0,0,Freeway,Freeway,Divided,Div,Metro,Dry,Clear,4,2,45.75,45.5,2016
995,995,145.08628488817553,-37.90313138141056,T20170019252,2017-10-09,23,Yes,Collision with vehicle,Monday,RIGHT THROUGH,Yes,Dark Street lights on,Cross intersection,Fatal accident,60,No,Intersection,MONASH,METROPOLITAN SOUTH EAST REGION,2,1,1,0,0,1,1,1,0,0,2,0,0,0,0,0,0,0,0,1,No,0,2,0,2,0,0,Arterial Highway,"Arterial Highway,Local Road",Undivided,Undiv,Metro,Dry,Clear,1,1,20.0,53.0,2017
996,996,144.9258713385556,-37.76995007623631,T20170018863,2017-10-03,21,Yes,Collision with vehicle,Tuesday,HEAD ON (NOT OVERTAKING),No,Dark Street lights on,T intersection,Fatal accident,40,No,Intersection,MOONEE VALLEY,METROPOLITAN NORTH WEST REGION,3,1,1,0,0,2,3,0,0,0,2,0,0,1,0,0,0,0,0,1,No,0,5,0,4,1,0,Arterial Other,"Arterial Other,Local Road",Undivided,Undiv,Metro,Dry,Clear,3,0,29.66666666666667,,2017
997,997,145.10460330670188,-37.905360406275776,T20170019308,2017-10-10,15,No,Collision with vehicle,Tuesday,VEHICLE STRIKES ANOTHER VEH WHILE EMERGING FROM DRIVEWAY,No,Day,Not at intersection,Fatal accident,60,No,Non-Intersection,MONASH,METROPOLITAN SOUTH EAST REGION,2,1,1,0,0,1,2,0,0,0,1,0,0,1,0,0,0,0,1,0,No,0,2,0,1,1,0,Arterial Other,Arterial Other,Undivided,Undiv,Metro,Dry,Clear,2,0,68.0,,2017
998,998,144.96043549516162,-37.81442130010184,T20170019881,2017-10-18,16,No,Struck Pedestrian,Wednesday,PED EMERGES FROM IN FRONT OF PARKED OR STATIONARY VEHICLE,No,Day,Not at intersection,Fatal accident,40,No,Non-Intersection,MELBOURNE,METROPOLITAN NORTH WEST REGION,2,1,1,0,0,1,2,0,0,0,1,1,0,0,0,0,0,1,0,0,No,0,1,0,0,0,0,Local Road,Local Road,Divided,Div,Metro,Dry,Clear,1,0,47.0,,2017
999,999,144.0765395132534,-38.26240261536518,T20170019892,2017-10-18,20,Yes,Collision with vehicle,Wednesday,HEAD ON (NOT OVERTAKING),Yes,Dusk/Dawn,Not at intersection,Fatal accident,100,No,Non-Intersection,SURF COAST,SOUTH WESTERN REGION,3,1,1,0,0,2,2,1,1,1,1,0,0,0,0,0,1,0,0,1,No,0,2,0,1,0,0,Local Road,Local Road,Undivided,Undiv,Country,Dry,Clear,2,0,19.5,,2017
1000,1000,145.01313693419237,-37.735519053926794,T20170024357,2017-12-21,0,Yes,Collision with vehicle,Thursday,VEHICLE COLLIDES WITH VEHICLE PARKED ON LEFT OF ROAD,No,Dark Street lights on,Not at intersection,Fatal accident,60,No,Non-Intersection,DAREBIN,METROPOLITAN NORTH WEST REGION,4,2,1,0,1,2,2,1,0,0,2,1,0,0,1,0,0,0,0,0,No,0,3,0,2,0,1,Arterial Other,Arterial Other,Undivided,Undiv,Metro,Dry,Clear,1,0,41.0,,2017
1001,1001,144.5228121031241,-36.65015026750896,T20170024389,2017-12-21,12,No,Collision with vehicle,Thursday,CROSS TRAFFIC(INTERSECTIONS ONLY),No,Day,Cross intersection,Fatal accident,100,No,Intersection,BENDIGO,NORTHERN REGION,4,4,1,1,2,0,2,2,0,2,2,0,0,0,0,0,0,0,0,0,No,0,2,0,2,0,0,Local Road,Local Road,Undivided,Undiv,Country,Dry,Clear,2,0,55.5,,2017
1002,1002,147.8604876074988,-37.86633968711453,T20170024810,2017-12-28,16,No,Collision with a fixed object,Thursday,RIGHT OFF CARRIAGEWAY INTO OBJECT/PARKED VEHICLE,No,Day,Not at intersection,Fatal accident,100,Yes,Non-Intersection,EAST GIPPSLAND,EASTERN REGION,1,1,1,0,0,0,0,1,0,0,1,0,0,0,0,0,0,0,1,0,No,0,1,0,1,0,0,Local Road,Local Road,Undivided,Undiv,Country,Dry,Clear,0,1,,79.0,2017
1003,1003,143.5923676388459,-38.3394777652529,T20170024836,2017-12-29,7,No,Collision with vehicle,Friday,RIGHT THROUGH,No,Day,Cross intersection,Fatal accident,50,No,Intersection,COLAC OTWAY,SOUTH WESTERN REGION,3,1,1,0,0,2,1,2,0,1,2,0,0,0,0,0,0,0,0,1,No,0,2,0,2,0,0,Arterial Highway,"Arterial Highway,Local Road,Arterial Other",Divided,"Div,Undiv",Country,Dry,Clear,1,1,61.0,20.0,2017
1004,1004,143.16360953478838,-38.345901000778994,T20170024452,2017-12-22,7,No,Collision with vehicle,Friday,HEAD ON (NOT OVERTAKING),No,Day,Not at intersection,Fatal accident,100,No,Non-Intersection,CORANGAMITE,SOUTH WESTERN REGION,3,1,1,0,0,2,2,1,0,1,2,0,0,0,0,0,0,0,0,2,No,0,2,0,2,0,0,Arterial Other,Arterial Other,Undivided,Undiv,Country,Dry,Clear,1,1,22.0,22.0,2017
1005,1005,144.2223006471053,-37.067426476024345,T20180000352,2018-01-06,15,Yes,Collision with a fixed object,Saturday,OFF LEFT BEND INTO OBJECT/PARKED VEHICLE,No,Day,T intersection,Fatal accident,60,Yes,Non-Intersection,MOUNT ALEXANDER,NORTHERN REGION,4,4,1,2,1,0,4,0,0,3,1,0,0,0,0,0,0,0,0,0,Yes,0,1,0,1,0,0,Arterial Highway,Arterial Highway,Divided,Div,Country,Dry,Clear,1,0,38.0,,2018
1006,1006,144.31225041697098,-36.84198924111757,T20170024467,2017-12-22,10,No,Collision with vehicle,Friday,REAR END(VEHICLES IN SAME LANE),No,Day,Not at intersection,Fatal accident,100,No,Non-Intersection,BENDIGO,NORTHERN REGION,2,1,1,0,0,1,1,1,1,0,1,0,0,0,0,0,0,0,0,1,No,0,2,0,1,0,0,Local Road,Local Road,Undivided,Undiv,Country,Dry,Clear,1,1,23.0,20.0,2017
1007,1007,141.9544911130684,-38.041775995730454,T20170024927,2017-12-20,17,No,No collision and no object struck,Wednesday,OFF CARRIAGEWAY ON RIGHT BEND,No,Unk.,Not at intersection,Fatal accident,100,Yes,Non-Intersection,MOYNE,SOUTH WESTERN REGION,1,1,1,0,0,0,1,0,0,0,0,0,0,1,0,0,0,0,0,0,No,1,1,0,0,1,0,Local Road,Local Road,Undivided,Undiv,Country,Unknown,Not known,1,0,47.0,,2017
1008,1008,144.0858471818583,-36.06865196269999,T20170024931,2017-12-30,13,No,Collision with a fixed object,Saturday,RIGHT OFF CARRIAGEWAY INTO OBJECT/PARKED VEHICLE,No,Day,Not at intersection,Fatal accident,100,Yes,Non-Intersection,LODDON,NORTHERN REGION,1,1,1,0,0,0,1,0,0,0,1,0,0,0,0,0,0,0,0,1,No,0,1,0,1,0,0,Local Road,Local Road,Undivided,Undiv,Country,Dry,Clear,1,0,23.0,,2017
1009,1009,145.1681015880378,-37.49563325819231,T20170024123,2017-12-17,20,Yes,Collision with a fixed object,Sunday,OFF LEFT BEND INTO OBJECT/PARKED VEHICLE,No,Day,Not at intersection,Fatal accident,60,Yes,Non-Intersection,WHITTLESEA,METROPOLITAN NORTH WEST REGION,2,2,1,0,1,0,2,0,0,0,0,0,1,1,0,0,0,0,0,0,Yes,0,1,0,0,1,0,Local Road,Local Road,Undivided,Undiv,Metro,Dry,Clear,1,0,55.0,,2017
1010,1010,142.83978972461955,-36.56841874640536,T20170024551,2017-12-23,16,Yes,Collision with vehicle,Saturday,PULLING OUT (OVERTAKING),No,Day,Not at intersection,Fatal accident,100,No,Non-Intersection,NORTHERN GRAMPIANS,WESTERN REGION,3,2,1,1,0,1,2,1,0,1,2,0,0,0,0,0,0,0,0,0,No,0,2,1,1,0,0,Local Road,Local Road,Undivided,Undiv,Country,Dry,Clear,2,0,43.5,,2017
1011,1011,144.06116974132516,-37.55017194615631,T20180000013,2018-01-01,1,Yes,Collision with a fixed object,Monday,OFF LEFT BEND INTO OBJECT/PARKED VEHICLE,No,Dark No street lights,Not at intersection,Fatal accident,110,Yes,Non-Intersection,MOORABOOL,WESTERN REGION,2,2,0,2,0,0,1,1,0,1,1,0,0,0,0,0,0,0,0,0,No,0,1,0,1,0,0,Freeway,Freeway,Divided,Div,Country,Dry,Clear,1,0,40.0,,2018
1012,1012,142.7214598545923,-37.05696052592665,T20180000024,2018-01-01,5,Yes,Vehicle overturned (no collision),Monday,OUT OF CONTROL ON CARRIAGEWAY (ON STRAIGHT),No,Dusk/Dawn,Not at intersection,Fatal accident,100,No,Non-Intersection,NORTHERN GRAMPIANS,WESTERN REGION,4,3,1,1,1,1,2,2,0,3,1,0,0,0,0,0,0,0,0,0,No,0,1,0,1,0,0,Arterial Other,Arterial Other,Undivided,Undiv,Country,Dry,Clear,0,1,,26.0,2018
1013,1013,144.93591918459728,-37.76833409099528,T20180005858,2018-03-27,17,No,Collision with vehicle,Tuesday,HEAD ON (NOT OVERTAKING),No,Day,Not at intersection,Fatal accident,50,No,Non-Intersection,MOONEE VALLEY,METROPOLITAN NORTH WEST REGION,2,2,1,1,0,0,1,1,0,0,2,0,0,0,0,0,0,0,0,2,No,0,2,0,2,0,0,Local Road,Local Road,Undivided,Undiv,Metro,Dry,Clear,1,1,19.0,25.0,2018
1014,1014,145.10381547067811,-37.70375524098944,T20180005896,2018-03-28,9,No,Other accident,Wednesday,ANY MANOEUVRE INVOLVING PED NOT INCLUDED IN DCAs 100-108.,No,Day,Not at intersection,Fatal accident,40,No,Non-Intersection,BANYULE,METROPOLITAN NORTH WEST REGION,2,1,1,0,0,1,1,1,0,0,1,1,0,0,0,0,0,1,0,0,No,0,1,0,0,0,1,Local Road,Local Road,Divided,Div,Metro,Dry,Clear,1,0,62.0,,2018
1015,1015,145.1446374988789,-37.73049713134663,T20180005496,2018-03-23,14,No,Struck Pedestrian,Friday,FAR SIDE. PED HIT BY VEHICLE FROM THE LEFT,No,Day,Not at intersection,Fatal accident,60,No,Non-Intersection,NILLUMBIK,METROPOLITAN NORTH WEST REGION,4,1,1,0,0,3,3,1,0,2,1,1,0,0,0,0,0,1,0,0,Yes,0,1,0,1,0,0,Arterial Other,Arterial Other,Undivided,Undiv,Metro,Dry,Clear,0,1,,33.0,2018
1016,1016,145.06503657217345,-37.787505562085606,T20180005534,2018-03-23,15,No,Collision with vehicle,Friday,HEAD ON (NOT OVERTAKING),No,Day,Cross intersection,Fatal accident,60,No,Intersection,BOROONDARA,METROPOLITAN SOUTH EAST REGION,4,1,1,0,0,3,3,1,0,0,4,0,0,0,0,0,0,0,0,0,No,0,4,0,4,0,0,Arterial Other,"Arterial Other,Local Road",Divided,Div,Metro,Dry,Clear,3,1,47.33333333333334,58.0,2018
1017,1017,144.48953884123787,-36.783589114342725,T20180006455,2018-04-05,9,No,Collision with vehicle,Thursday,HEAD ON (NOT OVERTAKING),No,Day,Not at intersection,Fatal accident,100,No,Non-Intersection,BENDIGO,NORTHERN REGION,2,2,1,1,0,0,1,1,0,0,2,0,0,0,0,0,0,0,0,0,No,0,2,1,1,0,0,Arterial Highway,Arterial Highway,Undivided,Undiv,Country,Dry,Clear,1,1,60.0,56.0,2018
1018,1018,145.22444455369845,-37.964859346198985,T20180006470,2018-04-05,13,No,Struck Pedestrian,Thursday,PED NEAR SIDE. PED HIT BY VEHICLE FROM THE RIGHT.,No,Day,Not at intersection,Fatal accident,80,No,Non-Intersection,DANDENONG,METROPOLITAN SOUTH EAST REGION,2,1,1,0,0,1,1,1,0,0,1,1,0,0,0,0,0,0,0,1,No,0,1,0,1,0,0,Arterial Highway,Arterial Highway,Divided,Div,Metro,Dry,Clear,1,0,24.0,,2018
1019,1019,145.80231124129114,-37.523701251393646,T20180006161,2018-03-31,14,Yes,Collision with vehicle,Saturday,HEAD ON (NOT OVERTAKING),No,Day,Not at intersection,Fatal accident,100,No,Non-Intersection,MURRINDINDI,NORTH EASTERN REGION,3,1,1,0,0,2,2,1,0,1,1,0,0,1,0,0,0,0,0,0,No,0,2,0,1,1,0,Arterial Other,Arterial Other,Undivided,Undiv,Country,Dry,Clear,2,0,45.0,,2018
1020,1020,145.09191837064438,-37.774976995321005,T20180004461,2018-03-08,10,No,Struck Pedestrian,Thursday,PED NEAR SIDE. PED HIT BY VEHICLE FROM THE RIGHT.,No,Day,Not at intersection,Fatal accident,70,No,Non-Intersection,MANNINGHAM,METROPOLITAN SOUTH EAST REGION,2,1,1,0,0,1,1,1,0,0,1,1,0,0,0,0,0,1,1,0,No,0,1,0,1,0,0,Arterial Other,Arterial Other,Divided,Div,Metro,Dry,Clear,0,1,,86.0,2018
1021,1021,141.55770245221217,-38.30349897360093,T20180004903,2018-03-14,15,No,Collision with vehicle,Wednesday,REAR END(VEHICLES IN SAME LANE),No,Day,Not at intersection,Fatal accident,60,No,Non-Intersection,GLENELG,SOUTH WESTERN REGION,7,6,1,4,1,1,3,1,0,3,4,0,0,0,0,0,0,0,0,0,No,0,4,1,2,0,0,Arterial Other,Arterial Other,Undivided,Undiv,Country,Dry,Clear,3,0,63.0,,2018
1022,1022,144.88159058374183,-37.693850072816794,T20180004059,2018-03-03,2,Yes,Struck Pedestrian,Saturday,ANY MANOEUVRE INVOLVING PED NOT INCLUDED IN DCAs 100-108.,No,Dark Street lights on,Not at intersection,Fatal accident,40,No,Non-Intersection,HUME,METROPOLITAN NORTH WEST REGION,2,2,1,1,0,0,1,1,0,0,1,1,0,0,0,0,0,0,0,0,No,0,1,0,1,0,0,Arterial Other,Arterial Other,Undivided,Undiv,Metro,Dry,Clear,0,1,,27.0,2018
1023,1023,143.56253983024166,-35.80936893817697,T20180005363,2018-03-21,18,Yes,Vehicle overturned (no collision),Wednesday,OFF CARRIAGEWAY ON LEFT BEND,No,Day,Not at intersection,Fatal accident,100,Yes,Non-Intersection,GANNAWARRA,NORTHERN REGION,1,1,1,0,0,0,0,1,0,0,1,0,0,0,0,0,0,0,0,0,No,0,1,0,1,0,0,Arterial Other,Arterial Other,Undivided,Undiv,Country,Dry,Clear,0,1,,68.0,2018
1024,1024,145.17720051166896,-38.08516663448658,T20180004524,2018-03-09,7,No,Collision with vehicle,Friday,VEHICLE COLLIDES WITH VEHICLE PARKED ON LEFT OF ROAD,No,Day,Not at intersection,Fatal accident,60,No,Non-Intersection,FRANKSTON,METROPOLITAN SOUTH EAST REGION,4,1,1,0,0,3,2,2,0,2,2,0,0,0,0,0,0,0,0,1,No,0,2,1,1,0,0,Local Road,Local Road,Undivided,Undiv,Metro,Dry,Clear,2,0,37.0,,2018
1025,1025,146.88500544513516,-37.9015279618182,T20180004535,2018-03-09,3,Yes,Collision with a fixed object,Friday,RIGHT OFF CARRIAGEWAY INTO OBJECT/PARKED VEHICLE,No,Dark No street lights,Not at intersection,Fatal accident,100,Yes,Non-Intersection,WELLINGTON,EASTERN REGION,1,1,1,0,0,0,1,0,0,0,1,0,0,0,0,0,0,0,0,1,No,0,1,0,1,0,0,Local Road,Local Road,Undivided,Undiv,Country,Dry,Not known,1,0,19.0,,2018
1026,1026,146.3584137711249,-36.765590278454326,T20180004564,2018-03-09,13,No,Collision with a fixed object,Friday,OFF RIGHT BEND INTO OBJECT/PARKED VEHICLE,No,Day,Not at intersection,Fatal accident,100,Yes,Non-Intersection,WANGARATTA,NORTH EASTERN REGION,1,1,1,0,0,0,1,0,0,0,0,0,0,1,0,0,0,0,0,0,No,0,1,0,0,1,0,Arterial Other,Arterial Other,Undivided,Undiv,Country,Dry,Clear,1,0,60.0,,2018
1027,1027,145.52090579211225,-37.71066933267074,T20180004598,2018-03-10,1,Yes,Collision with a fixed object,Saturday,LEFT OFF CARRIAGEWAY INTO OBJECT/PARKED VEHICLE,No,Dark No street lights,Not at intersection,Fatal accident,100,Yes,Non-Intersection,YARRA RANGES,METROPOLITAN SOUTH EAST REGION,1,1,1,0,0,0,1,0,0,0,1,0,0,0,0,0,0,0,0,0,No,0,1,0,1,0,0,Arterial Other,Arterial Other,Undivided,Undiv,Metro,Dry,Clear,1,0,66.0,,2018
1028,1028,141.9049379829463,-37.35582131138464,T20160017740,2016-08-13,13,No,Collision with a fixed object,Saturday,LEFT OFF CARRIAGEWAY INTO OBJECT/PARKED VEHICLE,No,Day,Not at intersection,Fatal accident,100,Yes,Non-Intersection,SOUTHERN GRAMPIANS,SOUTH WESTERN REGION,1,1,1,0,0,0,1,0,0,0,1,0,0,0,0,0,0,0,0,0,No,0,1,0,1,0,0,Arterial Other,Arterial Other,Undivided,Undiv,Country,Dry,Clear,1,0,52.0,,2016
1029,1029,146.6979280850775,-36.31658949914478,T20160018178,2016-08-19,9,No,Collision with vehicle,Friday,HEAD ON (NOT OVERTAKING),No,Day,Not at intersection,Fatal accident,100,No,Non-Intersection,INDIGO,NORTH EASTERN REGION,2,2,2,0,0,0,2,0,0,0,2,0,0,0,0,0,0,0,0,0,No,1,2,0,2,0,0,Arterial Other,Arterial Other,Undivided,Undiv,Country,Dry,Clear,2,0,42.0,,2016
1030,1030,146.6979280850775,-36.31658949914478,T20160018178,2016-08-19,9,No,Collision with vehicle,Friday,HEAD ON (NOT OVERTAKING),No,Day,Not at intersection,Fatal accident,100,No,Non-Intersection,INDIGO,NORTH EASTERN REGION,2,2,2,0,0,0,2,0,0,0,2,0,0,0,0,0,0,0,0,0,No,1,2,0,2,0,0,Arterial Other,Arterial Other,Undivided,Undiv,Country,Dry,Clear,2,0,42.0,,2016
1031,1031,144.32131904889613,-36.67889987426592,T20160017774,2016-08-14,3,Yes,Struck Pedestrian,Sunday,PED WALKING WITH TRAFFIC,Yes,Dark No street lights,Not at intersection,Fatal accident,80,No,Non-Intersection,BENDIGO,NORTHERN REGION,2,1,1,0,0,1,0,2,0,0,1,1,0,0,0,0,0,0,0,1,No,0,1,0,1,0,0,Arterial Highway,Arterial Highway,Undivided,Undiv,Country,Dry,Clear,0,1,,19.0,2016
1032,1032,141.46997983978736,-38.23938040379959,T20160019011,2016-08-30,20,Yes,Collision with vehicle,Tuesday,HEAD ON (NOT OVERTAKING),No,Dark No street lights,Not at intersection,Fatal accident,100,No,Non-Intersection,GLENELG,SOUTH WESTERN REGION,2,2,1,0,1,0,1,1,0,0,2,0,0,0,0,0,0,0,0,0,No,0,2,1,1,0,0,Arterial Other,Arterial Other,Undivided,Undiv,Country,Wet,Clear,1,1,51.0,26.0,2016
1033,1033,145.33189478697872,-35.92548099482651,T20160018599,2016-08-25,10,No,Collision with vehicle,Thursday,CROSS TRAFFIC(INTERSECTIONS ONLY),No,Day,Cross intersection,Fatal accident,100,No,Intersection,MOIRA,NORTH EASTERN REGION,2,1,1,0,0,1,2,0,0,0,2,0,0,0,0,0,0,0,0,1,No,0,2,1,1,0,0,Arterial Highway,"Arterial Highway,Local Road",Undivided,Undiv,Country,Dry,Clear,2,0,43.5,,2016