,Unnamed: 0,X,Y,ACCIDENT_NO,ACCIDENT_DATE,ACCIDENT_TIME,ALCOHOLTIME,ACCIDENT_TYPE,DAY_OF_WEEK,DCA_CODE,HIT_RUN_FLAG,LIGHT_CONDITION,ROAD_GEOMETRY,SEVERITY,SPEED_ZONE,RUN_OFFROAD,NODE_TYPE,LGA_NAME,REGION_NAME,TOTAL_PERSONS,INJ_OR_FATAL,FATALITY,SERIOUSINJURY,OTHERINJURY,NONINJURED,MALES,FEMALES,BICYCLIST,PASSENGER,DRIVER,PEDESTRIAN,PILLION,MOTORIST,UNKNOWN,PED_CYCLIST_5_12,PED_CYCLIST_13_18,OLD_PEDESTRIAN,OLD_DRIVER,YOUNG_DRIVER,ALCOHOL_RELATED,UNLICENCSED,NO_OF_VEHICLES,HEAVYVEHICLE,PASSENGERVEHICLE,MOTORCYCLE,PUBLICVEHICLE,RMA,RMA_ALL,DIVIDED,DIVIDED_ALL,STAT_DIV_NAME,Surface Cond Desc,Atmosph Cond Desc,no_male_driver,no_female_driver,avg_age_male,avg_age_female,year
1034,1034,145.0191849635147,-37.901355865520024,T20160017452,2016-08-09,18,Yes,Struck Pedestrian,Tuesday,PED NEAR SIDE. PED HIT BY VEHICLE FROM THE RIGHT.,No,Dark Street lights on,Cross intersection,Fatal accident,70,No,Intersection,GLEN EIRA,METROPOLITAN SOUTH EAST REGION,3,2,1,1,0,1,2,1,0,0,1,2,0,0,0,0,0,0,0,0,No,0,1,0,1,0,0,Arterial Highway,"Arterial Highway,Arterial Other",Divided,"Div,Undiv",Metro,Dry,Clear,1,0,60.0,,2016
1035,1035,141.14404934640874,-36.43622894973449,T20160018308,2016-08-21,10,No,Collision with a fixed object,Sunday,OFF LEFT BEND INTO OBJECT/PARKED VEHICLE,No,Day,Not at intersection,Fatal accident,100,Yes,Non-Intersection,WEST WIMMERA,WESTERN REGION,1,1,1,0,0,0,1,0,0,0,1,0,0,0,0,0,0,0,0,0,No,0,1,0,1,0,0,Local Road,Local Road,Undivided,Undiv,Country,Wet,Clear,1,0,38.0,,2016
1036,1036,143.66882195941153,-37.87659784131904,T20160018316,2016-08-21,15,No,Collision with vehicle,Sunday,HEAD ON (NOT OVERTAKING),No,Day,Not at intersection,Fatal accident,100,No,Non-Intersection,GOLDEN PLAINS,SOUTH WESTERN REGION,2,2,1,0,1,0,2,0,0,0,2,0,0,0,0,0,0,0,0,0,No,0,2,1,1,0,0,Arterial Other,Arterial Other,Undivided,Undiv,Country,Dry,Clear,2,0,48.0,,2016
1037,1037,144.93985048831587,-37.66580032984504,T20160018684,2016-08-26,11,No,Collision with vehicle,Friday,RIGHT TURN SIDESWIPE,No,Day,T intersection,Fatal accident,60,No,Intersection,HUME,METROPOLITAN NORTH WEST REGION,2,1,1,0,0,1,2,0,0,0,1,0,0,1,0,0,0,0,0,0,No,0,2,0,1,1,0,Arterial Other,"Arterial Other,Local Road",Undivided,Undiv,Metro,Dry,Clear,2,0,39.0,,2016
1038,1038,145.2822403698569,-37.97796812911488,T20160018714,2016-08-26,14,No,Collision with vehicle,Friday,HEAD ON (NOT OVERTAKING),No,Day,Not at intersection,Fatal accident,80,No,Non-Intersection,CASEY,METROPOLITAN SOUTH EAST REGION,2,1,1,0,0,1,1,1,0,0,2,0,0,0,0,0,0,0,1,0,No,0,2,0,2,0,0,Arterial Other,Arterial Other,Undivided,Undiv,Metro,Dry,Clear,1,1,44.0,77.0,2016
1039,1039,143.7314277921921,-35.40551256856661,T20160018725,2016-08-26,16,Yes,Collision with a fixed object,Friday,OFF RIGHT BEND INTO OBJECT/PARKED VEHICLE,No,Day,Not at intersection,Fatal accident,100,Yes,Non-Intersection,SWAN HILL,NORTHERN REGION,1,1,1,0,0,0,0,1,0,0,1,0,0,0,0,0,0,0,0,1,No,0,1,0,1,0,0,Local Road,Local Road,Undivided,Undiv,Country,Dry,Clear,0,1,,22.0,2016
1040,1040,147.56765278462498,-37.841920413912014,T20160018352,2016-08-22,6,No,Collision with vehicle,Monday,STRUCK TRAIN,No,Dark No street lights,Not at intersection,Fatal accident,100,No,Non-Intersection,EAST GIPPSLAND,EASTERN REGION,4,1,1,0,0,3,4,0,0,2,2,0,0,0,0,0,0,0,0,0,No,0,2,0,1,0,1,Local Road,Local Road,Undivided,Undiv,Country,Dry,Clear,2,0,45.5,,2016
1041,1041,145.08512785572506,-37.91041972701415,T20160018740,2016-08-26,18,Yes,Collision with vehicle,Friday,LANE CHANGE RIGHT (NOT OVERTAKING),No,Dark Street lights on,T intersection,Fatal accident,60,No,Non-Intersection,MONASH,METROPOLITAN SOUTH EAST REGION,2,1,1,0,0,1,2,0,0,0,1,0,0,1,0,0,0,0,0,0,No,0,2,1,0,1,0,Arterial Highway,Arterial Highway,Divided,Div,Metro,Dry,Clear,2,0,43.5,,2016
1042,1042,144.85560175013114,-37.7268260836358,T20160018752,2016-08-26,23,Yes,Collision with a fixed object,Friday,OFF LEFT BEND INTO OBJECT/PARKED VEHICLE,No,Dark Street lights on,Not at intersection,Fatal accident,80,Yes,Non-Intersection,BRIMBANK,METROPOLITAN NORTH WEST REGION,1,1,1,0,0,0,1,0,0,0,0,0,0,1,0,0,0,0,0,0,No,1,1,0,0,1,0,Freeway,Freeway,Undivided,Undiv,Metro,Dry,Clear,1,0,25.0,,2016
1043,1043,144.33849146096918,-38.17902174828453,T20160017537,2016-08-10,18,Yes,Collision with vehicle,Wednesday,REAR END(VEHICLES IN SAME LANE),No,Dark Street lights on,T intersection,Fatal accident,60,No,Intersection,GEELONG,SOUTH WESTERN REGION,2,1,1,0,0,1,2,0,0,0,2,0,0,0,0,0,0,0,1,0,No,0,2,0,2,0,0,Local Road,Local Road,Undivided,Undiv,Country,Wet,Raining,2,0,61.5,,2016
1044,1044,144.33849146096918,-38.17902174828453,T20160017537,2016-08-10,18,Yes,Collision with vehicle,Wednesday,REAR END(VEHICLES IN SAME LANE),No,Dark Street lights on,T intersection,Fatal accident,60,No,Intersection,GEELONG,SOUTH WESTERN REGION,2,1,1,0,0,1,2,0,0,0,2,0,0,0,0,0,0,0,1,0,No,0,2,0,2,0,0,Local Road,Local Road,Undivided,Undiv,Country,Wet,Strong winds,2,0,61.5,,2016
1045,1045,144.77895019766441,-37.74427669805321,T20160017663,2016-08-12,14,No,Collision with vehicle,Friday,U TURN,No,Day,T intersection,Fatal accident,70,No,Intersection,BRIMBANK,METROPOLITAN NORTH WEST REGION,2,2,1,0,1,0,2,0,0,0,1,0,0,1,0,0,0,0,0,0,No,0,2,0,1,1,0,Arterial Other,"Arterial Other,Local Road",Divided,"Div,Undiv",Metro,Dry,Clear,2,0,46.5,,2016
1046,1046,145.29574189783563,-37.77030137906087,T20160017666,2016-08-12,16,Yes,Struck Pedestrian,Friday,PED NEAR SIDE. PED HIT BY VEHICLE FROM THE RIGHT.,No,Day,Not at intersection,Fatal accident,80,No,Non-Intersection,MAROONDAH,METROPOLITAN SOUTH EAST REGION,2,1,1,0,0,1,2,0,0,0,1,1,0,0,0,0,0,0,0,1,No,0,1,0,1,0,0,Arterial Highway,Arterial Highway,Divided,Div,Metro,Dry,Clear,1,0,20.0,,2016
1047,1047,143.6528939501337,-38.287372304352644,T20160018085,2016-08-18,8,No,Collision with vehicle,Thursday,CROSS TRAFFIC(INTERSECTIONS ONLY),No,Day,Cross intersection,Fatal accident,100,No,Intersection,COLAC OTWAY,SOUTH WESTERN REGION,2,2,1,0,1,0,2,0,0,0,2,0,0,0,0,0,0,0,0,0,No,0,2,0,2,0,0,Local Road,Local Road,Undivided,Undiv,Country,Dry,Clear,2,0,39.0,,2016
1048,1048,146.14382953255614,-37.184310311233375,T20160018506,2016-08-24,12,No,Collision with a fixed object,Wednesday,OFF RIGHT BEND INTO OBJECT/PARKED VEHICLE,No,Day,Not at intersection,Fatal accident,100,Yes,Non-Intersection,MANSFIELD,NORTH EASTERN REGION,2,2,1,1,0,0,1,1,0,1,1,0,0,0,0,0,0,0,1,0,No,0,1,0,1,0,0,Arterial Other,Arterial Other,Undivided,Undiv,Country,Dry,Clear,1,0,87.0,,2016
1049,1049,144.96367763257825,-37.727460391917795,T20160017708,2016-08-13,7,Yes,Struck Pedestrian,Saturday,FAR SIDE. PED HIT BY VEHICLE FROM THE LEFT,No,Dusk/Dawn,Cross intersection,Fatal accident,60,No,Intersection,MORELAND,METROPOLITAN NORTH WEST REGION,2,1,1,0,0,1,2,0,0,0,1,1,0,0,0,0,0,1,0,0,No,0,1,0,1,0,0,Arterial Other,"Arterial Other,Local Road",Undivided,Undiv,Metro,Dry,Clear,1,0,44.0,,2016
1050,1050,145.5328316097206,-38.13397152398967,T20160023061,2016-10-24,16,No,Collision with vehicle,Monday,CROSS TRAFFIC(INTERSECTIONS ONLY),No,Day,Cross intersection,Fatal accident,80,No,Intersection,CARDINIA,METROPOLITAN SOUTH EAST REGION,2,2,1,1,0,0,1,1,0,0,2,0,0,0,0,0,0,0,0,0,No,0,2,0,2,0,0,Local Road,Local Road,Undivided,Undiv,Metro,Dry,Clear,1,1,38.0,45.0,2016
1051,1051,144.75469259951117,-37.88790283646324,T20160023442,2016-10-29,13,No,Struck Pedestrian,Saturday,VEH STRIKES PED ON FOOTPATH/MEDIAN/TRAFFIC ISLAND.,No,Day,Not at intersection,Fatal accident,60,No,Non-Intersection,WYNDHAM,METROPOLITAN NORTH WEST REGION,2,1,1,0,0,1,2,0,0,0,1,1,0,0,0,0,0,0,1,0,No,0,1,0,1,0,0,Local Road,Local Road,Undivided,Undiv,Metro,Dry,Clear,1,0,81.0,,2016
1052,1052,144.8194399877506,-37.79284001026205,T20160023068,2016-10-24,22,Yes,Collision with a fixed object,Monday,OFF LEFT BEND INTO OBJECT/PARKED VEHICLE,No,Dark Street lights on,Not at intersection,Fatal accident,40,Yes,Non-Intersection,BRIMBANK,METROPOLITAN NORTH WEST REGION,5,5,1,4,0,0,3,2,0,4,1,0,0,0,0,0,0,0,0,0,No,0,1,0,1,0,0,Local Road,Local Road,Undivided,Undiv,Metro,Dry,Clear,1,0,15.0,,2016
1053,1053,142.20168080704605,-36.70678925768196,T20160023476,2016-10-30,12,No,Collision with a fixed object,Sunday,OFF LEFT BEND INTO OBJECT/PARKED VEHICLE,No,Day,Not at intersection,Fatal accident,60,Yes,Non-Intersection,HORSHAM,WESTERN REGION,1,1,1,0,0,0,1,0,0,0,1,0,0,0,0,0,0,0,0,0,No,0,1,0,1,0,0,Arterial Other,Arterial Other,Divided,Div,Country,Dry,Clear,1,0,32.0,,2016
1054,1054,145.16652055010522,-37.90402755785942,T20160023909,2016-11-05,14,Yes,Collision with a fixed object,Saturday,RIGHT OFF CARRIAGEWAY INTO OBJECT/PARKED VEHICLE,No,Day,Not at intersection,Fatal accident,70,Yes,Non-Intersection,MONASH,METROPOLITAN SOUTH EAST REGION,2,2,1,1,0,0,1,1,0,1,1,0,0,0,0,0,0,0,1,0,No,0,1,0,1,0,0,Arterial Other,Arterial Other,Divided,Div,Metro,Dry,Clear,1,0,80.0,,2016
1055,1055,145.29860496885178,-38.06807063613813,T20160023933,2016-11-05,19,Yes,Collision with vehicle,Saturday,RIGHT THROUGH,Yes,Dark Street lights on,Not at intersection,Fatal accident,80,No,Non-Intersection,CASEY,METROPOLITAN SOUTH EAST REGION,8,6,1,3,2,2,7,1,0,5,3,0,0,0,0,0,0,0,0,0,No,0,3,0,3,0,0,Arterial Other,Arterial Other,Divided,Div,Metro,Dry,Not known,3,0,29.66666666666667,,2016
1056,1056,145.39973104070918,-36.331409598699324,T20170024187,2017-12-18,16,No,Collision with vehicle,Monday,HEAD ON (NOT OVERTAKING),No,Day,Not at intersection,Fatal accident,100,No,Non-Intersection,SHEPPARTON,NORTH EASTERN REGION,2,2,1,1,0,0,1,1,0,0,2,0,0,0,0,0,0,0,0,0,No,0,2,0,2,0,0,Arterial Other,Arterial Other,Undivided,Undiv,Country,Dry,Clear,1,1,46.0,50.0,2017
1057,1057,144.74802892643802,-37.88026987549582,T20170024611,2017-12-24,19,Yes,Collision with vehicle,Sunday,HEAD ON (NOT OVERTAKING),No,Day,Not at intersection,Fatal accident,70,No,Non-Intersection,WYNDHAM,METROPOLITAN NORTH WEST REGION,4,4,3,1,0,0,2,2,0,2,2,0,0,0,0,0,0,0,0,0,No,0,2,0,2,0,0,Arterial Other,Arterial Other,Undivided,Undiv,Metro,Dry,Clear,1,1,35.0,35.0,2017
1058,1058,144.74802892643802,-37.88026987549582,T20170024611,2017-12-24,19,Yes,Collision with vehicle,Sunday,HEAD ON (NOT OVERTAKING),No,Day,Not at intersection,Fatal accident,70,No,Non-Intersection,WYNDHAM,METROPOLITAN NORTH WEST REGION,4,4,3,1,0,0,2,2,0,2,2,0,0,0,0,0,0,0,0,0,No,0,2,0,2,0,0,Arterial Other,Arterial Other,Undivided,Undiv,Metro,Dry,Clear,1,1,35.0,35.0,2017
1059,1059,144.74802892643802,-37.88026987549582,T20170024611,2017-12-24,19,Yes,Collision with vehicle,Sunday,HEAD ON (NOT OVERTAKING),No,Day,Not at intersection,Fatal accident,70,No,Non-Intersection,WYNDHAM,METROPOLITAN NORTH WEST REGION,4,4,3,1,0,0,2,2,0,2,2,0,0,0,0,0,0,0,0,0,No,0,2,0,2,0,0,Arterial Other,Arterial Other,Undivided,Undiv,Metro,Dry,Clear,1,1,35.0,35.0,2017
1060,1060,145.00143988757063,-37.88436053652625,T20170024218,2017-12-19,11,No,Struck Pedestrian,Tuesday,FAR SIDE. PED HIT BY VEHICLE FROM THE LEFT,No,Day,Not at intersection,Fatal accident,40,No,Non-Intersection,GLEN EIRA,METROPOLITAN SOUTH EAST REGION,2,1,1,0,0,1,1,1,0,0,1,1,0,0,0,0,0,0,0,0,No,0,1,1,0,0,0,Local Road,Local Road,Undivided,Undiv,Metro,Dry,Clear,1,0,59.0,,2017
1061,1061,143.7832119079441,-38.39056371013682,T20170024688,2017-12-26,10,No,Collision with vehicle,Tuesday,CROSS TRAFFIC(INTERSECTIONS ONLY),No,Day,Cross intersection,Fatal accident,100,No,Intersection,COLAC OTWAY,SOUTH WESTERN REGION,4,4,1,3,0,0,3,1,0,2,2,0,0,0,0,0,0,0,0,0,No,0,2,0,2,0,0,Arterial Other,"Arterial Other,Local Road",Undivided,Undiv,Country,Dry,Clear,2,0,39.5,,2017
1062,1062,145.10619429934582,-37.896922146782344,T20170023896,2017-12-14,13,No,Struck Pedestrian,Thursday,PED PLAYING/LYING/WORKING/STANDING ON CARRIAGEWAY.,Yes,Day,Cross intersection,Fatal accident,70,No,Intersection,MONASH,METROPOLITAN SOUTH EAST REGION,2,1,1,0,0,1,1,1,0,0,1,1,0,0,0,0,0,1,0,0,No,1,1,0,1,0,0,Arterial Other,Arterial Other,Divided,Div,Metro,Dry,Clear,0,1,,32.0,2017
1063,1063,144.02632077868495,-38.293775896390656,T20170023908,2017-12-14,11,No,Collision with vehicle,Thursday,HEAD ON (NOT OVERTAKING),No,Day,Not at intersection,Fatal accident,100,No,Non-Intersection,SURF COAST,SOUTH WESTERN REGION,2,2,1,1,0,0,2,0,0,0,2,0,0,0,0,0,0,0,0,0,No,0,2,1,1,0,0,Local Road,Local Road,Undivided,Undiv,Country,Dry,Clear,2,0,48.5,,2017
1064,1064,145.00274116790203,-37.951039245541075,T20180000182,2018-01-04,5,Yes,Struck Pedestrian,Thursday,PED NEAR SIDE. PED HIT BY VEHICLE FROM THE RIGHT.,No,Dark Street lights on,Not at intersection,Fatal accident,60,No,Non-Intersection,BAYSIDE,METROPOLITAN SOUTH EAST REGION,2,1,1,0,0,1,2,0,0,0,1,1,0,0,0,0,0,0,1,0,No,0,1,0,1,0,0,Arterial Other,Arterial Other,Undivided,Undiv,Metro,Dry,Clear,1,0,83.0,,2018
1065,1065,145.7701725067996,-37.515545545040816,T20170024737,2017-12-27,11,No,Collision with vehicle,Wednesday,HEAD ON (NOT OVERTAKING),No,Day,Not at intersection,Fatal accident,100,No,Non-Intersection,MURRINDINDI,NORTH EASTERN REGION,2,2,2,0,0,0,2,0,0,0,0,0,0,2,0,0,0,0,0,0,No,0,2,0,0,2,0,Arterial Other,Arterial Other,Undivided,Undiv,Country,Dry,Clear,2,0,57.0,,2017
1066,1066,145.7701725067996,-37.515545545040816,T20170024737,2017-12-27,11,No,Collision with vehicle,Wednesday,HEAD ON (NOT OVERTAKING),No,Day,Not at intersection,Fatal accident,100,No,Non-Intersection,MURRINDINDI,NORTH EASTERN REGION,2,2,2,0,0,0,2,0,0,0,0,0,0,2,0,0,0,0,0,0,No,0,2,0,0,2,0,Arterial Other,Arterial Other,Undivided,Undiv,Country,Dry,Clear,2,0,57.0,,2017
1067,1067,144.28659990236636,-37.422499967228,T20180000219,2018-01-04,7,No,Collision with vehicle,Thursday,HEAD ON (NOT OVERTAKING),No,Day,Not at intersection,Fatal accident,60,No,Non-Intersection,HEPBURN,WESTERN REGION,2,2,1,0,1,0,2,0,0,0,2,0,0,0,0,0,0,0,0,1,No,0,2,0,1,0,0,Arterial Other,Arterial Other,Undivided,Undiv,Country,Dry,Clear,2,0,27.0,,2018
1068,1068,144.1214496980078,-37.370624320134475,T20170023947,2017-12-12,9,No,No collision and no object struck,Tuesday,OUT OF CONTROL ON CARRIAGEWAY (ON BEND),No,Day,Not at intersection,Fatal accident,Camping grounds or off road,No,Non-Intersection,HEPBURN,WESTERN REGION,1,1,1,0,0,0,1,0,0,0,1,0,0,0,0,0,0,0,1,0,No,0,1,0,0,0,0,Local Road,Local Road,Undivided,Undiv,Country,Dry,Clear,1,0,88.0,,2017
1069,1069,145.31721343814837,-37.821044348774606,T20170023959,2017-12-15,11,No,Collision with vehicle,Friday,VEHICLE STRIKES ANOTHER VEH WHILE EMERGING FROM DRIVEWAY,No,Day,T intersection,Fatal accident,70,No,Intersection,MAROONDAH,METROPOLITAN SOUTH EAST REGION,2,2,1,0,1,0,2,0,0,0,1,0,0,1,0,0,0,0,0,0,No,0,2,0,1,1,0,Local Road,Local Road,Undivided,Undiv,Metro,Dry,Clear,2,0,35.5,,2017
1070,1070,145.04521810464243,-37.60695981624408,T20180000262,2018-01-05,5,Yes,Collision with a fixed object,Friday,LEFT OFF CARRIAGEWAY INTO OBJECT/PARKED VEHICLE,Yes,Dusk/Dawn,Not at intersection,Fatal accident,50,Yes,Non-Intersection,WHITTLESEA,METROPOLITAN NORTH WEST REGION,3,3,1,2,0,0,2,1,0,2,1,0,0,0,0,0,0,0,0,0,No,0,1,0,1,0,0,Local Road,Local Road,Undivided,Undiv,Metro,Dry,Not known,1,0,33.0,,2018
1071,1071,142.4182777748533,-35.33041569617085,T20170023143,2017-12-03,18,Yes,Collision with a fixed object,Sunday,OFF RIGHT BEND INTO OBJECT/PARKED VEHICLE,No,Day,T intersection,Fatal accident,100,Yes,Intersection,YARRIAMBIACK,WESTERN REGION,1,1,1,0,0,0,1,0,0,0,1,0,0,0,0,0,0,0,0,0,No,0,1,0,1,0,0,Arterial Highway,"Arterial Highway,Local Road",Undivided,Undiv,Country,Dry,Clear,1,0,40.0,,2017
1072,1072,145.46860915226446,-37.81011954894064,T20170023547,2017-12-09,13,No,Struck Pedestrian,Saturday,PED WALKING WITH TRAFFIC,No,Day,Not at intersection,Fatal accident,100,No,Non-Intersection,YARRA RANGES,METROPOLITAN SOUTH EAST REGION,3,2,1,1,0,1,2,1,0,0,1,2,0,0,0,0,0,1,0,0,No,0,1,0,1,0,0,Arterial Other,Arterial Other,Undivided,Undiv,Metro,Dry,Clear,1,0,27.0,,2017
1073,1073,144.87441933585364,-37.84871963408465,T20170022365,2017-11-23,12,No,Struck Pedestrian,Thursday,PED NEAR SIDE. PED HIT BY VEHICLE FROM THE RIGHT.,No,Day,Not at intersection,Fatal accident,Not known,No,Intersection,HOBSONS BAY,METROPOLITAN NORTH WEST REGION,2,1,1,0,0,1,2,0,0,0,1,1,0,0,0,0,0,1,0,0,No,0,1,0,0,0,0,Local Road,Local Road,Undivided,Undiv,Metro,Dry,Clear,1,0,27.0,,2017
1074,1074,144.97404856174774,-38.4296190403073,T20170023159,2017-12-04,5,Yes,Collision with a fixed object,Monday,OFF RIGHT BEND INTO OBJECT/PARKED VEHICLE,No,Unk.,Not at intersection,Fatal accident,100,Yes,Non-Intersection,MORNINGTON PENINSULA,METROPOLITAN SOUTH EAST REGION,1,1,1,0,0,0,1,0,0,0,1,0,0,0,0,0,0,0,0,1,No,0,1,0,1,0,0,Arterial Other,Arterial Other,Undivided,Undiv,Metro,Dry,Clear,1,0,22.0,,2017
1075,1075,144.55512788388475,-37.42943162803205,T20170023583,2017-12-10,9,Yes,Collision with vehicle,Sunday,REAR END(VEHICLES IN SAME LANE),No,Day,Not at intersection,Fatal accident,90,No,Non-Intersection,MACEDON RANGES,NORTHERN REGION,2,1,1,0,0,1,1,1,1,0,1,0,0,0,0,0,0,0,0,1,No,0,2,0,1,0,0,Arterial Other,Arterial Other,Undivided,Undiv,Country,Dry,Clear,1,1,57.0,23.0,2017
1076,1076,142.56214147280423,-37.598152993747945,T20170022393,2017-11-23,12,No,No collision and no object struck,Thursday,OFF CARRIAGEWAY TO LEFT,No,Day,Not at intersection,Fatal accident,100,Yes,Non-Intersection,ARARAT,WESTERN REGION,1,1,1,0,0,0,1,0,0,0,1,0,0,0,0,0,0,0,0,0,No,0,1,1,0,0,0,Arterial Highway,Arterial Highway,Undivided,Undiv,Country,Dry,Clear,1,0,37.0,,2017
1077,1077,145.11919578779228,-38.00911430126996,T20170022473,2017-11-24,15,No,Collision with vehicle,Friday,RIGHT NEAR (INTERSECTIONS ONLY),No,Day,T intersection,Fatal accident,70,No,Intersection,KINGSTON,METROPOLITAN SOUTH EAST REGION,2,1,1,0,0,1,2,0,0,0,2,0,0,0,0,0,0,0,0,0,No,0,2,1,1,0,0,Arterial Other,"Arterial Other,Local Road",Undivided,Undiv,Metro,Dry,Clear,2,0,59.0,,2017
1078,1078,141.28908885379073,-38.163281261665006,T20170022878,2017-11-29,14,No,Collision with vehicle,Wednesday,HEAD ON (NOT OVERTAKING),No,Day,Not at intersection,Fatal accident,100,No,Non-Intersection,GLENELG,SOUTH WESTERN REGION,3,3,1,1,1,0,2,1,0,1,2,0,0,0,0,0,0,0,0,0,No,0,2,1,1,0,0,Arterial Other,Arterial Other,Undivided,Undiv,Country,Dry,Clear,1,1,56.0,35.0,2017
1079,1079,146.137529874132,-36.022312524428514,T20170022879,2017-11-29,19,Yes,Collision with vehicle,Wednesday,HEAD ON (NOT OVERTAKING),No,Day,Not at intersection,Fatal accident,100,No,Non-Intersection,MOIRA,NORTH EASTERN REGION,2,2,1,1,0,0,2,0,0,0,2,0,0,0,0,0,0,0,0,0,No,0,2,1,1,0,0,Arterial Highway,Arterial Highway,Undivided,Undiv,Country,Dry,Clear,2,0,55.0,,2017
1080,1080,148.00090186005306,-37.84889665247939,T20170022514,2017-11-25,2,Yes,Collision with a fixed object,Saturday,OFF LEFT BEND INTO OBJECT/PARKED VEHICLE,No,Dark No street lights,Not at intersection,Fatal accident,100,Yes,Non-Intersection,EAST GIPPSLAND,EASTERN REGION,3,3,3,0,0,0,2,1,0,2,1,0,0,0,0,0,0,0,0,1,No,0,1,0,1,0,0,Local Road,Local Road,Undivided,Undiv,Country,Dry,Clear,0,1,,18.0,2017
1081,1081,148.00090186005306,-37.84889665247939,T20170022514,2017-11-25,2,Yes,Collision with a fixed object,Saturday,OFF LEFT BEND INTO OBJECT/PARKED VEHICLE,No,Dark No street lights,Not at intersection,Fatal accident,100,Yes,Non-Intersection,EAST GIPPSLAND,EASTERN REGION,3,3,3,0,0,0,2,1,0,2,1,0,0,0,0,0,0,0,0,1,No,0,1,0,1,0,0,Local Road,Local Road,Undivided,Undiv,Country,Dry,Clear,0,1,,18.0,2017
1082,1082,148.00090186005306,-37.84889665247939,T20170022514,2017-11-25,2,Yes,Collision with a fixed object,Saturday,OFF LEFT BEND INTO OBJECT/PARKED VEHICLE,No,Dark No street lights,Not at intersection,Fatal accident,100,Yes,Non-Intersection,EAST GIPPSLAND,EASTERN REGION,3,3,3,0,0,0,2,1,0,2,1,0,0,0,0,0,0,0,0,1,No,0,1,0,1,0,0,Local Road,Local Road,Undivided,Undiv,Country,Dry,Clear,0,1,,18.0,2017
1083,1083,145.20044184467173,-37.7484097867591,T20170023335,2017-12-06,17,No,Collision with vehicle,Wednesday,HEAD ON (NOT OVERTAKING),No,Day,Not at intersection,Fatal accident,70,No,Non-Intersection,MANNINGHAM,METROPOLITAN SOUTH EAST REGION,2,1,1,0,0,1,0,2,0,0,2,0,0,0,0,0,0,0,1,0,No,0,2,0,2,0,0,Arterial Other,Arterial Other,Undivided,Undiv,Metro,Dry,Clear,0,2,,53.5,2017
1084,1084,145.151944013827,-37.95400049390853,T20170022141,2017-11-20,17,No,Struck Pedestrian,Monday,FAR SIDE. PED HIT BY VEHICLE FROM THE LEFT,No,Day,Not at intersection,Fatal accident,40,No,Non-Intersection,DANDENONG,METROPOLITAN SOUTH EAST REGION,2,2,1,1,0,0,2,0,0,0,0,1,0,1,0,0,0,1,0,0,No,0,1,0,0,1,0,Arterial Highway,Arterial Highway,Divided,Div,Metro,Dry,Clear,1,0,41.0,,2017
1085,1085,143.35595039466415,-37.425418816976794,T20170022564,2017-11-25,9,No,Collision with vehicle,Saturday,HEAD ON (NOT OVERTAKING),No,Day,Not at intersection,Fatal accident,100,No,Non-Intersection,PYRENEES,WESTERN REGION,3,3,2,0,1,0,2,1,0,1,2,0,0,0,0,0,0,0,0,0,No,0,2,1,1,0,0,Arterial Highway,Arterial Highway,Undivided,Undiv,Country,Dry,Clear,1,1,49.0,31.0,2017
1086,1086,143.35595039466415,-37.425418816976794,T20170022564,2017-11-25,9,No,Collision with vehicle,Saturday,HEAD ON (NOT OVERTAKING),No,Day,Not at intersection,Fatal accident,100,No,Non-Intersection,PYRENEES,WESTERN REGION,3,3,2,0,1,0,2,1,0,1,2,0,0,0,0,0,0,0,0,0,No,0,2,1,1,0,0,Arterial Highway,Arterial Highway,Undivided,Undiv,Country,Dry,Clear,1,1,49.0,31.0,2017
1087,1087,146.13595493745004,-37.29586057132917,T20170022600,2017-11-26,1,Yes,Struck Pedestrian,Sunday,PED WALKING WITH TRAFFIC,Yes,Dark No street lights,Not at intersection,Fatal accident,80,No,Non-Intersection,MANSFIELD,NORTH EASTERN REGION,2,1,1,0,0,1,1,0,0,0,0,1,0,0,1,0,0,0,0,0,No,0,1,0,0,0,0,Arterial Other,Arterial Other,Undivided,Undiv,Country,Dry,Clear,0,0,,,2017
1088,1088,144.9989397502021,-37.17907001119522,T20170023403,2017-12-07,17,No,Collision with a fixed object,Thursday,RIGHT OFF CARRIAGEWAY INTO OBJECT/PARKED VEHICLE,No,Day,Not at intersection,Fatal accident,100,Yes,Non-Intersection,MITCHELL,NORTHERN REGION,2,2,1,1,0,0,1,1,0,1,1,0,0,0,0,0,0,0,0,1,No,0,1,0,1,0,0,Local Road,Local Road,Undivided,Undiv,Country,Wet,Raining,0,1,,19.0,2017