,Unnamed: 0,X,Y,ACCIDENT_NO,ACCIDENT_DATE,ACCIDENT_TIME,ALCOHOLTIME,ACCIDENT_TYPE,DAY_OF_WEEK,DCA_CODE,HIT_RUN_FLAG,LIGHT_CONDITION,ROAD_GEOMETRY,SEVERITY,SPEED_ZONE,RUN_OFFROAD,NODE_TYPE,LGA_NAME,REGION_NAME,TOTAL_PERSONS,INJ_OR_FATAL,FATALITY,SERIOUSINJURY,OTHERINJURY,NONINJURED,MALES,FEMALES,BICYCLIST,PASSENGER,DRIVER,PEDESTRIAN,PILLION,MOTORIST,UNKNOWN,PED_CYCLIST_5_12,PED_CYCLIST_13_18,OLD_PEDESTRIAN,OLD_DRIVER,YOUNG_DRIVER,ALCOHOL_RELATED,UNLICENCSED,NO_OF_VEHICLES,HEAVYVEHICLE,PASSENGERVEHICLE,MOTORCYCLE,PUBLICVEHICLE,RMA,RMA_ALL,DIVIDED,DIVIDED_ALL,STAT_DIV_NAME,Surface Cond Desc,Atmosph Cond Desc,no_male_driver,no_female_driver,avg_age_male,avg_age_female,year
1089,1089,145.71408986378358,-38.33066381414567,T20180001194,2018-01-20,10,No,No collision and no object struck,Saturday,OFF CARRIAGEWAY ON RIGHT BEND,No,Day,Not at intersection,Fatal accident,100,Yes,Non-Intersection,SOUTH GIPPSLAND,EASTERN REGION,1,1,1,0,0,0,1,0,0,0,0,0,0,1,0,0,0,0,0,0,No,0,1,0,0,1,0,Arterial Other,Arterial Other,Undivided,Undiv,Country,Dry,Clear,1,0,60.0,,2018
1090,1090,142.57154112744553,-37.15004927619796,T20180001664,2018-01-27,6,Yes,No collision and no object struck,Saturday,OFF CARRIAGEWAY TO RIGHT,No,Dusk/Dawn,Not at intersection,Fatal accident,100,Yes,Non-Intersection,NORTHERN GRAMPIANS,WESTERN REGION,4,4,1,1,2,0,3,1,0,3,1,0,0,0,0,0,0,0,0,1,No,0,1,0,1,0,0,Arterial Other,Arterial Other,Undivided,Undiv,Country,Dry,Clear,1,0,23.0,,2018
1091,1091,147.17826974553438,-36.72296946917183,T20180000400,2018-01-07,20,Yes,Collision with a fixed object,Sunday,OFF RIGHT BEND INTO OBJECT/PARKED VEHICLE,No,Day,Not at intersection,Fatal accident,100,Yes,Non-Intersection,ALPINE,NORTH EASTERN REGION,1,1,1,0,0,0,1,0,0,0,1,0,0,0,0,0,0,0,0,0,No,0,1,0,1,0,0,Local Road,Local Road,Undivided,Undiv,Country,Dry,Clear,1,0,41.0,,2018
1092,1092,145.9586711341489,-38.46639654319645,T20180000812,2018-01-14,13,No,Collision with a fixed object,Sunday,OFF LEFT BEND INTO OBJECT/PARKED VEHICLE,No,Day,Not at intersection,Fatal accident,60,Yes,Non-Intersection,SOUTH GIPPSLAND,EASTERN REGION,1,1,1,0,0,0,0,1,0,0,1,0,0,0,0,0,0,0,0,0,No,0,1,0,1,0,0,Arterial Highway,Arterial Highway,Undivided,Undiv,Country,Dry,Clear,0,1,,73.0,2018
1093,1093,146.4257727489009,-37.11533887596152,T20180001727,2018-01-28,9,Yes,Collision with a fixed object,Sunday,OFF LEFT BEND INTO OBJECT/PARKED VEHICLE,No,Day,Not at intersection,Fatal accident,60,Yes,Non-Intersection,(MOUNT BULLER),NORTH EASTERN REGION,1,1,1,0,0,0,1,0,0,0,0,0,0,1,0,0,0,0,0,0,No,0,1,0,0,1,0,Arterial Other,Arterial Other,Undivided,Undiv,Country,Dry,Clear,1,0,55.0,,2018
1094,1094,144.60059674237885,-37.64118062962292,T20180001758,2018-01-28,20,Yes,Collision with a fixed object,Sunday,RIGHT OFF CARRIAGEWAY INTO OBJECT/PARKED VEHICLE,No,Dark No street lights,Not at intersection,Fatal accident,100,Yes,Non-Intersection,MELTON,METROPOLITAN NORTH WEST REGION,1,1,1,0,0,0,0,1,0,0,1,0,0,0,0,0,0,0,0,0,No,0,1,0,1,0,0,Arterial Other,Arterial Other,Undivided,Undiv,Metro,Dry,Clear,0,1,,44.0,2018
1095,1095,145.7727486753354,-36.43368282643225,T20180000514,2018-01-09,22,Yes,Collision with vehicle,Tuesday,HEAD ON (NOT OVERTAKING),No,Dark No street lights,Not at intersection,Fatal accident,100,No,Non-Intersection,SHEPPARTON,NORTH EASTERN REGION,2,2,1,1,0,0,1,1,0,0,2,0,0,0,0,0,0,0,0,0,No,0,2,0,2,0,0,Arterial Highway,Arterial Highway,Undivided,Undiv,Country,Dry,Clear,1,1,65.0,39.0,2018
1096,1096,141.07148999973947,-38.054200006576046,T20180001358,2018-01-22,15,No,Collision with vehicle,Monday,HEAD ON (NOT OVERTAKING),No,Day,Not at intersection,Fatal accident,100,No,Non-Intersection,GLENELG,SOUTH WESTERN REGION,8,4,1,2,1,4,5,3,0,5,3,0,0,0,0,0,0,0,0,0,No,0,3,0,3,0,0,Arterial Other,Arterial Other,Undivided,Undiv,Country,Dry,Clear,3,0,52.33333333333334,,2018
1097,1097,145.16878231479853,-37.65497992661111,T20180001788,2018-01-29,14,No,Collision with vehicle,Monday,HEAD ON (NOT OVERTAKING),No,Day,Not at intersection,Fatal accident,80,No,Non-Intersection,NILLUMBIK,METROPOLITAN NORTH WEST REGION,4,1,1,0,0,3,3,1,0,2,1,0,0,1,0,0,0,0,0,0,No,0,2,0,0,1,0,Local Road,Local Road,Undivided,Undiv,Metro,Dry,Clear,1,1,33.0,39.0,2018
1098,1098,144.39935587955645,-36.77112829330626,T20180000928,2018-01-16,10,No,Collision with vehicle,Tuesday,HEAD ON (NOT OVERTAKING),No,Day,T intersection,Fatal accident,100,No,Intersection,BENDIGO,NORTHERN REGION,2,2,1,0,1,0,2,0,0,0,2,0,0,0,0,0,0,0,0,1,No,0,2,1,1,0,0,Arterial Highway,"Arterial Highway,Local Road",Undivided,Undiv,Country,Dry,Clear,2,0,36.0,,2018
1099,1099,145.27134421847984,-38.07413466989205,T20180000549,2018-01-10,12,No,Collision with a fixed object,Wednesday,RIGHT OFF CARRIAGEWAY INTO OBJECT/PARKED VEHICLE,No,Day,Cross intersection,Fatal accident,80,Yes,Intersection,CASEY,METROPOLITAN SOUTH EAST REGION,4,4,1,3,0,0,3,1,0,2,2,0,0,0,0,0,0,0,1,0,No,0,2,0,2,0,0,Arterial Highway,"Arterial Highway,Local Road",Divided,"Div,Undiv",Metro,Dry,Clear,2,0,73.0,,2018
1100,1100,142.37975000961075,-38.328131760547684,T20180000554,2018-01-10,14,No,Collision with vehicle,Wednesday,HEAD ON(OVERTAKING),No,Day,Not at intersection,Fatal accident,100,No,Non-Intersection,MOYNE,SOUTH WESTERN REGION,4,4,1,3,0,0,4,0,0,2,2,0,0,0,0,0,0,0,0,0,No,0,2,0,2,0,0,Arterial Highway,Arterial Highway,Undivided,Undiv,Country,Dry,Clear,2,0,64.0,,2018
1101,1101,144.95980816275312,-37.69915019112169,T20180001841,2018-01-30,14,No,Collision with vehicle,Tuesday,REAR END(VEHICLES IN SAME LANE),Yes,Day,Not at intersection,Fatal accident,70,No,Non-Intersection,MORELAND,METROPOLITAN NORTH WEST REGION,2,1,1,0,0,1,2,0,0,0,2,0,0,0,0,0,0,0,1,0,No,0,2,0,2,0,0,Arterial Other,Arterial Other,Divided,Div,Metro,Dry,Clear,2,0,56.5,,2018
1102,1102,144.8232787319467,-37.709092128674854,T20180001925,2018-01-31,18,Yes,Collision with a fixed object,Wednesday,RIGHT OFF CARRIAGEWAY INTO OBJECT/PARKED VEHICLE,No,Day,Not at intersection,Fatal accident,80,Yes,Non-Intersection,BRIMBANK,METROPOLITAN NORTH WEST REGION,1,1,1,0,0,0,0,1,0,0,1,0,0,0,0,0,0,0,0,1,No,1,1,0,1,0,0,Freeway,Freeway,Divided,Div,Metro,Dry,Clear,0,1,,21.0,2018
1103,1103,145.2867931347256,-38.11785876821703,T20180008307,2018-05-02,23,Yes,Collision with a fixed object,Wednesday,OFF RIGHT BEND INTO OBJECT/PARKED VEHICLE,Not known,Dark Street lights on,Not at intersection,Fatal accident,80,Yes,Non-Intersection,CASEY,METROPOLITAN SOUTH EAST REGION,2,1,1,0,0,1,1,0,0,0,1,0,0,1,0,0,0,0,0,0,No,0,2,0,1,1,0,Arterial Highway,Arterial Highway,Divided,Div,Metro,Dry,Clear,1,0,32.0,,2018
1104,1104,144.93096770464942,-37.82539108577763,T20180013325,2018-07-15,22,No,Collision with a fixed object,Sunday,OFF LEFT BEND INTO OBJECT/PARKED VEHICLE,No,Dark Street lights on,Not at intersection,Fatal accident,80,Yes,Non-Intersection,MELBOURNE,METROPOLITAN NORTH WEST REGION,1,1,1,0,0,0,1,0,0,0,0,0,0,1,0,0,0,0,0,0,No,0,1,0,0,1,0,Freeway,Freeway,Divided,Div,Metro,Wet,Clear,1,0,32.0,,2018
1105,1105,146.8423968016602,-36.628502003195145,T20180013336,2018-07-16,11,No,Collision with a fixed object,Monday,RIGHT OFF CARRIAGEWAY INTO OBJECT/PARKED VEHICLE,No,Day,Not at intersection,Fatal accident,100,Yes,Non-Intersection,ALPINE,NORTH EASTERN REGION,1,1,1,0,0,0,0,1,0,0,1,0,0,0,0,0,0,0,0,0,No,0,1,0,1,0,0,Arterial Highway,Arterial Highway,Undivided,Undiv,Country,Dry,Clear,0,1,,60.0,2018
1106,1106,145.0629298449989,-37.69215948029529,T20180013394,2018-07-17,9,No,Struck Pedestrian,Tuesday,FAR SIDE. PED HIT BY VEHICLE FROM THE LEFT,No,Day,T intersection,Fatal accident,60,No,Intersection,BANYULE,METROPOLITAN NORTH WEST REGION,2,1,1,0,0,1,2,0,0,0,1,1,0,0,0,0,0,1,0,0,No,0,1,0,0,0,1,Arterial Highway,"Arterial Highway,Local Road",Divided,"Div,Undiv",Metro,Dry,Strong winds,0,0,,,2018
1107,1107,144.85007885041676,-37.804210725222724,T20180013913,2018-07-24,18,Yes,Struck Pedestrian,Tuesday,PED WALKING WITH TRAFFIC,No,Dark Street lights on,Not at intersection,Fatal accident,50,No,Non-Intersection,MARIBYRNONG,METROPOLITAN NORTH WEST REGION,2,1,1,0,0,1,2,0,0,0,1,1,0,0,0,0,0,0,0,0,No,0,1,0,1,0,0,Local Road,Local Road,Undivided,Undiv,Metro,Wet,Clear,1,0,35.0,,2018
1108,1108,143.21870243441097,-37.379928935806646,T20180012624,2018-07-05,12,No,Collision with vehicle,Thursday,RIGHT TURN SIDESWIPE,No,Day,Not at intersection,Fatal accident,110,No,Non-Intersection,ARARAT,WESTERN REGION,2,2,1,0,1,0,2,0,0,0,2,0,0,0,0,0,0,0,0,0,No,0,2,0,1,0,0,Arterial Highway,Arterial Highway,Divided,Div,Country,Dry,Clear,2,0,57.5,,2018
1109,1109,144.354431989883,-38.10202021007029,T20180013503,2018-07-18,16,No,Collision with a fixed object,Wednesday,LEFT OFF CARRIAGEWAY INTO OBJECT/PARKED VEHICLE,No,Day,Not at intersection,Fatal accident,80,Yes,Non-Intersection,GEELONG,SOUTH WESTERN REGION,2,2,1,1,0,0,2,0,0,1,1,0,0,0,0,0,0,0,0,0,No,0,2,0,2,0,0,Arterial Highway,Arterial Highway,Divided,Div,Country,Dry,Clear,1,0,44.0,,2018
1110,1110,144.64871723285563,-36.43597876093949,T20180014002,2018-07-25,19,Yes,Collision with vehicle,Wednesday,LEAVING PARKING,No,Dark No street lights,Not at intersection,Fatal accident,100,No,Non-Intersection,BENDIGO,NORTHERN REGION,2,2,1,0,1,0,1,1,0,0,2,0,0,0,0,0,0,0,0,1,No,0,2,1,1,0,0,Arterial Highway,Arterial Highway,Undivided,Undiv,Country,Dry,Clear,1,1,24.0,71.0,2018
1111,1111,144.8157091646554,-37.82993929991295,T20180014012,2018-07-26,0,Yes,No collision and no object struck,Thursday,OUT OF CONTROL ON CARRIAGEWAY (ON BEND),No,Dark Street lights on,Not at intersection,Fatal accident,80,No,Non-Intersection,HOBSONS BAY,METROPOLITAN NORTH WEST REGION,4,2,1,0,1,2,4,0,0,1,2,0,0,1,0,0,0,0,0,0,No,0,3,1,1,1,0,Freeway,Freeway,Undivided,Undiv,Metro,Wet,Raining,3,0,43.33333333333334,,2018
1112,1112,144.9247934266071,-36.83461422158039,T20180013149,2018-07-13,14,No,Collision with vehicle,Friday,HEAD ON (NOT OVERTAKING),No,Day,Not at intersection,Fatal accident,100,No,Non-Intersection,STRATHBOGIE,NORTH EASTERN REGION,4,4,1,3,0,0,1,3,0,2,2,0,0,0,0,0,0,0,0,0,No,0,2,0,2,0,0,Arterial Other,Arterial Other,Undivided,Undiv,Country,Dry,Clear,1,1,60.0,55.0,2018
1113,1113,145.28047917333546,-37.795822802742364,T20180013613,2018-07-20,6,No,Struck Pedestrian,Friday,PED ON FOOTHPATH STRUCK BY VEHENTERING/LEAVING DRIVEWAY.,No,Dusk/Dawn,Not at intersection,Fatal accident,Not known,No,Non-Intersection,MAROONDAH,METROPOLITAN SOUTH EAST REGION,2,1,1,0,0,1,1,1,0,0,1,1,0,0,0,0,0,0,0,0,No,0,1,0,0,0,1,Local Road,Local Road,Undivided,Undiv,Metro,Dry,Clear,0,0,,,2018
1114,1114,144.18549344605947,-37.330478125306975,T20180013621,2018-07-20,9,No,Collision with vehicle,Friday,RIGHT NEAR (INTERSECTIONS ONLY),No,Day,T intersection,Fatal accident,80,No,Intersection,HEPBURN,WESTERN REGION,4,2,1,1,0,2,3,1,0,2,2,0,0,0,0,0,0,0,1,0,No,0,2,0,2,0,0,Arterial Other,"Arterial Other,Local Road",Undivided,Undiv,Country,Wet,Clear,2,0,75.0,,2018
1115,1115,144.18549344605947,-37.330478125306975,T20180013621,2018-07-20,9,No,Collision with vehicle,Friday,RIGHT NEAR (INTERSECTIONS ONLY),No,Day,T intersection,Fatal accident,80,No,Intersection,HEPBURN,WESTERN REGION,4,2,1,1,0,2,3,1,0,2,2,0,0,0,0,0,0,0,1,0,No,0,2,0,2,0,0,Arterial Other,"Arterial Other,Local Road",Undivided,Undiv,Country,Wet,Strong winds,2,0,75.0,,2018
1116,1116,144.70136329502213,-37.768460285784656,T20180012784,2018-07-08,0,Yes,Collision with vehicle,Sunday,HEAD ON(OVERTAKING),No,Dark No street lights,Not at intersection,Fatal accident,80,No,Non-Intersection,MELTON,METROPOLITAN NORTH WEST REGION,10,5,2,3,0,5,4,3,0,4,3,0,0,0,3,0,0,0,0,0,Yes,0,3,0,3,0,0,Arterial Other,Arterial Other,Undivided,Undiv,Metro,Dry,Clear,2,1,44.0,39.0,2018
1117,1117,144.70136329502213,-37.768460285784656,T20180012784,2018-07-08,0,Yes,Collision with vehicle,Sunday,HEAD ON(OVERTAKING),No,Dark No street lights,Not at intersection,Fatal accident,80,No,Non-Intersection,MELTON,METROPOLITAN NORTH WEST REGION,10,5,2,3,0,5,4,3,0,4,3,0,0,0,3,0,0,0,0,0,Yes,0,3,0,3,0,0,Arterial Other,Arterial Other,Undivided,Undiv,Metro,Dry,Clear,2,1,44.0,39.0,2018
1118,1118,145.7101091355362,-37.19359750674702,T20180012798,2018-07-08,9,Yes,Collision with a fixed object,Sunday,RIGHT OFF CARRIAGEWAY INTO OBJECT/PARKED VEHICLE,No,Day,Not at intersection,Fatal accident,50,Yes,Non-Intersection,MURRINDINDI,NORTH EASTERN REGION,2,1,1,0,0,1,2,0,0,0,1,1,0,0,0,0,0,0,0,0,No,0,3,0,3,0,0,Local Road,Local Road,Undivided,Undiv,Country,Wet,Raining,1,0,73.0,,2018
1119,1119,144.70268837835687,-36.86270978788532,T20180010981,2018-06-11,11,No,Collision with vehicle,Monday,OTHER OVERTAKING MANOEUVRES NOT INCLUDED IN DCAs 150-154,No,Day,Not at intersection,Fatal accident,100,No,Non-Intersection,BENDIGO,NORTHERN REGION,7,1,1,0,0,6,5,2,0,3,2,0,0,2,0,0,0,0,0,0,No,1,4,0,2,2,0,Arterial Highway,Arterial Highway,Undivided,Undiv,Country,Dry,Clear,3,1,51.33333333333334,65.0,2018
1120,1120,145.08912440462626,-38.23400637757928,T20180010991,2018-06-11,10,No,Collision with vehicle,Monday,REAR END(VEHICLES IN SAME LANE),No,Day,Not at intersection,Fatal accident,100,No,Non-Intersection,MORNINGTON PENINSULA,METROPOLITAN SOUTH EAST REGION,2,1,1,0,0,1,2,0,1,0,1,0,0,0,0,0,0,0,0,0,No,0,2,1,0,0,0,Arterial Highway,Arterial Highway,Divided,Div,Metro,Dry,Clear,1,0,61.0,,2018
1121,1121,144.32978244935418,-38.14098040332821,T20170023468,2017-12-08,15,No,Struck Pedestrian,Friday,PED NEAR SIDE. PED HIT BY VEHICLE FROM THE RIGHT.,No,Day,Cross intersection,Fatal accident,60,No,Intersection,GEELONG,SOUTH WESTERN REGION,2,1,1,0,0,1,2,0,0,0,1,1,0,0,0,0,0,1,0,0,No,0,1,0,0,0,1,Local Road,Local Road,Undivided,Undiv,Country,Dry,Clear,1,0,65.0,,2017
1122,1122,144.87550376461868,-37.568180465708814,T20180003753,2018-02-26,21,Yes,Collision with vehicle,Monday,REAR END(VEHICLES IN SAME LANE),No,Dark No street lights,Not at intersection,Fatal accident,60,No,Non-Intersection,HUME,METROPOLITAN NORTH WEST REGION,4,3,1,0,2,1,3,1,0,0,3,1,0,0,0,0,0,0,0,1,No,0,3,0,3,0,0,Arterial Other,Arterial Other,Undivided,Undiv,Metro,Dry,Clear,2,1,29.0,59.0,2018
1123,1123,145.74166678561986,-38.12287061615532,T20180003347,2018-02-21,8,No,Collision with a fixed object,Wednesday,LEFT OFF CARRIAGEWAY INTO OBJECT/PARKED VEHICLE,No,Day,Not at intersection,Fatal accident,100,Yes,Non-Intersection,CARDINIA,METROPOLITAN SOUTH EAST REGION,2,2,1,1,0,0,1,1,0,1,1,0,0,0,0,0,0,0,0,1,No,0,1,0,1,0,0,Local Road,Local Road,Undivided,Undiv,Metro,Dry,Clear,1,0,18.0,,2018
1124,1124,145.2518242829413,-37.92727181221599,T20180002925,2018-02-15,11,No,Collision with a fixed object,Thursday,LEFT OFF CARRIAGEWAY INTO OBJECT/PARKED VEHICLE,No,Day,Cross intersection,Fatal accident,80,Yes,Intersection,KNOX,METROPOLITAN SOUTH EAST REGION,2,2,1,0,1,0,1,1,0,0,2,0,0,0,0,0,0,0,0,0,No,0,2,0,2,0,0,Arterial Other,"Arterial Other,Local Road",Divided,"Div,Undiv",Metro,Dry,Clear,1,1,33.0,27.0,2018
1125,1125,143.69255270718278,-38.041937318603466,T20180002930,2018-02-15,9,No,Collision with a fixed object,Thursday,RIGHT OFF CARRIAGEWAY INTO OBJECT/PARKED VEHICLE,No,Day,Not at intersection,Fatal accident,40,Yes,Non-Intersection,COLAC OTWAY,SOUTH WESTERN REGION,1,1,1,0,0,0,1,0,0,0,1,0,0,0,0,0,0,0,1,0,No,0,1,0,1,0,0,Arterial Highway,Arterial Highway,Undivided,Undiv,Country,Dry,Clear,1,0,92.0,,2018
1126,1126,145.41271115956863,-37.57662006789316,T20180002987,2018-02-16,5,Yes,Collision with vehicle,Friday,HEAD ON (NOT OVERTAKING),No,Dark No street lights,Not at intersection,Fatal accident,80,No,Non-Intersection,YARRA RANGES,METROPOLITAN SOUTH EAST REGION,3,1,1,0,0,2,3,0,0,0,3,0,0,0,0,0,0,0,0,0,No,0,3,1,2,0,0,Arterial Highway,Arterial Highway,Undivided,Undiv,Metro,Wet,Clear,3,0,46.0,,2018
1127,1127,144.99969528807645,-37.81590295448692,T20180003432,2018-02-22,16,No,Struck Pedestrian,Thursday,PED NEAR SIDE. PED HIT BY VEHICLE FROM THE RIGHT.,No,Day,Cross intersection,Fatal accident,40,No,Non-Intersection,YARRA,METROPOLITAN NORTH WEST REGION,2,1,1,0,0,1,0,2,0,0,1,1,0,0,0,0,0,1,0,1,No,0,1,0,1,0,0,Local Road,Local Road,Undivided,Undiv,Metro,Dry,Clear,0,1,,24.0,2018
1128,1128,143.7073000762173,-38.31184318386806,T20180002129,2018-02-03,14,Yes,Collision with vehicle,Saturday,HEAD ON(OVERTAKING),No,Day,Not at intersection,Fatal accident,80,No,Non-Intersection,COLAC OTWAY,SOUTH WESTERN REGION,5,1,1,0,0,4,5,0,0,2,2,0,0,1,0,0,0,0,0,0,No,0,3,0,2,1,0,Arterial Highway,Arterial Highway,Undivided,Undiv,Country,Dry,Clear,3,0,53.0,,2018
1129,1129,143.25704978039875,-38.74491006694657,T20180003453,2018-02-22,15,No,Collision with a fixed object,Thursday,OFF RIGHT BEND INTO OBJECT/PARKED VEHICLE,No,Day,Not at intersection,Fatal accident,80,Yes,Non-Intersection,COLAC OTWAY,SOUTH WESTERN REGION,1,1,1,0,0,0,1,0,0,0,0,0,0,1,0,0,0,0,0,0,No,0,1,0,0,1,0,Arterial Highway,Arterial Highway,Undivided,Undiv,Country,Dry,Clear,1,0,52.0,,2018
1130,1130,144.35867431126502,-38.084169232471275,T20180002654,2018-02-11,23,Yes,Collision with vehicle,Sunday,CROSS TRAFFIC(INTERSECTIONS ONLY),No,Dark Street lights on,Multiple intersection,Fatal accident,80,No,Intersection,GEELONG,SOUTH WESTERN REGION,3,3,2,1,0,0,3,0,0,1,2,0,0,0,0,0,0,0,0,0,No,1,2,0,2,0,0,Arterial Highway,"Arterial Highway,Arterial Other",Divided,"Div,Undiv",Country,Dry,Clear,2,0,38.0,,2018
1131,1131,144.35867431126502,-38.084169232471275,T20180002654,2018-02-11,23,Yes,Collision with vehicle,Sunday,CROSS TRAFFIC(INTERSECTIONS ONLY),No,Dark Street lights on,Multiple intersection,Fatal accident,80,No,Intersection,GEELONG,SOUTH WESTERN REGION,3,3,2,1,0,0,3,0,0,1,2,0,0,0,0,0,0,0,0,0,No,1,2,0,2,0,0,Arterial Highway,"Arterial Highway,Arterial Other",Divided,"Div,Undiv",Country,Dry,Clear,2,0,38.0,,2018
1132,1132,145.41580345744643,-36.360219802982066,T20180003099,2018-02-17,21,Yes,Collision with vehicle,Saturday,RIGHT FAR (INTERSECTIONS ONLY),No,Dark Street lights on,T intersection,Fatal accident,60,No,Intersection,SHEPPARTON,NORTH EASTERN REGION,2,2,1,0,1,0,1,1,0,0,2,0,0,0,0,0,0,0,0,0,No,0,2,0,2,0,0,Local Road,Local Road,Undivided,Undiv,Country,Dry,Clear,1,1,37.0,32.0,2018
1133,1133,142.0546092670593,-36.801929200011934,T20180002258,2018-02-05,14,No,Collision with a fixed object,Monday,LEFT OFF CARRIAGEWAY INTO OBJECT/PARKED VEHICLE,No,Day,Not at intersection,Fatal accident,100,Yes,Non-Intersection,HORSHAM,WESTERN REGION,4,4,1,2,1,0,2,2,0,3,1,0,0,0,0,0,0,0,0,0,No,0,1,0,1,0,0,Arterial Other,Arterial Other,Undivided,Undiv,Country,Dry,Clear,1,0,68.0,,2018
1134,1134,145.61520213852486,-37.96301086358594,T20180003144,2018-02-18,12,No,Collision with vehicle,Sunday,HEAD ON (NOT OVERTAKING),No,Day,Not at intersection,Fatal accident,50,No,Non-Intersection,CARDINIA,METROPOLITAN SOUTH EAST REGION,8,1,1,0,0,7,5,3,0,5,1,0,0,2,0,0,0,0,0,1,No,0,3,0,1,2,0,Local Road,Local Road,Undivided,Undiv,Metro,Dry,Clear,3,0,30.66666666666667,,2018
1135,1135,145.65577190164527,-38.07205228941864,T20180003159,2018-02-18,18,Yes,Collision with vehicle,Sunday,VEHICLE STRIKES ANOTHER VEH WHILE EMERGING FROM DRIVEWAY,No,Day,Not at intersection,Fatal accident,100,No,Intersection,CARDINIA,METROPOLITAN SOUTH EAST REGION,3,3,1,2,0,0,1,2,0,1,2,0,0,0,0,0,0,0,0,0,No,0,2,0,2,0,0,Freeway,"Freeway,Local Road",Divided,"Div,Undiv",Metro,Dry,Clear,0,2,,48.5,2018
1136,1136,145.9550148737079,-38.563607233353046,T20180009962,2018-05-26,5,Yes,Collision with a fixed object,Saturday,OFF LEFT BEND INTO OBJECT/PARKED VEHICLE,No,Dark No street lights,Not at intersection,Fatal accident,100,Yes,Non-Intersection,SOUTH GIPPSLAND,EASTERN REGION,1,1,1,0,0,0,1,0,0,0,1,0,0,0,0,0,0,0,0,0,No,0,1,1,0,0,0,Arterial Highway,Arterial Highway,Undivided,Undiv,Country,Dry,Clear,1,0,50.0,,2018
1137,1137,145.4158496176545,-38.076521682187476,T20180009188,2018-05-15,11,No,Collision with vehicle,Tuesday,REAR END(VEHICLES IN SAME LANE),No,Day,Not at intersection,Fatal accident,100,No,Non-Intersection,CARDINIA,METROPOLITAN SOUTH EAST REGION,2,2,1,0,1,0,2,0,0,0,2,0,0,0,0,0,0,0,1,0,No,0,2,1,1,0,0,Freeway,Freeway,Divided,Div,Metro,Wet,Raining,2,0,56.5,,2018
1138,1138,146.53327814832613,-38.19581391399701,T20180009568,2018-05-21,6,No,Struck Pedestrian,Monday,PED NEAR SIDE. PED HIT BY VEHICLE FROM THE RIGHT.,No,Dusk/Dawn,Cross intersection,Fatal accident,60,No,Intersection,LATROBE,EASTERN REGION,2,1,1,0,0,1,2,0,0,0,1,1,0,0,0,0,0,1,0,1,No,0,1,0,0,0,0,Local Road,Local Road,Undivided,Undiv,Country,Wet,Clear,1,0,19.0,,2018
1139,1139,144.9231898764109,-37.80243073507563,T20180009615,2018-05-21,14,No,Collision with a fixed object,Monday,LEFT OFF CARRIAGEWAY INTO OBJECT/PARKED VEHICLE,No,Day,Not at intersection,Fatal accident,70,Yes,Non-Intersection,MELBOURNE,METROPOLITAN NORTH WEST REGION,1,1,1,0,0,0,1,0,0,0,1,0,0,0,0,0,0,0,0,1,No,0,1,0,1,0,0,Arterial Other,Arterial Other,Undivided,Undiv,Metro,Wet,Clear,1,0,23.0,,2018
1140,1140,143.85900916625351,-37.562227376594905,T20180008784,2018-05-09,11,No,Struck Pedestrian,Wednesday,PED NEAR SIDE. PED HIT BY VEHICLE FROM THE RIGHT.,No,Day,T intersection,Fatal accident,40,No,Non-Intersection,BALLARAT,WESTERN REGION,2,1,1,0,0,1,1,1,0,0,1,1,0,0,0,0,0,1,0,0,No,0,1,0,1,0,0,Local Road,Local Road,Divided,Div,Country,Dry,Clear,0,1,,35.0,2018
1141,1141,145.92207461220164,-38.1000399215719,T20180008792,2018-05-09,14,No,Collision with vehicle,Wednesday,CROSS TRAFFIC(INTERSECTIONS ONLY),No,Day,Cross intersection,Fatal accident,100,No,Intersection,BAW BAW,EASTERN REGION,2,2,1,1,0,0,2,0,0,0,2,0,0,0,0,0,0,0,0,0,No,0,2,0,2,0,0,Arterial Other,"Arterial Other,Local Road",Undivided,Undiv,Country,Dry,Clear,2,0,45.5,,2018
1142,1142,145.24364809123796,-37.85275314270806,T20180007511,2018-04-21,1,Yes,Collision with vehicle,Saturday,CROSS TRAFFIC(INTERSECTIONS ONLY),Yes,Dark Street lights on,Cross intersection,Fatal accident,80,No,Intersection,KNOX,METROPOLITAN SOUTH EAST REGION,4,4,2,0,2,0,2,2,0,2,2,0,0,0,0,0,0,0,0,1,No,0,2,0,2,0,0,Arterial Other,Arterial Other,Divided,Div,Metro,Wet,Fog,1,1,19.0,32.0,2018