,Unnamed: 0,X,Y,ACCIDENT_NO,ACCIDENT_DATE,ACCIDENT_TIME,ALCOHOLTIME,ACCIDENT_TYPE,DAY_OF_WEEK,DCA_CODE,HIT_RUN_FLAG,LIGHT_CONDITION,ROAD_GEOMETRY,SEVERITY,SPEED_ZONE,RUN_OFFROAD,NODE_TYPE,LGA_NAME,REGION_NAME,TOTAL_PERSONS,INJ_OR_FATAL,FATALITY,SERIOUSINJURY,OTHERINJURY,NONINJURED,MALES,FEMALES,BICYCLIST,PASSENGER,DRIVER,PEDESTRIAN,PILLION,MOTORIST,UNKNOWN,PED_CYCLIST_5_12,PED_CYCLIST_13_18,OLD_PEDESTRIAN,OLD_DRIVER,YOUNG_DRIVER,ALCOHOL_RELATED,UNLICENCSED,NO_OF_VEHICLES,HEAVYVEHICLE,PASSENGERVEHICLE,MOTORCYCLE,PUBLICVEHICLE,RMA,RMA_ALL,DIVIDED,DIVIDED_ALL,STAT_DIV_NAME,Surface Cond Desc,Atmosph Cond Desc,no_male_driver,no_female_driver,avg_age_male,avg_age_female,year
1143,1143,145.24364809123796,-37.85275314270806,T20180007511,2018-04-21,1,Yes,Collision with vehicle,Saturday,CROSS TRAFFIC(INTERSECTIONS ONLY),Yes,Dark Street lights on,Cross intersection,Fatal accident,80,No,Intersection,KNOX,METROPOLITAN SOUTH EAST REGION,4,4,2,0,2,0,2,2,0,2,2,0,0,0,0,0,0,0,0,1,No,0,2,0,2,0,0,Arterial Other,Arterial Other,Divided,Div,Metro,Wet,Fog,1,1,19.0,32.0,2018
1144,1144,146.97937378639358,-37.96872205861153,T20180008855,2018-05-10,11,No,Collision with vehicle,Thursday,RIGHT TURN SIDESWIPE,No,Day,T intersection,Fatal accident,60,No,Non-Intersection,WELLINGTON,EASTERN REGION,2,1,1,0,0,1,1,1,0,0,2,0,0,0,0,0,0,0,1,0,No,0,2,0,2,0,0,Local Road,Local Road,Undivided,Undiv,Country,Dry,Clear,1,1,83.0,40.0,2018
1145,1145,145.4164520064482,-37.55995996460055,T20180008488,2018-05-05,2,Yes,No collision and no object struck,Saturday,OFF CARRIAGEWAY ON RIGHT BEND,No,Dark No street lights,Not at intersection,Fatal accident,80,Yes,Non-Intersection,YARRA RANGES,METROPOLITAN SOUTH EAST REGION,2,2,1,1,0,0,0,2,0,1,1,0,0,0,0,0,0,0,0,0,No,0,1,0,1,0,0,Arterial Highway,Arterial Highway,Undivided,Undiv,Metro,Dry,Clear,0,1,,52.0,2018
1146,1146,145.10311812044796,-37.89935188347982,T20180008895,2018-05-10,22,Yes,Collision with a fixed object,Thursday,RIGHT OFF CARRIAGEWAY INTO OBJECT/PARKED VEHICLE,No,Dark Street lights on,Not at intersection,Fatal accident,80,Yes,Non-Intersection,MONASH,METROPOLITAN SOUTH EAST REGION,1,1,1,0,0,0,1,0,0,0,0,0,0,1,0,0,0,0,0,0,No,0,1,0,0,1,0,Arterial Highway,Arterial Highway,Divided,Div,Metro,Wet,Not known,1,0,19.0,,2018
1147,1147,144.7324794261582,-37.56629994342149,T20180008066,2018-04-29,16,Yes,Struck Pedestrian,Sunday,FAR SIDE. PED HIT BY VEHICLE FROM THE LEFT,No,Day,T intersection,Fatal accident,60,No,Non-Intersection,HUME,METROPOLITAN NORTH WEST REGION,2,1,1,0,0,1,1,1,0,0,1,1,0,0,0,0,0,1,0,0,Yes,0,1,0,1,0,0,Local Road,Local Road,Undivided,Undiv,Metro,Dry,Clear,1,0,50.0,,2018
1148,1148,145.0016523482036,-37.75229049900821,T20180008538,2018-05-05,14,Yes,Collision with vehicle,Saturday,RIGHT THROUGH,No,Day,Multiple intersection,Fatal accident,50,No,Intersection,DAREBIN,METROPOLITAN NORTH WEST REGION,2,1,1,0,0,1,1,1,0,0,1,0,0,1,0,0,0,0,0,0,No,0,2,0,0,1,1,Local Road,Local Road,Undivided,Undiv,Metro,Dry,Clear,1,1,58.0,38.0,2018
1149,1149,143.11532641126175,-36.9053294358417,T20180008548,2018-05-05,18,Yes,Collision with vehicle,Saturday,CROSS TRAFFIC(INTERSECTIONS ONLY),No,Dark No street lights,Cross intersection,Fatal accident,80,No,Intersection,NORTHERN GRAMPIANS,WESTERN REGION,5,5,4,1,0,0,0,5,0,3,2,0,0,0,0,0,0,0,1,0,No,0,2,0,2,0,0,Arterial Other,"Arterial Other,Local Road",Undivided,Undiv,Country,Dry,Clear,0,2,,69.5,2018
1150,1150,143.11532641126175,-36.9053294358417,T20180008548,2018-05-05,18,Yes,Collision with vehicle,Saturday,CROSS TRAFFIC(INTERSECTIONS ONLY),No,Dark No street lights,Cross intersection,Fatal accident,80,No,Intersection,NORTHERN GRAMPIANS,WESTERN REGION,5,5,4,1,0,0,0,5,0,3,2,0,0,0,0,0,0,0,1,0,No,0,2,0,2,0,0,Arterial Other,"Arterial Other,Local Road",Undivided,Undiv,Country,Dry,Clear,0,2,,69.5,2018
1151,1151,143.11532641126175,-36.9053294358417,T20180008548,2018-05-05,18,Yes,Collision with vehicle,Saturday,CROSS TRAFFIC(INTERSECTIONS ONLY),No,Dark No street lights,Cross intersection,Fatal accident,80,No,Intersection,NORTHERN GRAMPIANS,WESTERN REGION,5,5,4,1,0,0,0,5,0,3,2,0,0,0,0,0,0,0,1,0,No,0,2,0,2,0,0,Arterial Other,"Arterial Other,Local Road",Undivided,Undiv,Country,Dry,Clear,0,2,,69.5,2018
1152,1152,143.11532641126175,-36.9053294358417,T20180008548,2018-05-05,18,Yes,Collision with vehicle,Saturday,CROSS TRAFFIC(INTERSECTIONS ONLY),No,Dark No street lights,Cross intersection,Fatal accident,80,No,Intersection,NORTHERN GRAMPIANS,WESTERN REGION,5,5,4,1,0,0,0,5,0,3,2,0,0,0,0,0,0,0,1,0,No,0,2,0,2,0,0,Arterial Other,"Arterial Other,Local Road",Undivided,Undiv,Country,Dry,Clear,0,2,,69.5,2018
1153,1153,146.94223879132053,-36.720973505169354,T20180008549,2018-05-05,22,Yes,Collision with a fixed object,Saturday,OFF LEFT BEND INTO OBJECT/PARKED VEHICLE,No,Dark No street lights,Not at intersection,Fatal accident,80,Yes,Non-Intersection,ALPINE,NORTH EASTERN REGION,1,1,1,0,0,0,1,0,0,0,1,0,0,0,0,0,0,0,0,0,No,0,1,0,1,0,0,Arterial Highway,Arterial Highway,Undivided,Undiv,Country,Dry,Clear,1,0,34.0,,2018
1154,1154,145.06267337669698,-37.69201874484111,T20180007661,2018-04-23,16,No,Collision with vehicle,Monday,OTHER MANOEUVRING NOT INCLUDED IN DCAs 140-148,No,Day,T intersection,Fatal accident,50,No,Intersection,WHITTLESEA,METROPOLITAN NORTH WEST REGION,2,1,1,0,0,1,2,0,0,0,2,0,0,0,0,0,0,0,1,0,No,0,2,0,2,0,0,Arterial Highway,"Arterial Highway,Local Road",Divided,"Div,Undiv",Metro,Dry,Clear,2,0,74.0,,2018
1155,1155,145.05746009660885,-37.39043025340597,T20180008555,2018-05-06,2,Yes,Collision with a fixed object,Sunday,OFF RIGHT BEND INTO OBJECT/PARKED VEHICLE,No,Dark No street lights,Not at intersection,Fatal accident,100,Yes,Non-Intersection,MITCHELL,NORTHERN REGION,5,5,1,1,3,0,4,1,0,4,1,0,0,0,0,0,0,0,0,1,No,0,1,0,1,0,0,Local Road,Local Road,Undivided,Undiv,Country,Dry,Clear,1,0,24.0,,2018
1156,1156,145.90369664770438,-36.584235653594156,T20180007687,2018-04-23,17,No,Collision with a fixed object,Monday,LEFT OFF CARRIAGEWAY INTO OBJECT/PARKED VEHICLE,No,Day,Not at intersection,Fatal accident,110,Yes,Non-Intersection,BENALLA,NORTH EASTERN REGION,1,1,1,0,0,0,1,0,0,0,1,0,0,0,0,0,0,0,0,0,No,0,1,0,1,0,0,Freeway,Freeway,Divided,Div,Country,Dry,Clear,1,0,40.0,,2018
1157,1157,144.8373674711274,-37.7207119792331,T20180008579,2018-05-06,12,No,Struck Pedestrian,Sunday,PED NEAR SIDE. PED HIT BY VEHICLE FROM THE RIGHT.,No,Day,Not at intersection,Fatal accident,60,No,Non-Intersection,BRIMBANK,METROPOLITAN NORTH WEST REGION,2,1,1,0,0,1,2,0,0,0,1,1,0,0,0,0,0,0,0,0,No,0,1,0,1,0,0,Arterial Other,Arterial Other,Undivided,Undiv,Metro,Dry,Clear,1,0,45.0,,2018
1158,1158,145.48590345386387,-37.57989823957503,T20180008199,2018-05-01,11,No,Collision with vehicle,Tuesday,HEAD ON (NOT OVERTAKING),No,Day,Not at intersection,Fatal accident,80,No,Non-Intersection,YARRA RANGES,METROPOLITAN SOUTH EAST REGION,2,1,1,0,0,1,2,0,0,0,1,0,0,1,0,0,0,0,0,0,No,0,2,1,0,1,0,Arterial Other,Arterial Other,Undivided,Undiv,Metro,Dry,Clear,2,0,43.0,,2018
1159,1159,144.8358503404923,-37.770570040340736,T20180007346,2018-04-18,18,Yes,Struck Pedestrian,Wednesday,PED EMERGES FROM IN FRONT OF PARKED OR STATIONARY VEHICLE,No,Dark Street lights on,Not at intersection,Fatal accident,50,No,Non-Intersection,BRIMBANK,METROPOLITAN NORTH WEST REGION,2,1,1,0,0,1,1,1,0,0,1,1,0,0,0,0,0,1,0,0,No,0,1,0,1,0,0,Local Road,Local Road,Undivided,Undiv,Metro,Dry,Clear,1,0,31.0,,2018
1160,1160,143.63330856750156,-38.26273973247125,T20180007799,2018-04-25,10,No,Collision with vehicle,Wednesday,PULLING OUT (OVERTAKING),No,Day,Not at intersection,Fatal accident,100,No,Non-Intersection,COLAC OTWAY,SOUTH WESTERN REGION,3,3,1,0,2,0,2,1,0,1,1,0,0,1,0,0,0,0,0,0,No,0,2,0,1,1,0,Arterial Other,Arterial Other,Undivided,Undiv,Country,Dry,Clear,2,0,58.0,,2018
1161,1161,143.78437167963062,-36.41964528535336,T20180021622,2018-11-18,14,No,Collision with a fixed object,Sunday,RIGHT OFF CARRIAGEWAY INTO OBJECT/PARKED VEHICLE,No,Day,Not at intersection,Fatal accident,100,Yes,Non-Intersection,LODDON,NORTHERN REGION,1,1,1,0,0,0,1,0,0,0,1,0,0,0,0,0,0,0,0,0,Yes,0,1,0,1,0,0,Local Road,Local Road,Undivided,Undiv,Country,Dry,Clear,1,0,51.0,,2018
1162,1162,146.18643110056294,-38.25108043962727,T20180021624,2018-11-18,11,No,Collision with a fixed object,Sunday,OFF RIGHT BEND INTO OBJECT/PARKED VEHICLE,No,Day,Not at intersection,Fatal accident,80,Yes,Non-Intersection,BAW BAW,EASTERN REGION,2,2,1,1,0,0,1,1,0,0,0,0,1,1,0,0,0,0,0,0,No,0,1,0,0,1,0,Arterial Other,Arterial Other,Undivided,Undiv,Country,Dry,Clear,1,0,63.0,,2018
1163,1163,143.70624016410102,-37.51137097627238,T20180022090,2018-11-24,20,Yes,Collision with vehicle,Saturday,CROSS TRAFFIC(INTERSECTIONS ONLY),No,Day,Cross intersection,Fatal accident,80,No,Intersection,BALLARAT,WESTERN REGION,7,7,1,4,2,0,2,5,0,5,2,0,0,0,0,0,0,0,0,1,No,0,2,0,2,0,0,Arterial Other,"Arterial Other,Local Road",Undivided,Undiv,Country,Dry,Clear,1,1,48.0,21.0,2018
1164,1164,144.93102122597313,-37.69742137596221,T20180022591,2018-12-02,11,No,Collision with vehicle,Sunday,REAR END(VEHICLES IN SAME LANE),No,Day,Not at intersection,Fatal accident,50,No,Non-Intersection,MORELAND,METROPOLITAN NORTH WEST REGION,1,1,1,0,0,0,1,0,0,0,0,0,0,1,0,0,0,0,0,0,No,0,2,0,1,1,0,Local Road,Local Road,Undivided,Undiv,Metro,Dry,Clear,1,0,17.0,,2018
1165,1165,144.99588501041734,-37.83818224742323,T20180021642,2018-11-18,20,Yes,Struck Pedestrian,Sunday,FAR SIDE. PED HIT BY VEHICLE FROM THE LEFT,No,Dark Street lights on,T intersection,Fatal accident,40,No,Intersection,STONNINGTON,METROPOLITAN SOUTH EAST REGION,2,2,1,0,1,0,2,0,0,0,1,1,0,0,0,0,0,1,0,0,Yes,0,1,0,1,0,0,Arterial Other,"Arterial Other,Local Road",Undivided,Undiv,Metro,Dry,Clear,1,0,27.0,,2018
1166,1166,144.91342342941076,-37.616433372673676,T20180022099,2018-11-25,2,Yes,Collision with vehicle,Sunday,CROSS TRAFFIC(INTERSECTIONS ONLY),No,Dark Street lights unknown,Cross intersection,Fatal accident,60,No,Intersection,HUME,METROPOLITAN NORTH WEST REGION,6,6,1,4,1,0,4,2,0,4,2,0,0,0,0,0,0,0,0,2,Yes,0,2,0,2,0,0,Local Road,Local Road,Undivided,Undiv,Metro,Unknown,Not known,2,0,21.5,,2018
1167,1167,144.91852506590809,-37.75623533761495,T20180021661,2018-11-19,10,No,Struck Pedestrian,Monday,PED NEAR SIDE. PED HIT BY VEHICLE FROM THE RIGHT.,No,Day,T intersection,Fatal accident,60,No,Non-Intersection,MOONEE VALLEY,METROPOLITAN NORTH WEST REGION,2,1,1,0,0,1,2,0,0,0,1,1,0,0,0,0,0,1,1,0,No,0,1,0,1,0,0,Arterial Other,Arterial Other,Divided,Div,Metro,Dry,Clear,1,0,85.0,,2018
1168,1168,144.98652451641124,-37.838321080684146,T20180021773,2018-11-20,14,No,Collision with vehicle,Tuesday,LEFT REAR,No,Day,Cross intersection,Fatal accident,60,No,Intersection,STONNINGTON,METROPOLITAN NORTH WEST REGION,2,1,1,0,0,1,1,1,1,0,1,0,0,0,0,0,0,0,0,0,No,0,2,1,0,0,0,Arterial Highway,"Arterial Highway,Arterial Other",Undivided,Undiv,Metro,Dry,Clear,1,1,38.0,28.0,2018
1169,1169,144.97747958743648,-37.64689764839153,T20190003953,2019-03-01,1,Yes,Vehicle overturned (no collision),Friday,OFF CARRIAGEWAY ON LEFT BEND,No,Dark Street lights on,Not at intersection,Fatal accident,80,Yes,Non-Intersection,WHITTLESEA,METROPOLITAN NORTH WEST REGION,2,2,1,1,0,0,0,2,0,1,1,0,0,0,0,0,0,0,0,0,No,0,1,0,1,0,0,Arterial Other,Arterial Other,Divided,Div,Metro,Dry,Clear,0,1,,15.0,2019
1170,1170,143.7231473216905,-37.10456728137074,T20190005079,2019-03-17,10,No,Collision with vehicle,Sunday,HEAD ON (NOT OVERTAKING),No,Day,T intersection,Fatal accident,100,No,Intersection,CENTRAL GOLDFIELDS,WESTERN REGION,3,3,1,2,0,0,2,1,0,1,2,0,0,0,0,0,0,0,2,0,No,0,2,0,2,0,0,Arterial Other,"Arterial Other,Local Road",Undivided,Undiv,Country,Dry,Clear,2,0,81.5,,2019
1171,1171,144.9825023900691,-37.71093301670745,T20190003510,2019-02-23,2,Yes,Collision with vehicle,Saturday,LEFT OFF CARRIAGEWAY INTO OBJECT/PARKED VEHICLE,No,Dark Street lights on,Not at intersection,Fatal accident,50,Yes,Non-Intersection,DAREBIN,METROPOLITAN NORTH WEST REGION,2,2,1,0,1,0,2,0,0,1,1,0,0,0,0,0,0,0,0,0,No,0,3,1,1,0,0,Local Road,Local Road,Undivided,Undiv,Metro,Dry,Clear,1,0,31.0,,2019
1172,1172,145.13344807444642,-37.96011914630698,T20190003541,2019-02-23,16,Yes,Collision with vehicle,Saturday,RIGHT OFF CARRIAGEWAY INTO OBJECT/PARKED VEHICLE,No,Day,T intersection,Fatal accident,60,Yes,Intersection,DANDENONG,METROPOLITAN SOUTH EAST REGION,2,2,1,0,1,0,2,0,0,0,1,0,0,1,0,0,0,0,0,0,No,1,2,0,1,1,0,Arterial Other,"Arterial Other,Local Road",Undivided,Undiv,Metro,Dry,Clear,2,0,25.5,,2019
1173,1173,145.2371119264854,-38.22384108473965,T20190003695,2019-02-25,16,No,Collision with vehicle,Monday,HEAD ON (NOT OVERTAKING),No,Day,Not at intersection,Fatal accident,100,No,Non-Intersection,MORNINGTON PENINSULA,METROPOLITAN SOUTH EAST REGION,4,2,1,1,0,2,3,1,0,0,3,0,0,1,0,0,0,0,0,1,No,0,4,0,3,1,0,Local Road,Local Road,Undivided,Undiv,Metro,Dry,Clear,3,1,47.33333333333334,28.0,2019
1174,1174,144.4153334644566,-38.01954277343509,T20180005088,2018-03-17,5,Yes,Collision with a fixed object,Saturday,OFF LEFT BEND INTO OBJECT/PARKED VEHICLE,No,Dark Street lights on,Not at intersection,Fatal accident,60,Yes,Non-Intersection,GEELONG,SOUTH WESTERN REGION,1,1,1,0,0,0,1,0,0,0,1,0,0,0,0,0,0,0,0,0,No,0,1,0,1,0,0,Local Road,Local Road,Undivided,Undiv,Country,Dry,Clear,1,0,26.0,,2018
1175,1175,144.74990091168047,-36.39930982780942,T20180004307,2018-03-06,6,No,Collision with vehicle,Tuesday,HEAD ON(OVERTAKING),No,Dark No street lights,Not at intersection,Fatal accident,100,No,Non-Intersection,CAMPASPE,NORTHERN REGION,2,2,1,1,0,0,2,0,0,0,2,0,0,0,0,0,0,0,0,1,No,0,2,0,2,0,0,Arterial Other,Arterial Other,Undivided,Undiv,Country,Dry,Clear,2,0,23.0,,2018
1176,1176,144.2113200216134,-38.21223877475069,T20180004769,2018-03-12,16,No,Collision with vehicle,Monday,LEFT TURN SIDESWIPE,No,Day,Not at intersection,Fatal accident,100,No,Non-Intersection,SURF COAST,SOUTH WESTERN REGION,2,1,1,0,0,1,2,0,0,0,1,0,0,1,0,0,0,0,0,0,No,0,2,1,0,1,0,Arterial Highway,Arterial Highway,Divided,Div,Country,Dry,Clear,2,0,51.5,,2018
1177,1177,144.6076297537191,-37.69531058146,T20180005238,2018-03-19,14,No,Collision with vehicle,Monday,U TURN,No,Day,Not at intersection,Fatal accident,110,No,Non-Intersection,MELTON,METROPOLITAN NORTH WEST REGION,2,1,1,0,0,1,2,0,0,0,1,0,0,1,0,0,0,0,0,0,No,0,2,0,1,1,0,Freeway,Freeway,Undivided,Undiv,Metro,Dry,Clear,2,0,40.0,,2018
1178,1178,145.17781248542062,-38.13451022938165,T20180003973,2018-03-01,23,Yes,No collision and no object struck,Thursday,OFF CARRIAGEWAY TO LEFT,No,Dark Street lights on,Not at intersection,Fatal accident,80,Yes,Non-Intersection,FRANKSTON,METROPOLITAN SOUTH EAST REGION,1,1,1,0,0,0,1,0,0,0,1,0,0,0,0,0,0,0,0,0,No,0,1,0,1,0,0,Local Road,Local Road,Undivided,Undiv,Metro,Dry,Clear,1,0,37.0,,2018
1179,1179,143.65142000847152,-35.50185218132864,T20180004804,2018-03-12,6,No,Collision with a fixed object,Monday,LEFT OFF CARRIAGEWAY INTO OBJECT/PARKED VEHICLE,No,Dark No street lights,Not at intersection,Fatal accident,100,Yes,Non-Intersection,SWAN HILL,NORTHERN REGION,3,2,1,0,1,1,3,0,0,2,1,0,0,0,0,0,0,0,0,0,No,0,1,0,1,0,0,Local Road,Local Road,Undivided,Undiv,Country,Dry,Clear,1,0,31.0,,2018
1180,1180,147.05515065680976,-36.25186347847711,T20180004392,2018-03-07,11,No,Collision with a fixed object,Wednesday,OFF LEFT BEND INTO OBJECT/PARKED VEHICLE,No,Day,Not at intersection,Fatal accident,100,Yes,Non-Intersection,INDIGO,NORTH EASTERN REGION,1,1,1,0,0,0,1,0,0,0,1,0,0,0,0,0,0,0,0,0,No,0,1,0,1,0,0,Arterial Other,Arterial Other,Undivided,Undiv,Country,Dry,Clear,1,0,42.0,,2018
1181,1181,144.8060016043709,-37.73951018993029,T20180004023,2018-03-02,11,No,Collision with vehicle,Friday,OTHER ON PATH,No,Day,Not at intersection,Fatal accident,50,No,Non-Intersection,BRIMBANK,METROPOLITAN NORTH WEST REGION,1,1,1,0,0,0,1,0,0,0,0,0,0,1,0,0,0,0,0,0,No,0,3,0,2,1,0,Local Road,Local Road,Undivided,Undiv,Metro,Dry,Clear,1,0,31.0,,2018
1182,1182,145.02293582178254,-37.80189673810969,T20180004441,2018-02-05,11,No,Collision with a fixed object,Monday,RIGHT OFF CARRIAGEWAY INTO OBJECT/PARKED VEHICLE,No,Day,T intersection,Fatal accident,Not known,Yes,Non-Intersection,BOROONDARA,METROPOLITAN SOUTH EAST REGION,1,1,1,0,0,0,1,0,1,0,0,0,0,0,0,0,0,0,0,0,No,0,1,0,0,0,0,Local Road,Local Road,Undivided,Undiv,Metro,Dry,Clear,1,0,40.0,,2018
1183,1183,145.21346004299426,-37.817229660487314,T20180009254,2018-05-16,7,No,Struck Pedestrian,Wednesday,PED NEAR SIDE. PED HIT BY VEHICLE FROM THE RIGHT.,Yes,Dusk/Dawn,Cross intersection,Fatal accident,80,No,Non-Intersection,MAROONDAH,METROPOLITAN SOUTH EAST REGION,2,1,1,0,0,1,1,1,0,0,1,1,0,0,0,0,1,0,0,0,No,0,1,1,0,0,0,Arterial Highway,Arterial Highway,Divided,Div,Metro,Dry,Clear,1,0,39.0,,2018
1184,1184,144.24897249605533,-36.553808524741356,T20180009288,2018-05-16,21,Yes,Vehicle overturned (no collision),Wednesday,OFF CARRIAGEWAY TO LEFT,No,Dark No street lights,Not at intersection,Fatal accident,100,Yes,Non-Intersection,BENDIGO,NORTHERN REGION,1,1,1,0,0,0,1,0,0,0,1,0,0,0,0,0,0,0,0,0,No,0,1,0,1,0,0,Local Road,Local Road,Undivided,Undiv,Country,Dry,Clear,1,0,30.0,,2018
1185,1185,145.3228252537754,-36.46625900552797,T20180010671,2018-06-06,11,No,No collision and no object struck,Wednesday,OFF CARRIAGEWAY TO LEFT,No,Day,Not at intersection,Fatal accident,100,Yes,Non-Intersection,SHEPPARTON,NORTH EASTERN REGION,2,1,1,0,0,1,2,0,0,0,2,0,0,0,0,0,0,0,0,0,No,0,2,0,2,0,0,Arterial Other,Arterial Other,Undivided,Undiv,Country,Dry,Clear,2,0,48.0,,2018
1186,1186,144.1096490026537,-36.97841706990876,T20180009807,2018-05-24,13,No,Collision with a fixed object,Thursday,RIGHT OFF CARRIAGEWAY INTO OBJECT/PARKED VEHICLE,No,Day,Not at intersection,Fatal accident,100,Yes,Non-Intersection,MOUNT ALEXANDER,NORTHERN REGION,1,1,1,0,0,0,1,0,0,0,1,0,0,0,0,0,0,0,0,0,No,0,1,0,1,0,0,Local Road,Local Road,Undivided,Undiv,Country,Dry,Clear,1,0,46.0,,2018
1187,1187,145.69563479048492,-36.011612216307064,T20180009893,2018-05-25,13,No,Collision with vehicle,Friday,CROSS TRAFFIC(INTERSECTIONS ONLY),No,Day,Cross intersection,Fatal accident,100,No,Intersection,MOIRA,NORTH EASTERN REGION,2,1,1,0,0,1,2,0,0,0,2,0,0,0,0,0,0,0,0,0,No,0,2,1,1,0,0,Local Road,Local Road,Undivided,Undiv,Country,Dry,Clear,2,0,51.5,,2018
1188,1188,143.7101420261011,-37.64263931183031,T20180016198,2018-08-27,18,Yes,Collision with vehicle,Monday,LANE CHANGE RIGHT (NOT OVERTAKING),No,Dark Street lights unknown,Not at intersection,Fatal accident,Not known,No,Non-Intersection,GOLDEN PLAINS,SOUTH WESTERN REGION,2,1,1,0,0,1,2,0,0,0,2,0,0,0,0,0,0,0,0,0,No,0,2,0,2,0,0,Local Road,Local Road,Undivided,Undiv,Country,Unknown,Clear,2,0,53.0,,2018
1189,1189,143.92828363886343,-37.369771226944145,T20180016212,2018-08-28,4,Yes,Collision with a fixed object,Tuesday,RIGHT OFF CARRIAGEWAY INTO OBJECT/PARKED VEHICLE,No,Dark No street lights,Not at intersection,Fatal accident,80,Yes,Non-Intersection,HEPBURN,WESTERN REGION,1,1,1,0,0,0,1,0,0,0,1,0,0,0,0,0,0,0,0,1,No,0,1,0,1,0,0,Arterial Other,Arterial Other,Undivided,Undiv,Country,Dry,Clear,1,0,25.0,,2018
1190,1190,146.25118954810972,-38.178976484966896,T20180016654,2018-09-03,12,No,Struck Pedestrian,Monday,PED ON FOOTHPATH STRUCK BY VEHENTERING/LEAVING DRIVEWAY.,No,Day,Not at intersection,Fatal accident,50,No,Non-Intersection,LATROBE,EASTERN REGION,2,1,1,0,0,1,2,0,0,0,1,1,0,0,0,0,0,1,0,0,No,0,1,0,0,0,0,Local Road,Local Road,Undivided,Undiv,Country,Dry,Clear,1,0,31.0,,2018
1191,1191,144.80548614258527,-37.551337084142496,T20180017125,2018-09-10,18,Yes,Collision with vehicle,Monday,VEHICLE STRIKES ANOTHER VEH WHILE EMERGING FROM DRIVEWAY,No,Dusk/Dawn,Not at intersection,Fatal accident,80,No,Non-Intersection,HUME,METROPOLITAN NORTH WEST REGION,3,1,1,0,0,2,3,0,0,1,2,0,0,0,0,0,0,0,0,1,No,1,2,0,2,0,0,Local Road,Local Road,Undivided,Undiv,Metro,Dry,Clear,2,0,28.0,,2018
1192,1192,145.1173304147698,-37.93750203761197,T20180017139,2018-09-11,10,No,Collision with vehicle,Tuesday,U TURN,No,Day,Not at intersection,Fatal accident,60,No,Non-Intersection,KINGSTON,METROPOLITAN SOUTH EAST REGION,4,3,1,2,0,1,3,1,0,2,2,0,0,0,0,0,0,0,0,0,No,0,2,1,1,0,0,Arterial Other,Arterial Other,Undivided,Undiv,Metro,Dry,Clear,2,0,30.5,,2018
1193,1193,144.802469352432,-37.767152204305326,T20180017615,2018-09-18,7,No,Collision with vehicle,Tuesday,REAR END(VEHICLES IN SAME LANE),No,Day,Not at intersection,Fatal accident,100,No,Non-Intersection,BRIMBANK,METROPOLITAN NORTH WEST REGION,4,1,1,0,0,3,4,0,0,0,3,1,0,0,0,0,0,0,0,1,No,0,3,1,1,0,0,Freeway,Freeway,Divided,Div,Metro,Dry,Clear,2,0,29.0,,2018
1194,1194,144.74050895451333,-37.32338876489188,T20180016697,2018-09-04,5,Yes,Collision with a fixed object,Tuesday,LEFT OFF CARRIAGEWAY INTO OBJECT/PARKED VEHICLE,No,Dark No street lights,Not at intersection,Fatal accident,80,Yes,Non-Intersection,MACEDON RANGES,NORTHERN REGION,1,1,1,0,0,0,1,0,0,0,1,0,0,0,0,0,0,0,0,0,No,0,1,0,1,0,0,Arterial Other,Arterial Other,Undivided,Undiv,Country,Dry,Clear,1,0,37.0,,2018
1195,1195,146.60322871824863,-36.3814633922038,T20180016730,2018-09-04,11,No,Collision with a fixed object,Tuesday,OFF LEFT BEND INTO OBJECT/PARKED VEHICLE,No,Day,Not at intersection,Fatal accident,100,Yes,Non-Intersection,WANGARATTA,NORTH EASTERN REGION,2,2,1,1,0,0,1,1,0,1,1,0,0,0,0,0,0,0,1,0,No,0,1,0,1,0,0,Arterial Other,Arterial Other,Undivided,Undiv,Country,Dry,Clear,1,0,83.0,,2018
1196,1196,143.06639927922075,-38.45566230973128,T20180017648,2018-09-18,15,No,Collision with a fixed object,Tuesday,LEFT OFF CARRIAGEWAY INTO OBJECT/PARKED VEHICLE,No,Day,Not at intersection,Fatal accident,100,Yes,Non-Intersection,CORANGAMITE,SOUTH WESTERN REGION,3,3,1,1,1,0,0,2,0,2,1,0,0,0,0,0,0,0,0,1,No,0,1,0,1,0,0,Arterial Other,Arterial Other,Undivided,Undiv,Country,Dry,Clear,0,0,,,2018