,Unnamed: 0,X,Y,ACCIDENT_NO,ACCIDENT_DATE,ACCIDENT_TIME,ALCOHOLTIME,ACCIDENT_TYPE,DAY_OF_WEEK,DCA_CODE,HIT_RUN_FLAG,LIGHT_CONDITION,ROAD_GEOMETRY,SEVERITY,SPEED_ZONE,RUN_OFFROAD,NODE_TYPE,LGA_NAME,REGION_NAME,TOTAL_PERSONS,INJ_OR_FATAL,FATALITY,SERIOUSINJURY,OTHERINJURY,NONINJURED,MALES,FEMALES,BICYCLIST,PASSENGER,DRIVER,PEDESTRIAN,PILLION,MOTORIST,UNKNOWN,PED_CYCLIST_5_12,PED_CYCLIST_13_18,OLD_PEDESTRIAN,OLD_DRIVER,YOUNG_DRIVER,ALCOHOL_RELATED,UNLICENCSED,NO_OF_VEHICLES,HEAVYVEHICLE,PASSENGERVEHICLE,MOTORCYCLE,PUBLICVEHICLE,RMA,RMA_ALL,DIVIDED,DIVIDED_ALL,STAT_DIV_NAME,Surface Cond Desc,Atmosph Cond Desc,no_male_driver,no_female_driver,avg_age_male,avg_age_female,year
1197,1197,145.20581426099568,-37.793193013257344,T20180016859,2018-09-06,7,No,Struck Pedestrian,Thursday,PARKED CAR RUN AWAY,No,Day,T intersection,Fatal accident,50,No,Intersection,MANNINGHAM,METROPOLITAN SOUTH EAST REGION,2,1,1,0,0,1,1,1,0,1,1,0,0,0,0,0,0,0,0,0,No,0,1,1,0,0,0,Local Road,Local Road,Undivided,Undiv,Metro,Dry,Clear,1,0,51.0,,2018
1198,1198,146.50272025203958,-38.677259335254995,T20180017349,2018-09-14,7,No,Collision with a fixed object,Friday,OFF RIGHT BEND INTO OBJECT/PARKED VEHICLE,No,Unk.,Not at intersection,Fatal accident,100,Yes,Non-Intersection,SOUTH GIPPSLAND,EASTERN REGION,1,1,1,0,0,0,1,0,0,0,1,0,0,0,0,0,0,0,0,0,No,0,1,0,1,0,0,Local Road,Local Road,Undivided,Undiv,Country,Dry,Clear,1,0,31.0,,2018
1199,1199,146.09904898714356,-37.04455877130257,T20180017351,2018-09-14,13,No,Collision with vehicle,Friday,CROSS TRAFFIC(INTERSECTIONS ONLY),No,Day,Cross intersection,Fatal accident,80,No,Intersection,MANSFIELD,NORTH EASTERN REGION,2,2,1,0,1,0,1,1,0,0,2,0,0,0,0,0,0,0,1,1,No,0,2,0,2,0,0,Arterial Other,"Arterial Other,Local Road",Undivided,Undiv,Country,Dry,Clear,1,1,22.0,77.0,2018
1200,1200,145.3759965159098,-36.34753190654534,T20180014647,2018-08-04,0,Yes,Collision with a fixed object,Saturday,RIGHT OFF CARRIAGEWAY INTO OBJECT/PARKED VEHICLE,No,Dark No street lights,Not at intersection,Fatal accident,80,Yes,Non-Intersection,SHEPPARTON,NORTH EASTERN REGION,4,4,1,0,3,0,3,1,0,3,1,0,0,0,0,0,0,0,0,0,Yes,0,1,0,1,0,0,Local Road,Local Road,Undivided,Undiv,Country,Dry,Clear,1,0,35.0,,2018
1201,1201,142.12539208655434,-34.232297752276004,T20180015169,2018-08-11,13,No,Collision with vehicle,Saturday,CROSS TRAFFIC(INTERSECTIONS ONLY),No,Day,Cross intersection,Fatal accident,100,No,Intersection,MILDURA,WESTERN REGION,7,1,1,0,0,6,3,4,0,5,2,0,0,0,0,0,0,0,0,0,No,0,2,0,2,0,0,Local Road,Local Road,Undivided,Undiv,Country,Dry,Clear,2,0,46.5,,2018
1202,1202,145.14899663181532,-37.810062004660296,T20180015644,2018-08-18,18,Yes,Struck Pedestrian,Saturday,PED NEAR SIDE. PED HIT BY VEHICLE FROM THE RIGHT.,No,Dark Street lights on,Not at intersection,Fatal accident,60,No,Non-Intersection,WHITEHORSE,METROPOLITAN SOUTH EAST REGION,2,1,1,0,0,1,2,0,0,0,1,1,0,0,0,1,0,0,0,0,No,0,1,0,1,0,0,Local Road,Local Road,Undivided,Undiv,Metro,Wet,Clear,1,0,45.0,,2018
1203,1203,144.94591524095034,-37.60914588734092,T20180016087,2018-08-25,19,Yes,Collision with a fixed object,Saturday,RIGHT OFF CARRIAGEWAY INTO OBJECT/PARKED VEHICLE,No,Dark No street lights,Not at intersection,Fatal accident,80,Yes,Non-Intersection,HUME,METROPOLITAN NORTH WEST REGION,1,1,1,0,0,0,1,0,0,0,1,0,0,0,0,0,0,0,0,0,No,0,1,0,1,0,0,Arterial Other,Arterial Other,Divided,Div,Metro,Dry,Clear,1,0,38.0,,2018
1204,1204,145.24444823215597,-37.809988005382905,T20180014680,2018-08-04,19,Yes,Collision with vehicle,Saturday,RIGHT FAR (INTERSECTIONS ONLY),No,Dark Street lights on,T intersection,Fatal accident,70,No,Intersection,MAROONDAH,METROPOLITAN SOUTH EAST REGION,2,1,1,0,0,1,2,0,0,0,1,0,0,1,0,0,0,0,0,0,No,0,2,0,1,1,0,Arterial Other,"Arterial Other,Local Road",Divided,"Div,Undiv",Metro,Dry,Clear,2,0,38.5,,2018
1205,1205,144.99459688525312,-37.844567522190005,T20180015224,2018-08-12,9,Yes,Collision with vehicle,Sunday,REAR END(VEHICLES IN SAME LANE),Yes,Day,T intersection,Fatal accident,40,No,Intersection,STONNINGTON,METROPOLITAN SOUTH EAST REGION,3,2,1,0,1,1,1,2,1,0,2,0,0,0,0,0,0,0,0,0,No,0,6,0,5,0,0,Local Road,Local Road,Undivided,Undiv,Metro,Dry,Clear,1,2,26.0,37.0,2018
1206,1206,144.9380886506309,-37.687497289044856,T20180014317,2018-07-30,23,Yes,Collision with a fixed object,Monday,RIGHT OFF CARRIAGEWAY INTO OBJECT/PARKED VEHICLE,No,Dark No street lights,Not at intersection,Fatal accident,60,Yes,Non-Intersection,HUME,METROPOLITAN NORTH WEST REGION,1,1,1,0,0,0,1,0,0,0,1,0,0,0,0,0,0,0,0,1,No,0,1,0,1,0,0,Arterial Other,Arterial Other,Undivided,Undiv,Metro,Dry,Clear,1,0,23.0,,2018
1207,1207,144.55359975543456,-37.68532417317592,T20180014836,2018-08-07,6,No,Collision with vehicle,Tuesday,HEAD ON(OVERTAKING),Yes,Dusk/Dawn,Not at intersection,Fatal accident,60,No,Non-Intersection,MELTON,METROPOLITAN NORTH WEST REGION,3,1,1,0,0,2,3,0,0,0,1,0,0,2,0,0,0,0,0,0,No,0,3,0,1,2,0,Local Road,Local Road,Undivided,Undiv,Metro,Dry,Clear,3,0,34.0,,2018
1208,1208,146.16954667436164,-38.62053348027504,T20180015807,2018-08-21,10,No,Collision with vehicle,Tuesday,RIGHT NEAR (INTERSECTIONS ONLY),No,Day,T intersection,Fatal accident,100,No,Intersection,SOUTH GIPPSLAND,EASTERN REGION,3,3,2,0,1,0,2,1,0,1,2,0,0,0,0,0,0,0,1,0,No,0,2,0,2,0,0,Arterial Highway,"Arterial Highway,Local Road",Undivided,Undiv,Country,Wet,Raining,1,1,71.0,86.0,2018
1209,1209,146.16954667436164,-38.62053348027504,T20180015807,2018-08-21,10,No,Collision with vehicle,Tuesday,RIGHT NEAR (INTERSECTIONS ONLY),No,Day,T intersection,Fatal accident,100,No,Intersection,SOUTH GIPPSLAND,EASTERN REGION,3,3,2,0,1,0,2,1,0,1,2,0,0,0,0,0,0,0,1,0,No,0,2,0,2,0,0,Arterial Highway,"Arterial Highway,Local Road",Undivided,Undiv,Country,Wet,Raining,1,1,71.0,86.0,2018
1210,1210,145.56652500868014,-38.044070706157065,T20180015818,2018-08-21,17,No,No collision and no object struck,Tuesday,OFF CARRIAGEWAY ON RIGHT BEND,No,Day,Not at intersection,Fatal accident,100,Yes,Non-Intersection,CARDINIA,METROPOLITAN SOUTH EAST REGION,1,1,1,0,0,0,1,0,0,0,1,0,0,0,0,0,0,0,0,1,No,0,1,0,1,0,0,Local Road,Local Road,Undivided,Undiv,Metro,Dry,Clear,1,0,18.0,,2018
1211,1211,146.93402434667343,-37.04691447573328,T20180015837,2018-08-21,21,Yes,collision with some other object,Tuesday,STRUCK OBJECT ON CARRIAGEWAY,No,Dark No street lights,Not at intersection,Fatal accident,100,No,Non-Intersection,ALPINE,NORTH EASTERN REGION,1,1,1,0,0,0,1,0,0,0,1,0,0,0,0,0,0,0,0,0,No,0,1,0,1,0,0,Local Road,Local Road,Undivided,Undiv,Country,Snowy,Clear,1,0,36.0,,2018
1212,1212,145.47840234173555,-35.984384394518315,T20180012076,2018-06-27,13,No,Collision with vehicle,Wednesday,CROSS TRAFFIC(INTERSECTIONS ONLY),No,Day,Cross intersection,Fatal accident,100,No,Intersection,MOIRA,NORTH EASTERN REGION,2,2,1,1,0,0,2,0,0,0,2,0,0,0,0,0,0,0,0,0,No,0,2,1,1,0,0,Local Road,Local Road,Undivided,Undiv,Country,Dry,Clear,2,0,47.0,,2018
1213,1213,143.853376811009,-37.462553629065475,T20180011123,2018-06-13,15,No,Collision with vehicle,Wednesday,HEAD ON (NOT OVERTAKING),No,Day,Not at intersection,Fatal accident,100,No,Non-Intersection,HEPBURN,WESTERN REGION,7,3,1,2,0,4,4,1,0,5,2,0,0,0,0,0,0,0,0,0,No,0,2,0,1,0,1,Arterial Highway,Arterial Highway,Undivided,Undiv,Country,Wet,Clear,2,0,49.0,,2018
1214,1214,145.15576173936074,-37.933150208284346,T20180011146,2017-08-13,9,Yes,Fall from or in moving vehicle,Sunday,FELL IN/FROM VEHICLE,No,Day,Cross intersection,Fatal accident,60,No,Non-Intersection,DANDENONG,METROPOLITAN SOUTH EAST REGION,2,1,1,0,0,1,2,0,0,1,1,0,0,0,0,0,0,0,0,0,No,0,1,0,0,0,1,Arterial Highway,Arterial Highway,Divided,Div,Metro,Icy,Clear,1,0,40.0,,2017
1215,1215,145.11386396730788,-37.92734048783226,T20180012081,2018-06-27,19,Yes,Collision with vehicle,Wednesday,VEHICLE COLLIDES WITH VEHICLE PARKED ON LEFT OF ROAD,No,Dark Street lights on,Not at intersection,Fatal accident,50,No,Non-Intersection,MONASH,METROPOLITAN SOUTH EAST REGION,1,1,1,0,0,0,0,1,0,0,1,0,0,0,0,0,0,0,1,0,Yes,0,3,0,3,0,0,Local Road,Local Road,Undivided,Undiv,Metro,Dry,Clear,0,1,,79.0,2018
1216,1216,144.96659741668785,-37.74131366654922,T20180010769,2018-06-08,7,No,Struck Pedestrian,Friday,FAR SIDE. PED HIT BY VEHICLE FROM THE LEFT,No,Dark Street lights on,Cross intersection,Fatal accident,60,No,Intersection,MORELAND,METROPOLITAN NORTH WEST REGION,3,1,1,0,0,2,2,1,0,1,1,1,0,0,0,0,0,1,0,0,No,0,1,0,1,0,0,Arterial Highway,"Arterial Highway,Arterial Other",Undivided,Undiv,Metro,Dry,Clear,1,0,31.0,,2018
1217,1217,144.86287189103305,-37.78085892495853,T20180010784,2018-06-08,5,Yes,Struck Pedestrian,Friday,FAR SIDE. PED HIT BY VEHICLE FROM THE LEFT,No,Dark Street lights on,T intersection,Fatal accident,70,No,Non-Intersection,MARIBYRNONG,METROPOLITAN NORTH WEST REGION,2,1,1,0,0,1,2,0,0,0,1,1,0,0,0,0,0,0,0,0,No,0,1,0,1,0,0,Arterial Other,Arterial Other,Divided,Div,Metro,Dry,Clear,1,0,36.0,,2018
1218,1218,144.58005122637874,-37.84922886184512,T20180011197,2018-06-14,17,No,Collision with vehicle,Thursday,HEAD ON (NOT OVERTAKING),No,Dark No street lights,Not at intersection,Fatal accident,100,No,Non-Intersection,WYNDHAM,METROPOLITAN NORTH WEST REGION,2,2,1,1,0,0,2,0,0,0,2,0,0,0,0,0,0,0,0,1,No,0,2,0,2,0,0,Arterial Other,Arterial Other,Undivided,Undiv,Metro,Dry,Clear,2,0,30.5,,2018
1219,1219,144.91008215029336,-37.744627602750676,T20180011266,2018-06-16,8,No,Struck Pedestrian,Saturday,FAR SIDE. PED HIT BY VEHICLE FROM THE LEFT,No,Day,Multiple intersection,Fatal accident,60,No,Intersection,MOONEE VALLEY,METROPOLITAN NORTH WEST REGION,2,1,1,0,0,1,2,0,0,0,1,1,0,0,0,0,0,1,0,0,No,0,1,0,1,0,0,Arterial Other,Arterial Other,Divided,"Div,Undiv",Metro,Dry,Clear,1,0,42.0,,2018
1220,1220,142.7195299357016,-37.112598285297736,T20180010944,2018-06-10,19,Yes,Collision with a fixed object,Sunday,LEFT OFF CARRIAGEWAY INTO OBJECT/PARKED VEHICLE,No,Dark No street lights,Not at intersection,Fatal accident,100,Yes,Non-Intersection,NORTHERN GRAMPIANS,WESTERN REGION,1,1,1,0,0,0,1,0,0,0,1,0,0,0,0,0,0,0,0,0,No,0,1,0,1,0,0,Arterial Other,Arterial Other,Undivided,Undiv,Country,Dry,Clear,1,0,52.0,,2018
1221,1221,145.00138935418468,-37.858872868952425,T20180010950,2018-06-11,1,Yes,Collision with vehicle,Monday,CROSS TRAFFIC(INTERSECTIONS ONLY),No,Dark Street lights on,Cross intersection,Fatal accident,Not known,No,Intersection,STONNINGTON,METROPOLITAN SOUTH EAST REGION,3,2,1,0,1,1,2,1,0,1,2,0,0,0,0,0,0,0,0,1,No,0,2,0,2,0,0,Arterial Highway,"Arterial Highway,Arterial Other",Divided,"Div,Undiv",Metro,Dry,Clear,1,1,26.0,23.0,2018
1222,1222,145.4163070497267,-37.09374629860918,T20180017367,2018-09-14,12,No,Collision with a fixed object,Friday,RIGHT OFF CARRIAGEWAY INTO OBJECT/PARKED VEHICLE,No,Day,Not at intersection,Fatal accident,100,Yes,Non-Intersection,MURRINDINDI,NORTH EASTERN REGION,1,1,1,0,0,0,1,0,0,0,0,0,0,1,0,0,0,0,0,0,No,0,1,0,0,1,0,Local Road,Local Road,Undivided,Undiv,Country,Dry,Clear,1,0,65.0,,2018
1223,1223,148.60193084008233,-37.70006975652535,T20180017387,2018-09-14,14,No,Collision with vehicle,Friday,HEAD ON (NOT OVERTAKING),No,Day,T intersection,Fatal accident,100,No,Non-Intersection,EAST GIPPSLAND,EASTERN REGION,3,1,1,0,0,2,3,0,0,1,1,0,0,1,0,0,0,0,0,1,Yes,0,2,0,1,1,0,Arterial Highway,Arterial Highway,Undivided,Undiv,Country,Dry,Clear,2,0,40.0,,2018
1224,1224,145.1587048117211,-37.918484215070244,T20180017966,2018-09-18,13,No,Collision with vehicle,Tuesday,RIGHT NEAR (INTERSECTIONS ONLY),No,Day,Cross intersection,Fatal accident,80,No,Intersection,MONASH,METROPOLITAN SOUTH EAST REGION,4,2,1,1,0,2,3,1,0,1,3,0,0,0,0,0,0,0,1,1,No,0,3,0,3,0,0,Arterial Highway,Arterial Highway,Divided,Div,Metro,Dry,Clear,3,0,51.33333333333334,,2018
1225,1225,145.51663578285076,-37.62598649335287,T20180018771,2018-10-06,11,No,Collision with vehicle,Saturday,HEAD ON (NOT OVERTAKING),No,Day,Not at intersection,Fatal accident,100,No,Non-Intersection,YARRA RANGES,METROPOLITAN SOUTH EAST REGION,6,1,1,0,0,5,5,1,0,4,1,0,0,1,0,0,0,0,0,0,No,1,2,0,1,1,0,Local Road,Local Road,Undivided,Undiv,Metro,Dry,Clear,2,0,46.0,,2018
1226,1226,142.69170989231776,-35.24154384647208,T20190000403,2019-01-07,12,No,Collision with vehicle,Monday,HEAD ON (NOT OVERTAKING),No,Day,Not at intersection,Fatal accident,110,No,Non-Intersection,BULOKE,NORTHERN REGION,2,2,1,0,1,0,2,0,0,0,2,0,0,0,0,0,0,0,0,0,No,0,2,1,1,0,0,Arterial Highway,Arterial Highway,Undivided,Undiv,Country,Dry,Clear,2,0,57.5,,2019
1227,1227,143.61911449905182,-37.681010678942776,T20180024488,2018-12-29,17,Yes,Collision with a fixed object,Saturday,OFF RIGHT BEND INTO OBJECT/PARKED VEHICLE,No,Day,Not at intersection,Fatal accident,100,Yes,Non-Intersection,GOLDEN PLAINS,SOUTH WESTERN REGION,1,1,1,0,0,0,1,0,0,0,1,0,0,0,0,0,0,0,0,0,No,0,1,0,1,0,0,Arterial Highway,Arterial Highway,Undivided,Undiv,Country,Dry,Clear,1,0,52.0,,2018
1228,1228,145.1575244329382,-38.152885315325925,T20180024544,2018-12-31,2,Yes,Struck Pedestrian,Monday,PED NEAR SIDE. PED HIT BY VEHICLE FROM THE RIGHT.,No,Dark Street lights on,Not at intersection,Fatal accident,80,No,Non-Intersection,FRANKSTON,METROPOLITAN SOUTH EAST REGION,3,1,1,0,0,2,1,2,0,1,1,1,0,0,0,0,0,0,0,0,No,0,1,0,1,0,0,Arterial Other,Arterial Other,Divided,Div,Metro,Dry,Clear,0,1,,28.0,2018
1229,1229,145.5471799557164,-38.25395453665534,T20180024030,2018-12-21,22,Yes,Struck Pedestrian,Friday,PED WALKING WITH TRAFFIC,No,Dark No street lights,Not at intersection,Fatal accident,100,No,Non-Intersection,CARDINIA,METROPOLITAN SOUTH EAST REGION,4,1,1,0,0,3,4,0,0,0,3,1,0,0,0,0,0,0,0,3,No,0,3,0,3,0,0,Arterial Highway,Arterial Highway,Divided,Div,Metro,Wet,Clear,3,0,20.666666666666668,,2018
1230,1230,141.18498000847413,-34.27497685051153,T20190000564,2019-01-10,18,Yes,Collision with a fixed object,Thursday,LEFT OFF CARRIAGEWAY INTO OBJECT/PARKED VEHICLE,No,Day,Not at intersection,Fatal accident,110,Yes,Non-Intersection,MILDURA,WESTERN REGION,2,2,1,1,0,0,2,0,0,0,0,0,1,1,0,0,0,0,0,0,No,0,1,0,0,1,0,Arterial Highway,Arterial Highway,Undivided,Undiv,Country,Dry,Clear,1,0,51.0,,2019
1231,1231,144.81536829752218,-37.82623072575903,T20180023626,2018-12-15,20,Yes,Collision with a fixed object,Saturday,OFF RIGHT BEND INTO OBJECT/PARKED VEHICLE,No,Dark Street lights on,Not at intersection,Fatal accident,80,Yes,Non-Intersection,WYNDHAM,METROPOLITAN NORTH WEST REGION,2,2,2,0,0,0,2,0,0,1,1,0,0,0,0,0,0,0,0,0,No,0,1,0,1,0,0,Freeway,Freeway,Undivided,Undiv,Metro,Dry,Clear,1,0,27.0,,2018
1232,1232,144.81536829752218,-37.82623072575903,T20180023626,2018-12-15,20,Yes,Collision with a fixed object,Saturday,OFF RIGHT BEND INTO OBJECT/PARKED VEHICLE,No,Dark Street lights on,Not at intersection,Fatal accident,80,Yes,Non-Intersection,WYNDHAM,METROPOLITAN NORTH WEST REGION,2,2,2,0,0,0,2,0,0,1,1,0,0,0,0,0,0,0,0,0,No,0,1,0,1,0,0,Freeway,Freeway,Undivided,Undiv,Metro,Dry,Clear,1,0,27.0,,2018
1233,1233,144.73128258885177,-37.874952723825686,T20190000642,2019-01-11,16,Yes,Collision with vehicle,Friday,LANE CHANGE LEFT (NOT OVERTAKING),Yes,Day,Not at intersection,Fatal accident,100,No,Non-Intersection,WYNDHAM,METROPOLITAN NORTH WEST REGION,2,1,1,0,0,1,1,1,0,0,1,0,0,1,0,0,0,0,0,0,No,0,2,0,1,1,0,Freeway,Freeway,Divided,Div,Metro,Dry,Clear,1,1,45.0,47.0,2019
1234,1234,146.0784448872905,-37.00380717978572,T20190000643,2019-01-11,21,Yes,Collision with a fixed object,Friday,RIGHT OFF CARRIAGEWAY INTO OBJECT/PARKED VEHICLE,No,Dark No street lights,Multiple intersection,Fatal accident,100,Yes,Non-Intersection,MANSFIELD,NORTH EASTERN REGION,2,2,1,1,0,0,2,0,0,1,1,0,0,0,0,0,0,0,0,1,No,0,1,0,1,0,0,Arterial Other,Arterial Other,Undivided,Undiv,Country,Dry,Clear,1,0,20.0,,2019
1235,1235,142.20969278563877,-36.728926105272414,T20180023735,2018-12-17,18,Yes,Collision with a fixed object,Monday,LEFT OFF CARRIAGEWAY INTO OBJECT/PARKED VEHICLE,No,Day,Not at intersection,Fatal accident,50,Yes,Non-Intersection,HORSHAM,WESTERN REGION,2,1,1,0,0,1,2,0,0,0,2,0,0,0,0,0,0,0,0,1,Yes,0,3,0,3,0,0,Local Road,Local Road,Undivided,Undiv,Country,Dry,Clear,2,0,35.0,,2018
1236,1236,145.3731846564447,-36.404254562794364,T20190000720,2019-01-13,7,Yes,Collision with a fixed object,Sunday,OFF LEFT BEND INTO OBJECT/PARKED VEHICLE,No,Day,Not at intersection,Fatal accident,60,Yes,Non-Intersection,SHEPPARTON,NORTH EASTERN REGION,1,1,1,0,0,0,1,0,0,0,0,0,0,1,0,0,0,0,0,0,No,0,1,0,0,1,0,Local Road,Local Road,Undivided,Undiv,Country,Dry,Clear,1,0,52.0,,2019
1237,1237,144.28938192742547,-36.77628610146874,T20180023752,2018-12-17,1,Yes,Collision with vehicle,Monday,RIGHT THROUGH,No,Dark Street lights on,T intersection,Fatal accident,60,No,Intersection,BENDIGO,NORTHERN REGION,4,4,1,1,2,0,3,1,0,2,2,0,0,0,0,0,0,0,0,1,No,0,2,0,1,0,0,Local Road,Local Road,Undivided,Undiv,Country,Dry,Clear,2,0,29.5,,2018
1238,1238,145.05226349341322,-37.753512931979216,T20190000761,2019-01-13,17,Yes,Collision with vehicle,Sunday,HEAD ON (NOT OVERTAKING),No,Day,Not at intersection,Fatal accident,60,No,Intersection,BANYULE,METROPOLITAN NORTH WEST REGION,5,4,1,2,1,1,3,2,0,2,3,0,0,0,0,0,0,0,1,1,No,0,3,0,3,0,0,Arterial Highway,"Arterial Highway,Local Road",Divided,"Div,Undiv",Metro,Dry,Clear,3,0,50.0,,2019
1239,1239,145.51612578507613,-37.83324829464708,T20180023819,2018-12-19,6,No,Collision with vehicle,Wednesday,HEAD ON (NOT OVERTAKING),No,Day,Not at intersection,Fatal accident,100,No,Non-Intersection,YARRA RANGES,METROPOLITAN SOUTH EAST REGION,2,2,1,1,0,0,2,0,0,0,2,0,0,0,0,0,0,0,0,1,No,0,2,0,2,0,0,Arterial Other,Arterial Other,Undivided,Undiv,Metro,Dry,Clear,2,0,42.0,,2018
1240,1240,144.85111979313953,-37.791333584803866,T20180024317,2018-12-26,12,No,Struck Pedestrian,Wednesday,PED NEAR SIDE. PED HIT BY VEHICLE FROM THE RIGHT.,No,Day,T intersection,Fatal accident,60,No,Intersection,MARIBYRNONG,METROPOLITAN NORTH WEST REGION,2,1,1,0,0,1,1,1,0,0,0,1,0,1,0,0,0,1,0,0,No,0,1,0,0,1,0,Local Road,Local Road,Divided,"Div,Undiv",Metro,Dry,Clear,1,0,47.0,,2018
1241,1241,145.29129892784658,-37.88868236758975,T20180023380,2018-12-12,19,Yes,Struck Pedestrian,Wednesday,PED NEAR SIDE. PED HIT BY VEHICLE FROM THE RIGHT.,No,Day,T intersection,Fatal accident,80,No,Intersection,KNOX,METROPOLITAN SOUTH EAST REGION,3,1,1,0,0,2,3,0,0,1,1,1,0,0,0,0,0,0,0,0,No,0,1,0,0,0,1,Arterial Highway,"Arterial Highway,Local Road",Divided,"Div,Undiv",Metro,Dry,Clear,1,0,59.0,,2018
1242,1242,145.08624607485598,-37.823644469836466,T20180023382,2018-12-12,20,Yes,Collision with a fixed object,Wednesday,OFF RIGHT BEND INTO OBJECT/PARKED VEHICLE,No,Dark Street lights on,Multiple intersection,Fatal accident,50,Yes,Non-Intersection,BOROONDARA,METROPOLITAN SOUTH EAST REGION,1,1,1,0,0,0,0,1,0,0,1,0,0,0,0,0,0,0,0,0,No,0,1,0,1,0,0,Local Road,Local Road,Undivided,Undiv,Metro,Dry,Clear,0,1,,74.0,2018
1243,1243,148.36887761914238,-37.74932663883331,T20180021940,2018-11-22,14,No,Collision with vehicle,Thursday,HEAD ON (NOT OVERTAKING),No,Day,Not at intersection,Fatal accident,100,No,Non-Intersection,EAST GIPPSLAND,EASTERN REGION,3,3,2,1,0,0,1,2,0,1,2,0,0,0,0,0,0,0,2,0,No,0,2,0,2,0,0,Arterial Highway,Arterial Highway,Undivided,Undiv,Country,Wet,Raining,1,1,87.0,80.0,2018
1244,1244,148.36887761914238,-37.74932663883331,T20180021940,2018-11-22,14,No,Collision with vehicle,Thursday,HEAD ON (NOT OVERTAKING),No,Day,Not at intersection,Fatal accident,100,No,Non-Intersection,EAST GIPPSLAND,EASTERN REGION,3,3,2,1,0,0,1,2,0,1,2,0,0,0,0,0,0,0,2,0,No,0,2,0,2,0,0,Arterial Highway,Arterial Highway,Undivided,Undiv,Country,Wet,Raining,1,1,87.0,80.0,2018
1245,1245,145.06452099906426,-37.58240815703846,T20180015880,2018-08-22,17,No,Collision with a fixed object,Wednesday,RIGHT OFF CARRIAGEWAY INTO OBJECT/PARKED VEHICLE,No,Day,Not at intersection,Fatal accident,50,Yes,Non-Intersection,WHITTLESEA,METROPOLITAN NORTH WEST REGION,4,4,1,2,1,0,2,0,0,3,1,0,0,0,0,0,0,0,0,0,No,0,1,0,1,0,0,Local Road,Local Road,Undivided,Undiv,Metro,Wet,Clear,1,0,38.0,,2018
1246,1246,145.29598563331862,-37.988926935866715,T20180014460,2018-08-01,16,No,Collision with vehicle,Wednesday,CROSS TRAFFIC(INTERSECTIONS ONLY),No,Day,Cross intersection,Fatal accident,70,No,Intersection,CASEY,METROPOLITAN SOUTH EAST REGION,2,1,1,0,0,1,2,0,1,0,1,0,0,0,0,0,0,0,0,1,No,0,2,0,1,0,0,Local Road,Local Road,Undivided,Undiv,Metro,Dry,Clear,2,0,32.0,,2018
1247,1247,144.77955005507886,-37.7409473146729,T20180015434,2018-08-15,18,Yes,Struck Pedestrian,Wednesday,PED NEAR SIDE. PED HIT BY VEHICLE FROM THE RIGHT.,No,Dark Street lights on,Not at intersection,Fatal accident,70,No,Non-Intersection,BRIMBANK,METROPOLITAN NORTH WEST REGION,2,1,1,0,0,1,1,1,0,0,1,1,0,0,0,0,0,0,0,0,No,0,1,0,1,0,0,Arterial Other,Arterial Other,Divided,Div,Metro,Dry,Clear,0,1,,30.0,2018
1248,1248,145.10362107929757,-36.21129639820636,T20180016007,2018-08-24,15,No,Collision with vehicle,Friday,CROSS TRAFFIC(INTERSECTIONS ONLY),No,Day,Cross intersection,Fatal accident,100,No,Intersection,CAMPASPE,NORTHERN REGION,2,2,1,1,0,0,1,1,0,0,2,0,0,0,0,0,0,0,0,1,No,0,2,0,2,0,0,Arterial Other,"Arterial Other,Local Road",Undivided,Undiv,Country,Dry,Clear,1,1,21.0,32.0,2018
1249,1249,144.74688626019355,-37.777298925469154,T20180014631,2018-08-04,5,Yes,Collision with vehicle,Saturday,REAR END(VEHICLES IN SAME LANE),No,Dark Street lights on,Not at intersection,Fatal accident,100,No,Non-Intersection,MELTON,METROPOLITAN NORTH WEST REGION,2,2,1,1,0,0,1,1,0,0,2,0,0,0,0,0,0,0,0,0,No,1,2,0,2,0,0,Freeway,Freeway,Divided,Div,Metro,Dry,Clear,1,1,28.0,31.0,2018
1250,1250,145.48316731031358,-38.07181690712545,T20180020565,2018-11-02,6,No,Collision with vehicle,Friday,U TURN,No,Day,Not at intersection,Fatal accident,80,No,Non-Intersection,CARDINIA,METROPOLITAN SOUTH EAST REGION,3,1,1,0,0,2,1,2,0,1,1,0,0,1,0,0,0,0,0,1,No,0,2,0,1,1,0,Arterial Other,Arterial Other,Divided,Div,Metro,Dry,Clear,1,1,28.0,22.0,2018