,Unnamed: 0,X,Y,ACCIDENT_NO,ACCIDENT_DATE,ACCIDENT_TIME,ALCOHOLTIME,ACCIDENT_TYPE,DAY_OF_WEEK,DCA_CODE,HIT_RUN_FLAG,LIGHT_CONDITION,ROAD_GEOMETRY,SEVERITY,SPEED_ZONE,RUN_OFFROAD,NODE_TYPE,LGA_NAME,REGION_NAME,TOTAL_PERSONS,INJ_OR_FATAL,FATALITY,SERIOUSINJURY,OTHERINJURY,NONINJURED,MALES,FEMALES,BICYCLIST,PASSENGER,DRIVER,PEDESTRIAN,PILLION,MOTORIST,UNKNOWN,PED_CYCLIST_5_12,PED_CYCLIST_13_18,OLD_PEDESTRIAN,OLD_DRIVER,YOUNG_DRIVER,ALCOHOL_RELATED,UNLICENCSED,NO_OF_VEHICLES,HEAVYVEHICLE,PASSENGERVEHICLE,MOTORCYCLE,PUBLICVEHICLE,RMA,RMA_ALL,DIVIDED,DIVIDED_ALL,STAT_DIV_NAME,Surface Cond Desc,Atmosph Cond Desc,no_male_driver,no_female_driver,avg_age_male,avg_age_female,year
1251,1251,147.3564505743776,-36.952435686808414,T20180021505,2018-11-16,13,No,Collision with a fixed object,Friday,OFF RIGHT BEND INTO OBJECT/PARKED VEHICLE,No,Day,Not at intersection,Fatal accident,100,Yes,Non-Intersection,EAST GIPPSLAND,EASTERN REGION,1,1,1,0,0,0,1,0,0,0,0,0,0,1,0,0,0,0,0,0,No,0,1,0,0,1,0,Local Road,Local Road,Undivided,Undiv,Country,Dry,Clear,1,0,62.0,,2018
1252,1252,141.9115218607061,-37.70045648478674,T20180020168,2018-10-27,5,Yes,Collision with a fixed object,Saturday,OFF RIGHT BEND INTO OBJECT/PARKED VEHICLE,No,Dark No street lights,Not at intersection,Fatal accident,100,Yes,Non-Intersection,SOUTHERN GRAMPIANS,SOUTH WESTERN REGION,1,1,1,0,0,0,1,0,0,0,1,0,0,0,0,0,0,0,0,1,No,0,1,0,1,0,0,Arterial Highway,Arterial Highway,Undivided,Undiv,Country,Dry,Fog,1,0,25.0,,2018
1253,1253,145.43180607223985,-36.04186797591049,T20180020188,2018-10-27,12,No,Collision with a fixed object,Saturday,RIGHT OFF CARRIAGEWAY INTO OBJECT/PARKED VEHICLE,No,Day,Not at intersection,Fatal accident,100,Yes,Non-Intersection,MOIRA,NORTH EASTERN REGION,1,1,1,0,0,0,1,0,0,0,0,0,0,1,0,0,0,0,0,0,No,0,1,0,0,1,0,Arterial Highway,Arterial Highway,Undivided,Undiv,Country,Dry,Clear,1,0,68.0,,2018
1254,1254,146.25006908872126,-36.075352674806794,T20180020609,2018-11-02,21,Yes,Collision with vehicle,Friday,HEAD ON (NOT OVERTAKING),No,Dark No street lights,Not at intersection,Fatal accident,100,No,Non-Intersection,INDIGO,NORTH EASTERN REGION,6,6,2,4,0,0,5,1,0,4,2,0,0,0,0,0,0,0,0,0,No,0,2,1,1,0,0,Arterial Highway,Arterial Highway,Undivided,Undiv,Country,Dry,Clear,1,1,31.0,37.0,2018
1255,1255,146.25006908872126,-36.075352674806794,T20180020609,2018-11-02,21,Yes,Collision with vehicle,Friday,HEAD ON (NOT OVERTAKING),No,Dark No street lights,Not at intersection,Fatal accident,100,No,Non-Intersection,INDIGO,NORTH EASTERN REGION,6,6,2,4,0,0,5,1,0,4,2,0,0,0,0,0,0,0,0,0,No,0,2,1,1,0,0,Arterial Highway,Arterial Highway,Undivided,Undiv,Country,Dry,Clear,1,1,31.0,37.0,2018
1256,1256,144.0300075541779,-38.31565732218315,T20180021074,2018-11-11,2,Yes,Collision with a fixed object,Sunday,RIGHT OFF CARRIAGEWAY INTO OBJECT/PARKED VEHICLE,No,Dark No street lights,Not at intersection,Fatal accident,Not known,Yes,Non-Intersection,SURF COAST,SOUTH WESTERN REGION,1,1,1,0,0,0,1,0,0,0,1,0,0,0,0,0,0,0,0,0,No,0,1,0,1,0,0,Local Road,Local Road,Undivided,Undiv,Country,Dry,Clear,1,0,54.0,,2018
1257,1257,146.10266785841156,-37.90344488064449,T20180021540,2018-11-17,13,No,Collision with a fixed object,Saturday,OFF LEFT BEND INTO OBJECT/PARKED VEHICLE,No,Day,Not at intersection,Fatal accident,80,Yes,Non-Intersection,BAW BAW,EASTERN REGION,1,1,1,0,0,0,1,0,0,0,0,0,0,1,0,0,0,0,0,0,No,0,1,0,0,1,0,Arterial Other,Arterial Other,Undivided,Undiv,Country,Dry,Clear,1,0,72.0,,2018
1258,1258,145.13883726162217,-37.64194748829065,T20180020617,2018-11-03,9,No,Collision with a fixed object,Saturday,LEFT OFF CARRIAGEWAY INTO OBJECT/PARKED VEHICLE,No,Day,Not at intersection,Fatal accident,60,Yes,Non-Intersection,NILLUMBIK,METROPOLITAN NORTH WEST REGION,1,1,1,0,0,0,1,0,0,0,0,0,0,1,0,0,0,0,0,0,No,1,1,0,0,1,0,Local Road,Local Road,Undivided,Undiv,Metro,Dry,Clear,1,0,37.0,,2018
1259,1259,145.52217220041675,-37.705573961792304,T20180021109,2018-11-11,16,Yes,Vehicle overturned (no collision),Sunday,OFF CARRIAGEWAY TO LEFT,No,Day,Not at intersection,Fatal accident,100,Yes,Non-Intersection,YARRA RANGES,METROPOLITAN SOUTH EAST REGION,1,1,1,0,0,0,1,0,0,0,0,0,0,1,0,0,0,0,0,0,No,0,1,0,0,1,0,Arterial Other,Arterial Other,Undivided,Undiv,Metro,Dry,Clear,1,0,29.0,,2018
1260,1260,145.2876145923644,-37.88865872926071,T20180021572,2018-11-17,22,Yes,Collision with vehicle,Saturday,RIGHT THROUGH,No,Dark Street lights on,T intersection,Fatal accident,80,No,Intersection,KNOX,METROPOLITAN SOUTH EAST REGION,3,3,1,0,2,0,2,1,0,1,2,0,0,0,0,0,0,0,0,0,No,0,2,0,2,0,0,Arterial Highway,"Arterial Highway,Local Road",Divided,"Div,Undiv",Metro,Dry,Clear,2,0,47.5,,2018
1261,1261,145.2457200446131,-38.14667008638408,T20180021581,2018-11-17,23,Yes,Struck Pedestrian,Saturday,PED PLAYING/LYING/WORKING/STANDING ON CARRIAGEWAY.,No,Dark Street lights on,Not at intersection,Fatal accident,80,No,Non-Intersection,CASEY,METROPOLITAN SOUTH EAST REGION,5,1,1,0,0,4,4,1,0,3,1,1,0,0,0,0,0,0,0,0,No,0,1,0,1,0,0,Local Road,Local Road,Undivided,Undiv,Metro,Dry,Clear,1,0,41.0,,2018
1262,1262,142.10706968978218,-34.255525731801576,T20180020252,2018-10-28,14,No,Collision with vehicle,Sunday,RIGHT REAR.,No,Day,Cross intersection,Fatal accident,80,No,Intersection,MILDURA,WESTERN REGION,2,2,1,0,1,0,2,0,0,0,2,0,0,0,0,0,0,0,0,0,Yes,0,2,0,2,0,0,Local Road,Local Road,Undivided,Undiv,Country,Dry,Clear,2,0,33.0,,2018
1263,1263,144.91563078915937,-37.7806551641492,T20180020265,2018-10-26,17,Yes,Fall from or in moving vehicle,Friday,FELL IN/FROM VEHICLE,No,Day,Not at intersection,Fatal accident,60,No,Non-Intersection,MOONEE VALLEY,METROPOLITAN NORTH WEST REGION,2,1,1,0,0,1,1,1,0,0,1,0,0,0,1,0,0,0,0,0,No,0,1,0,1,0,0,Local Road,Local Road,Undivided,Undiv,Metro,Dry,Not known,1,0,36.0,,2018
1264,1264,144.82069157761157,-37.82045490195223,T20180020312,2018-10-29,15,No,Collision with vehicle,Monday,LANE SIDE SWIPE (VEHICLES IN PARALLEL LANES),No,Day,Not at intersection,Fatal accident,70,No,Non-Intersection,WYNDHAM,METROPOLITAN NORTH WEST REGION,2,1,1,0,0,1,2,0,0,0,2,0,0,0,0,0,0,0,0,0,No,0,2,2,0,0,0,Arterial Other,Arterial Other,Undivided,Undiv,Metro,Dry,Clear,2,0,49.5,,2018
1265,1265,145.05047627544002,-37.95541780860789,T20180021321,2018-10-12,10,No,No collision and no object struck,Friday,OTHER ACCIDENTS-OFF STRAIGHT NOT INCLUDED IN DCAs 170-175,No,Day,Not at intersection,Fatal accident,80,No,Non-Intersection,KINGSTON,METROPOLITAN SOUTH EAST REGION,2,1,1,0,0,1,1,1,0,1,1,0,0,0,0,0,0,0,0,0,No,0,1,0,1,0,0,Arterial Highway,Arterial Highway,Divided,Div,Metro,Unknown,Not known,0,0,,,2018
1266,1266,144.95242131449862,-37.64940590959017,T20180020441,2018-10-31,14,No,Collision with vehicle,Wednesday,REAR END(VEHICLES IN SAME LANE),No,Day,Not at intersection,Fatal accident,80,No,Non-Intersection,HUME,METROPOLITAN NORTH WEST REGION,5,2,1,0,1,3,5,0,0,1,4,0,0,0,0,0,0,0,0,1,No,0,4,0,1,0,0,Arterial Other,Arterial Other,Divided,Div,Metro,Dry,Clear,4,0,37.25,,2018
1267,1267,145.21294804001076,-38.00377324351811,T20180019729,2018-10-21,5,Yes,Struck Pedestrian,Sunday,PED NEAR SIDE. PED HIT BY VEHICLE FROM THE RIGHT.,No,Dark No street lights,Not at intersection,Fatal accident,80,No,Non-Intersection,DANDENONG,METROPOLITAN SOUTH EAST REGION,2,2,1,1,0,0,2,0,0,0,1,1,0,0,0,0,0,0,0,0,No,0,1,0,1,0,0,Arterial Highway,Arterial Highway,Divided,Div,Metro,Dry,Clear,1,0,40.0,,2018
1268,1268,145.70968171781755,-37.19162228854983,T20180018352,2018-09-29,17,Yes,Collision with a fixed object,Saturday,LEFT OFF CARRIAGEWAY INTO OBJECT/PARKED VEHICLE,No,Day,Cross intersection,Fatal accident,50,Yes,Intersection,MURRINDINDI,NORTH EASTERN REGION,1,1,1,0,0,0,1,0,0,0,0,0,0,1,0,0,0,0,0,0,No,0,1,0,0,1,0,Arterial Highway,"Arterial Highway,Local Road",Divided,"Div,Undiv",Country,Dry,Clear,1,0,44.0,,2018
1269,1269,145.00753137401796,-38.36667745353365,T20180018362,2018-09-29,22,Yes,Collision with a fixed object,Saturday,OFF RIGHT BEND INTO OBJECT/PARKED VEHICLE,No,Dark No street lights,Not at intersection,Fatal accident,80,Yes,Non-Intersection,MORNINGTON PENINSULA,METROPOLITAN SOUTH EAST REGION,1,1,1,0,0,0,1,0,0,0,1,0,0,0,0,0,0,0,0,1,No,0,1,0,1,0,0,Arterial Other,Arterial Other,Undivided,Undiv,Metro,Wet,Raining,1,0,20.0,,2018
1270,1270,144.31861719556503,-35.9100813185212,T20180018835,2018-10-07,10,No,Collision with vehicle,Sunday,HEAD ON (NOT OVERTAKING),No,Day,T intersection,Fatal accident,100,No,Intersection,GANNAWARRA,NORTHERN REGION,2,2,2,0,0,0,1,1,0,0,2,0,0,0,0,0,0,0,1,0,No,0,2,0,2,0,0,Arterial Highway,"Arterial Highway,Local Road",Undivided,Undiv,Country,Dry,Clear,1,1,75.0,41.0,2018
1271,1271,144.31861719556503,-35.9100813185212,T20180018835,2018-10-07,10,No,Collision with vehicle,Sunday,HEAD ON (NOT OVERTAKING),No,Day,T intersection,Fatal accident,100,No,Intersection,GANNAWARRA,NORTHERN REGION,2,2,2,0,0,0,1,1,0,0,2,0,0,0,0,0,0,0,1,0,No,0,2,0,2,0,0,Arterial Highway,"Arterial Highway,Local Road",Undivided,Undiv,Country,Dry,Clear,1,1,75.0,41.0,2018
1272,1272,148.39018297324162,-37.69258783470914,T20180019769,2018-10-21,13,No,Collision with a fixed object,Sunday,LEFT OFF CARRIAGEWAY INTO OBJECT/PARKED VEHICLE,No,Day,Not at intersection,Fatal accident,100,Yes,Non-Intersection,EAST GIPPSLAND,EASTERN REGION,2,2,1,1,0,0,1,1,0,1,1,0,0,0,0,0,0,0,0,0,No,0,1,0,1,0,0,Local Road,Local Road,Undivided,Undiv,Country,Dry,Clear,1,0,32.0,,2018
1273,1273,146.37848507065164,-38.160619540790854,T20180019372,2018-10-15,15,No,Collision with vehicle,Monday,HEAD ON (NOT OVERTAKING),No,Day,Not at intersection,Fatal accident,100,No,Non-Intersection,LATROBE,EASTERN REGION,7,7,1,6,0,0,2,3,0,5,2,0,0,0,0,0,0,0,0,0,No,0,2,0,2,0,0,Arterial Other,Arterial Other,Undivided,Undiv,Country,Dry,Clear,0,2,,38.5,2018
1274,1274,145.02888289960987,-37.80748059432185,T20180018477,2018-10-01,16,No,Struck Pedestrian,Monday,PED NEAR SIDE. PED HIT BY VEHICLE FROM THE RIGHT.,No,Day,Multiple intersection,Fatal accident,60,No,Intersection,BOROONDARA,METROPOLITAN SOUTH EAST REGION,2,1,1,0,0,1,1,1,0,0,1,1,0,0,0,0,0,1,0,0,No,0,1,1,0,0,0,Arterial Other,Arterial Other,Divided,"Div,Undiv",Metro,Dry,Clear,1,0,38.0,,2018
1275,1275,145.23985674457515,-37.85152259658757,T20180018041,2018-09-24,22,Yes,Collision with vehicle,Monday,CROSS TRAFFIC(INTERSECTIONS ONLY),No,Dark Street lights on,Cross intersection,Fatal accident,80,No,Intersection,KNOX,METROPOLITAN SOUTH EAST REGION,3,1,1,0,0,2,2,1,0,1,1,0,0,1,0,0,0,0,0,0,No,0,2,0,1,1,0,Arterial Other,"Arterial Other,Local Road",Divided,"Div,Undiv",Metro,Dry,Clear,2,0,43.5,,2018
1276,1276,144.88957664373763,-37.825555901780035,T20180019017,2018-10-10,12,No,Collision with vehicle,Wednesday,REAR END(VEHICLES IN SAME LANE),No,Day,Not at intersection,Fatal accident,80,No,Non-Intersection,HOBSONS BAY,METROPOLITAN NORTH WEST REGION,3,1,1,0,0,2,3,0,0,0,3,0,0,0,0,0,0,0,0,0,No,0,3,0,2,0,0,Freeway,Freeway,Divided,Div,Metro,Dry,Clear,3,0,55.33333333333334,,2018
1277,1277,145.9311488855053,-36.57181610865617,T20180018580,2018-10-03,9,No,Collision with a fixed object,Wednesday,RIGHT OFF CARRIAGEWAY INTO OBJECT/PARKED VEHICLE,No,Day,Not at intersection,Fatal accident,100,Yes,Non-Intersection,BENALLA,NORTH EASTERN REGION,1,1,1,0,0,0,1,0,0,0,1,0,0,0,0,0,0,0,0,0,No,0,1,0,1,0,0,Local Road,Local Road,Undivided,Undiv,Country,Dry,Clear,1,0,33.0,,2018
1278,1278,145.23985674457515,-37.85152259658757,T20180018149,2018-09-24,22,Yes,Struck Pedestrian,Monday,PED PLAYING/LYING/WORKING/STANDING ON CARRIAGEWAY.,No,Dark Street lights on,Cross intersection,Fatal accident,80,No,Intersection,KNOX,METROPOLITAN SOUTH EAST REGION,2,1,1,0,0,1,1,1,0,0,1,1,0,0,0,0,0,0,0,0,No,0,1,0,1,0,0,Arterial Other,"Arterial Other,Local Road",Divided,"Div,Undiv",Metro,Dry,Clear,1,0,32.0,,2018
1279,1279,143.8552581103388,-37.58193853502157,T20180019095,2018-10-11,16,No,Collision with vehicle,Thursday,HEAD ON (NOT OVERTAKING),No,Day,Not at intersection,Fatal accident,60,No,Non-Intersection,BALLARAT,WESTERN REGION,2,1,1,0,0,1,2,0,0,0,1,0,0,1,0,0,0,0,0,0,No,0,2,0,1,1,0,Local Road,Local Road,Divided,Div,Country,Dry,Clear,2,0,33.5,,2018
1280,1280,146.72512422659057,-38.2793183796154,T20180018268,2018-09-28,1,Yes,Collision with a fixed object,Friday,OFF RIGHT BEND INTO OBJECT/PARKED VEHICLE,No,Dark No street lights,Not at intersection,Fatal accident,100,Yes,Non-Intersection,WELLINGTON,EASTERN REGION,1,1,1,0,0,0,1,0,0,0,1,0,0,0,0,0,0,0,0,0,No,0,1,0,1,0,0,Local Road,Local Road,Undivided,Undiv,Country,Dry,Clear,1,0,31.0,,2018
1281,1281,146.20501048385628,-36.63732464409063,T20180018740,2018-10-05,15,No,Collision with a fixed object,Friday,RIGHT OFF CARRIAGEWAY INTO OBJECT/PARKED VEHICLE,No,Day,Not at intersection,Fatal accident,100,Yes,Non-Intersection,BENALLA,NORTH EASTERN REGION,1,1,1,0,0,0,1,0,0,0,1,0,0,0,0,0,0,0,0,1,No,0,1,0,1,0,0,Local Road,Local Road,Undivided,Undiv,Country,Dry,Clear,1,0,25.0,,2018
1282,1282,145.05403214127423,-37.960374140834155,T20180018765,2018-10-06,5,Yes,Collision with a fixed object,Saturday,RIGHT OFF CARRIAGEWAY INTO OBJECT/PARKED VEHICLE,No,Dusk/Dawn,Cross intersection,Fatal accident,80,Yes,Intersection,KINGSTON,METROPOLITAN SOUTH EAST REGION,1,1,1,0,0,0,0,1,0,0,1,0,0,0,0,0,0,0,0,1,No,1,1,0,1,0,0,Arterial Highway,"Arterial Highway,Local Road",Divided,"Div,Undiv",Metro,Dry,Not known,0,1,,25.0,2018
1283,1283,144.34221016445719,-38.11695569261651,T20190003737,2019-02-26,11,No,Struck Pedestrian,Tuesday,FAR SIDE. PED HIT BY VEHICLE FROM THE LEFT,No,Day,T intersection,Fatal accident,60,No,Intersection,GEELONG,SOUTH WESTERN REGION,2,1,1,0,0,1,1,1,0,0,1,1,0,0,0,0,0,1,1,0,No,0,1,0,1,0,0,Arterial Other,"Arterial Other,Local Road",Undivided,Undiv,Country,Dry,Clear,0,1,,80.0,2019
1284,1284,142.1153556417148,-34.223905851303556,T20190001992,2019-02-01,19,Yes,Collision with vehicle,Friday,OTHER OPPOSING MANOEUVRES NOT INCLUDED IN DCAs 120-125.,No,Day,T intersection,Fatal accident,80,No,Intersection,MILDURA,WESTERN REGION,2,2,1,0,1,0,2,0,0,0,2,0,0,0,0,0,0,0,1,1,No,0,2,0,1,0,0,Arterial Highway,"Arterial Highway,Local Road",Undivided,Undiv,Country,Dry,Clear,2,0,51.5,,2019
1285,1285,143.23953791578012,-38.333635171306774,T20190002017,2019-02-02,3,Yes,Vehicle overturned (no collision),Saturday,OFF CARRIAGEWAY ON LEFT BEND,No,Dark No street lights,Not at intersection,Fatal accident,100,Yes,Non-Intersection,CORANGAMITE,SOUTH WESTERN REGION,1,1,1,0,0,0,1,0,0,0,1,0,0,0,0,0,0,0,0,0,No,0,1,0,1,0,0,Arterial Other,Arterial Other,Undivided,Undiv,Country,Dry,Clear,1,0,40.0,,2019
1286,1286,143.84933783300215,-37.83606808828117,T20190001468,2019-01-25,3,Yes,Vehicle overturned (no collision),Friday,OFF CARRIAGEWAY TO RIGHT,No,Dark No street lights,Not at intersection,Fatal accident,100,Yes,Non-Intersection,GOLDEN PLAINS,SOUTH WESTERN REGION,1,1,1,0,0,0,0,1,0,0,1,0,0,0,0,0,0,0,0,0,No,0,1,0,1,0,0,Local Road,Local Road,Undivided,Undiv,Country,Dry,Clear,0,1,,26.0,2019
1287,1287,144.53690290678415,-37.686326238678795,T20190002189,2019-02-04,21,Yes,Collision with a fixed object,Monday,LEFT OFF CARRIAGEWAY INTO OBJECT/PARKED VEHICLE,No,Dark No street lights,Not at intersection,Fatal accident,80,Yes,Non-Intersection,MELTON,METROPOLITAN NORTH WEST REGION,4,4,1,3,0,0,2,2,0,3,1,0,0,0,0,0,0,0,0,0,No,0,1,0,1,0,0,Local Road,Local Road,Undivided,Undiv,Metro,Dry,Clear,1,0,45.0,,2019
1288,1288,147.18930036944667,-37.61532898854044,T20190001578,2019-01-26,14,Yes,Collision with a fixed object,Saturday,OFF LEFT BEND INTO OBJECT/PARKED VEHICLE,No,Day,Not at intersection,Fatal accident,100,Yes,Non-Intersection,EAST GIPPSLAND,EASTERN REGION,1,1,1,0,0,0,1,0,0,0,0,0,0,1,0,0,0,0,0,0,No,0,1,0,0,1,0,Arterial Other,Arterial Other,Undivided,Undiv,Country,Dry,Clear,1,0,59.0,,2019
1289,1289,144.64088246039302,-38.19633059832589,T20190002234,2019-02-05,22,Yes,Collision with vehicle,Tuesday,CROSS TRAFFIC(INTERSECTIONS ONLY),No,Dark No street lights,Cross intersection,Fatal accident,100,No,Intersection,GEELONG,SOUTH WESTERN REGION,2,2,2,0,0,0,1,1,0,0,2,0,0,0,0,0,0,0,0,0,No,0,2,0,2,0,0,Arterial Other,"Arterial Other,Local Road",Undivided,Undiv,Country,Dry,Clear,1,1,34.0,63.0,2019
1290,1290,144.64088246039302,-38.19633059832589,T20190002234,2019-02-05,22,Yes,Collision with vehicle,Tuesday,CROSS TRAFFIC(INTERSECTIONS ONLY),No,Dark No street lights,Cross intersection,Fatal accident,100,No,Intersection,GEELONG,SOUTH WESTERN REGION,2,2,2,0,0,0,1,1,0,0,2,0,0,0,0,0,0,0,0,0,No,0,2,0,2,0,0,Arterial Other,"Arterial Other,Local Road",Undivided,Undiv,Country,Dry,Clear,1,1,34.0,63.0,2019
1291,1291,144.64088246039302,-38.19633059832589,T20190002234,2019-02-05,22,Yes,Collision with vehicle,Tuesday,CROSS TRAFFIC(INTERSECTIONS ONLY),No,Dark No street lights,Cross intersection,Fatal accident,100,No,Intersection,GEELONG,SOUTH WESTERN REGION,2,2,2,0,0,0,1,1,0,0,2,0,0,0,0,0,0,0,0,0,No,0,2,0,2,0,0,Arterial Other,"Arterial Other,Local Road",Undivided,Undiv,Country,Dry,Strong winds,1,1,34.0,63.0,2019
1292,1292,144.64088246039302,-38.19633059832589,T20190002234,2019-02-05,22,Yes,Collision with vehicle,Tuesday,CROSS TRAFFIC(INTERSECTIONS ONLY),No,Dark No street lights,Cross intersection,Fatal accident,100,No,Intersection,GEELONG,SOUTH WESTERN REGION,2,2,2,0,0,0,1,1,0,0,2,0,0,0,0,0,0,0,0,0,No,0,2,0,2,0,0,Arterial Other,"Arterial Other,Local Road",Undivided,Undiv,Country,Dry,Strong winds,1,1,34.0,63.0,2019
1293,1293,145.39242915118191,-37.537218645446345,T20190002237,2019-02-05,23,Yes,Collision with a fixed object,Tuesday,OFF RIGHT BEND INTO OBJECT/PARKED VEHICLE,No,Dark No street lights,Not at intersection,Fatal accident,Not known,Yes,Non-Intersection,MURRINDINDI,NORTH EASTERN REGION,1,1,1,0,0,0,1,0,0,0,1,0,0,0,0,0,0,0,0,0,No,0,1,0,1,0,0,Local Road,Local Road,Undivided,Undiv,Country,Dry,Clear,1,0,39.0,,2019
1294,1294,144.6750188424615,-37.254369304117056,T20190002791,2019-02-13,14,No,Collision with a fixed object,Wednesday,OFF RIGHT BEND INTO OBJECT/PARKED VEHICLE,No,Day,Not at intersection,Fatal accident,100,Yes,Non-Intersection,MACEDON RANGES,NORTHERN REGION,2,2,2,0,0,0,1,1,0,1,1,0,0,0,0,0,0,0,1,0,No,0,1,0,1,0,0,Local Road,Local Road,Undivided,Undiv,Country,Dry,Clear,1,0,87.0,,2019
1295,1295,144.6750188424615,-37.254369304117056,T20190002791,2019-02-13,14,No,Collision with a fixed object,Wednesday,OFF RIGHT BEND INTO OBJECT/PARKED VEHICLE,No,Day,Not at intersection,Fatal accident,100,Yes,Non-Intersection,MACEDON RANGES,NORTHERN REGION,2,2,2,0,0,0,1,1,0,1,1,0,0,0,0,0,0,0,1,0,No,0,1,0,1,0,0,Local Road,Local Road,Undivided,Undiv,Country,Dry,Clear,1,0,87.0,,2019
1296,1296,145.14485794715654,-37.66024128678951,T20190001629,2019-01-27,13,No,Collision with a fixed object,Sunday,OFF RIGHT BEND INTO OBJECT/PARKED VEHICLE,No,Day,Not at intersection,Fatal accident,80,Yes,Non-Intersection,NILLUMBIK,METROPOLITAN NORTH WEST REGION,1,1,1,0,0,0,1,0,0,0,0,0,0,1,0,0,0,0,0,0,No,0,1,0,0,1,0,Local Road,Local Road,Undivided,Undiv,Metro,Dry,Clear,1,0,65.0,,2019
1297,1297,145.33892800380815,-37.86066338070634,T20190002873,2019-02-14,18,Yes,Collision with vehicle,Thursday,HEAD ON (NOT OVERTAKING),No,Day,T intersection,Fatal accident,70,No,Intersection,YARRA RANGES,METROPOLITAN SOUTH EAST REGION,2,1,1,0,0,1,1,1,0,0,1,0,0,1,0,0,0,0,0,0,No,0,2,0,1,1,0,Arterial Other,"Arterial Other,Local Road",Undivided,Undiv,Metro,Dry,Clear,1,1,28.0,57.0,2019
1298,1298,144.21580904879102,-37.89146318970955,T20190001692,2019-01-28,12,No,Collision with vehicle,Monday,HEAD ON (NOT OVERTAKING),No,Day,Not at intersection,Fatal accident,100,No,Non-Intersection,GOLDEN PLAINS,SOUTH WESTERN REGION,3,3,1,2,0,0,2,1,0,1,2,0,0,0,0,0,0,0,1,0,No,0,2,0,2,0,0,Local Road,Local Road,Undivided,Undiv,Country,Dry,Clear,2,0,62.0,,2019
1299,1299,141.7446663804877,-38.248683519516476,T20190001196,2019-01-20,21,No,Collision with vehicle,Sunday,HEAD ON (NOT OVERTAKING),No,Dark No street lights,Not at intersection,Fatal accident,100,No,Non-Intersection,GLENELG,SOUTH WESTERN REGION,2,2,1,1,0,0,2,0,0,0,1,0,0,1,0,0,0,0,0,0,No,0,2,0,1,1,0,Arterial Highway,Arterial Highway,Undivided,Undiv,Country,Dry,Clear,2,0,46.5,,2019
1300,1300,144.60961550990726,-37.65855189271803,T20190001325,2019-01-22,19,Yes,Collision with a fixed object,Tuesday,RIGHT OFF CARRIAGEWAY INTO OBJECT/PARKED VEHICLE,No,Day,Not at intersection,Fatal accident,50,Yes,Non-Intersection,MELTON,METROPOLITAN NORTH WEST REGION,1,1,1,0,0,0,1,0,0,0,0,0,0,1,0,0,0,0,0,0,No,0,1,0,0,1,0,Local Road,Local Road,Undivided,Undiv,Metro,Dry,Clear,1,0,62.0,,2019
1301,1301,145.0318619277273,-36.44081464152127,T20190001893,2019-01-31,14,No,Collision with a fixed object,Thursday,LEFT OFF CARRIAGEWAY INTO OBJECT/PARKED VEHICLE,No,Day,Cross intersection,Fatal accident,100,Yes,Intersection,CAMPASPE,NORTHERN REGION,1,1,1,0,0,0,1,0,0,0,0,0,0,1,0,0,0,0,0,0,No,0,1,0,0,1,0,Arterial Highway,"Arterial Highway,Local Road",Undivided,Undiv,Country,Dry,Clear,1,0,57.0,,2019
1302,1302,144.60724693239084,-37.77971217508805,T20190001906,2019-01-31,15,No,Collision with a fixed object,Thursday,LEFT OFF CARRIAGEWAY INTO OBJECT/PARKED VEHICLE,No,Day,Not at intersection,Fatal accident,80,Yes,Non-Intersection,MELTON,METROPOLITAN NORTH WEST REGION,1,1,1,0,0,0,1,0,0,0,1,0,0,0,0,0,0,0,0,0,No,0,1,0,1,0,0,Local Road,Local Road,Undivided,Undiv,Metro,Dry,Clear,1,0,38.0,,2019
1303,1303,145.23023743533736,-36.61567354737252,T20190001914,2019-01-31,3,Yes,Struck Pedestrian,Thursday,PED NEAR SIDE. PED HIT BY VEHICLE FROM THE RIGHT.,No,Dark No street lights,Not at intersection,Fatal accident,80,No,Non-Intersection,SHEPPARTON,NORTH EASTERN REGION,2,1,1,0,0,1,2,0,0,0,1,1,0,0,0,0,0,0,1,0,No,0,1,1,0,0,0,Arterial Other,Arterial Other,Undivided,Undiv,Country,Dry,Clear,1,0,76.0,,2019
1304,1304,145.28790358462982,-37.81825343732317,T20190001371,2019-01-23,14,No,Collision with vehicle,Wednesday,RIGHT THROUGH,No,Day,T intersection,Fatal accident,80,No,Intersection,MAROONDAH,METROPOLITAN SOUTH EAST REGION,2,1,1,0,0,1,2,0,0,0,2,0,0,0,0,0,0,0,1,0,No,0,2,1,1,0,0,Arterial Other,"Arterial Other,Local Road",Divided,"Div,Undiv",Metro,Dry,Clear,2,0,62.5,,2019